split,voice,layer,mean_type,edited_role,count,raw_mean_logit_diff_change,soft_tpr_mean_logit_diff_change,difference_mean_logit_diff_change,raw_intervened_patient_preference_rate,soft_tpr_intervened_patient_preference_rate,difference_intervened_patient_preference_rate,raw_agent_to_patient_flip_rate,soft_tpr_agent_to_patient_flip_rate,difference_agent_to_patient_flip_rate,baseline_agent_preference_rate,raw_conditional_flip_rate,soft_tpr_conditional_flip_rate,difference_conditional_flip_rate
gen_test,active,0,by_voice,agent,864,0.02044869131512112,0.020475839023236877,2.7147708115755204e-05,0.5324074074074074,0.5324074074074074,0.0,0.01273148148148148,0.01273148148148148,0.0,0.47800925925925924,0.026634382566585957,0.026634382566585957,0.0
gen_test,active,0,by_voice,patient,864,0.011797472834587097,0.011308302481969198,-0.000489170352617899,0.5289351851851852,0.5289351851851852,0.0,0.011574074074074073,0.011574074074074073,0.0,0.47800925925925924,0.024213075060532687,0.024213075060532687,0.0
gen_test,active,0,pooled,agent,864,0.007449886313191167,0.007391565375857883,-5.832093733328363e-05,0.5219907407407407,0.5219907407407407,0.0,0.0011574074074074073,0.0011574074074074073,0.0,0.47800925925925924,0.002421307506053269,0.002421307506053269,0.0
gen_test,active,0,pooled,patient,864,0.002389878586486534,0.002821749007260358,0.00043187042077382377,0.5219907407407407,0.5219907407407407,0.0,0.0011574074074074073,0.0011574074074074073,0.0,0.47800925925925924,0.002421307506053269,0.002421307506053269,0.0
gen_test,active,1,by_voice,agent,864,-0.05798600172555005,-0.05873270443192235,-0.0007467027063722959,0.5081018518518519,0.5081018518518519,0.0,0.0011574074074074073,0.0011574074074074073,0.0,0.47800925925925924,0.002421307506053269,0.002421307506053269,0.0
gen_test,active,1,by_voice,patient,864,-0.047833925044095074,-0.047978403943556326,-0.00014447889946125198,0.5092592592592593,0.5081018518518519,-0.0011574074074074403,0.0011574074074074073,0.0011574074074074073,0.0,0.47800925925925924,0.002421307506053269,0.002421307506053269,0.0
gen_test,active,1,pooled,agent,864,0.011209680526344865,0.01159797884799816,0.00038829832165329474,0.5231481481481481,0.5243055555555556,0.0011574074074074403,0.0023148148148148147,0.0023148148148148147,0.0,0.47800925925925924,0.004842615012106538,0.004842615012106538,0.0
gen_test,active,1,pooled,patient,864,0.008429870009422302,0.008917885797995108,0.00048801578857280564,0.5254629629629629,0.5254629629629629,0.0,0.003472222222222222,0.003472222222222222,0.0,0.47800925925925924,0.007263922518159806,0.007263922518159806,0.0
gen_test,active,10,by_voice,agent,864,-0.16490259380252273,-0.16533264959300006,-0.000430055790477335,0.4583333333333333,0.4583333333333333,0.0,0.011574074074074073,0.011574074074074073,0.0,0.47800925925925924,0.024213075060532687,0.024213075060532687,0.0
gen_test,active,10,by_voice,patient,864,-0.014327908555666605,-0.016052472370642203,-0.0017245638149755976,0.5011574074074074,0.5011574074074074,0.0,0.046296296296296294,0.046296296296296294,0.0,0.47800925925925924,0.09685230024213075,0.09685230024213075,0.0
gen_test,active,10,pooled,agent,864,0.0229176194579513,0.019686114456918504,-0.0032315050010327945,0.5277777777777778,0.5277777777777778,0.0,0.006944444444444444,0.006944444444444444,0.0,0.47800925925925924,0.014527845036319612,0.014527845036319612,0.0
gen_test,active,10,pooled,patient,864,0.06809176504611969,0.06227934470883122,-0.005812420337288467,0.5393518518518519,0.5347222222222222,-0.00462962962962965,0.017361111111111112,0.013888888888888888,-0.0034722222222222238,0.47800925925925924,0.036319612590799036,0.029055690072639223,-0.007263922518159813
gen_test,active,11,by_voice,agent,864,-0.2186361738929042,-0.2205727552926099,-0.001936581399705678,0.4525462962962963,0.4525462962962963,0.0,0.01273148148148148,0.01273148148148148,0.0,0.47800925925925924,0.026634382566585957,0.026634382566585957,0.0
gen_test,active,11,by_voice,patient,864,-0.08077020170512023,-0.08236713541878594,-0.0015969337136657186,0.4895833333333333,0.49074074074074076,0.0011574074074074403,0.03587962962962963,0.03587962962962963,0.0,0.47800925925925924,0.07506053268765134,0.07506053268765134,0.0
gen_test,active,11,pooled,agent,864,0.02999342481295268,0.02754717016661609,-0.0024462546463365903,0.53125,0.5324074074074074,0.0011574074074074403,0.010416666666666666,0.011574074074074073,0.0011574074074074073,0.47800925925925924,0.021791767554479417,0.024213075060532687,0.0024213075060532697
gen_test,active,11,pooled,patient,864,0.09171003765530056,0.08646562640313749,-0.005244411252163073,0.5462962962962963,0.5451388888888888,-0.0011574074074074403,0.024305555555555556,0.023148148148148147,-0.001157407407407409,0.47800925925925924,0.05084745762711865,0.048426150121065374,-0.0024213075060532732
gen_test,active,12,by_voice,agent,864,-0.40185603223465105,-0.4046567728122075,-0.002800740577556471,0.3923611111111111,0.3912037037037037,-0.0011574074074073848,0.006944444444444444,0.006944444444444444,0.0,0.47800925925925924,0.014527845036319612,0.014527845036319612,0.0
gen_test,active,12,by_voice,patient,864,-0.28550405689963587,-0.2833389319755413,0.002165124924094597,0.4201388888888889,0.4201388888888889,0.0,0.017361111111111112,0.017361111111111112,0.0,0.47800925925925924,0.036319612590799036,0.036319612590799036,0.0
gen_test,active,12,pooled,agent,864,-0.006494613157378303,-0.006344566190684283,0.00015004696669402,0.5185185185185185,0.5185185185185185,0.0,0.003472222222222222,0.003472222222222222,0.0,0.47800925925925924,0.007263922518159806,0.007263922518159806,0.0
gen_test,active,12,pooled,patient,864,0.03497840960820516,0.0326931807729933,-0.002285228835211865,0.5300925925925926,0.53125,0.0011574074074074403,0.010416666666666666,0.011574074074074073,0.0011574074074074073,0.47800925925925924,0.021791767554479417,0.024213075060532687,0.0024213075060532697
gen_test,active,13,by_voice,agent,864,-0.39305745010022763,-0.39810105937498586,-0.005043609274758221,0.39814814814814814,0.39699074074074076,-0.0011574074074073848,0.005787037037037037,0.005787037037037037,0.0,0.47800925925925924,0.012106537530266344,0.012106537530266344,0.0
gen_test,active,13,by_voice,patient,864,-0.2968896268694489,-0.30146961962735214,-0.004579992757903217,0.42476851851851855,0.42476851851851855,0.0,0.01273148148148148,0.01273148148148148,0.0,0.47800925925925924,0.026634382566585957,0.026634382566585957,0.0
gen_test,active,13,pooled,agent,864,0.0011286812799948234,0.0015481042641180534,0.00041942298412323,0.5185185185185185,0.5185185185185185,0.0,0.006944444444444444,0.006944444444444444,0.0,0.47800925925925924,0.014527845036319612,0.014527845036319612,0.0
gen_test,active,13,pooled,patient,864,0.04415534491892214,0.04424281694270946,8.747202378732444e-05,0.53125,0.5300925925925926,-0.0011574074074074403,0.013888888888888888,0.013888888888888888,0.0,0.47800925925925924,0.029055690072639223,0.029055690072639223,0.0
gen_test,active,14,by_voice,agent,864,-0.2248521524446982,-0.22184095945623186,0.0030111929884663324,0.4548611111111111,0.4548611111111111,0.0,0.01273148148148148,0.01273148148148148,0.0,0.47800925925925924,0.026634382566585957,0.026634382566585957,0.0
gen_test,active,14,by_voice,patient,864,-0.16756252392574592,-0.1631986520908497,0.004363871834896227,0.4710648148148148,0.4710648148148148,0.0,0.011574074074074073,0.011574074074074073,0.0,0.47800925925925924,0.024213075060532687,0.024213075060532687,0.0
gen_test,active,14,pooled,agent,864,-0.016648623126524466,-0.016782910183623986,-0.00013428705709951985,0.5162037037037037,0.5162037037037037,0.0,0.005787037037037037,0.005787037037037037,0.0,0.47800925925925924,0.012106537530266344,0.012106537530266344,0.0
gen_test,active,14,pooled,patient,864,0.0524189880600682,0.051054276801921705,-0.0013647112581464949,0.5300925925925926,0.5300925925925926,0.0,0.01273148148148148,0.01273148148148148,0.0,0.47800925925925924,0.026634382566585957,0.026634382566585957,0.0
gen_test,active,15,by_voice,agent,864,-0.34867801931169295,-0.3521952987821014,-0.0035172794704084187,0.4131944444444444,0.4131944444444444,0.0,0.003472222222222222,0.003472222222222222,0.0,0.47800925925925924,0.007263922518159806,0.007263922518159806,0.0
gen_test,active,15,by_voice,patient,864,-0.3172213545552007,-0.3220042939539309,-0.004782939398730202,0.4201388888888889,0.41550925925925924,-0.00462962962962965,0.004629629629629629,0.003472222222222222,-0.0011574074074074073,0.47800925925925924,0.009685230024213076,0.007263922518159806,-0.0024213075060532697
gen_test,active,15,pooled,agent,864,-0.02151689098940955,-0.02323494851589203,-0.0017180575264824777,0.5150462962962963,0.5150462962962963,0.0,0.005787037037037037,0.005787037037037037,0.0,0.47800925925925924,0.012106537530266344,0.012106537530266344,0.0
gen_test,active,15,pooled,patient,864,0.04948923874784399,0.04757459627257453,-0.0019146424752694638,0.5289351851851852,0.5266203703703703,-0.0023148148148148806,0.015046296296296295,0.013888888888888888,-0.0011574074074074073,0.47800925925925924,0.031476997578692496,0.029055690072639223,-0.0024213075060532732
gen_test,active,16,by_voice,agent,864,-0.4007760264255382,-0.3920322965692591,0.008743729856279137,0.3888888888888889,0.3912037037037037,0.002314814814814825,0.0,0.0,0.0,0.47800925925925924,0.0,0.0,0.0
gen_test,active,16,by_voice,patient,864,-0.3690388246818825,-0.355900588410872,0.013138236271010462,0.37962962962962965,0.3854166666666667,0.005787037037037035,0.0023148148148148147,0.0023148148148148147,0.0,0.47800925925925924,0.004842615012106538,0.004842615012106538,0.0
gen_test,active,16,pooled,agent,864,-0.025763974145606713,-0.017788806447276363,0.00797516769833035,0.5150462962962963,0.5162037037037037,0.0011574074074074403,0.006944444444444444,0.006944444444444444,0.0,0.47800925925925924,0.014527845036319612,0.014527845036319612,0.0
gen_test,active,16,pooled,patient,864,0.021177708550735756,0.031627062846113135,0.01044935429537738,0.5138888888888888,0.5196759259259259,0.0057870370370370905,0.008101851851851851,0.010416666666666666,0.0023148148148148147,0.47800925925925924,0.01694915254237288,0.021791767554479417,0.004842615012106536
gen_test,active,17,by_voice,agent,864,-0.4452717552582423,-0.4504714575078752,-0.005199702249632898,0.3773148148148148,0.375,-0.002314814814814825,0.0011574074074074073,0.0011574074074074073,0.0,0.47800925925925924,0.002421307506053269,0.002421307506053269,0.0
gen_test,active,17,by_voice,patient,864,-0.6005315259099007,-0.6094747914208306,-0.008943265510929943,0.30671296296296297,0.30439814814814814,-0.002314814814814825,0.0011574074074074073,0.0011574074074074073,0.0,0.47800925925925924,0.002421307506053269,0.002421307506053269,0.0
gen_test,active,17,pooled,agent,864,-0.041356619309495996,-0.04598651219297339,-0.004629892883477392,0.5057870370370371,0.5034722222222222,-0.0023148148148148806,0.005787037037037037,0.004629629629629629,-0.0011574074074074073,0.47800925925925924,0.012106537530266344,0.009685230024213076,-0.002421307506053268
gen_test,active,17,pooled,patient,864,0.016757928662829928,0.015346238458598102,-0.001411690204231826,0.5150462962962963,0.5138888888888888,-0.0011574074074074403,0.010416666666666666,0.010416666666666666,0.0,0.47800925925925924,0.021791767554479417,0.021791767554479417,0.0
gen_test,active,18,by_voice,agent,864,-0.5699395918183856,-0.5669769313600328,0.002962660458352806,0.3414351851851852,0.3460648148148148,0.00462962962962965,0.0011574074074074073,0.0011574074074074073,0.0,0.47800925925925924,0.002421307506053269,0.002421307506053269,0.0
gen_test,active,18,by_voice,patient,864,-0.6547452788110133,-0.6565838649317071,-0.0018385861206937637,0.29282407407407407,0.2916666666666667,-0.0011574074074073848,0.0,0.0,0.0,0.47800925925925924,0.0,0.0,0.0
gen_test,active,18,pooled,agent,864,-0.016461705168088276,-0.01893249926743684,-0.0024707940993485625,0.5173611111111112,0.5150462962962963,-0.0023148148148148806,0.009259259259259259,0.008101851851851851,-0.0011574074074074073,0.47800925925925924,0.01937046004842615,0.01694915254237288,-0.0024213075060532697
gen_test,active,18,pooled,patient,864,0.016574352979660034,0.015097580022282071,-0.0014767729573779628,0.5185185185185185,0.5196759259259259,0.0011574074074074403,0.011574074074074073,0.010416666666666666,-0.0011574074074074073,0.47800925925925924,0.024213075060532687,0.021791767554479417,-0.0024213075060532697
gen_test,active,19,by_voice,agent,864,-0.42291308994646426,-0.41912657795129,0.0037865119951742687,0.3715277777777778,0.3726851851851852,0.0011574074074073848,0.0,0.0,0.0,0.47800925925925924,0.0,0.0,0.0
gen_test,active,19,by_voice,patient,864,-0.5981524973003952,-0.5964771564360019,0.0016753408643933598,0.30787037037037035,0.30671296296296297,-0.0011574074074073848,0.0011574074074074073,0.0011574074074074073,0.0,0.47800925925925924,0.002421307506053269,0.002421307506053269,0.0
gen_test,active,19,pooled,agent,864,-0.015641417768266466,-0.020930262075530157,-0.005288844307263691,0.5150462962962963,0.5150462962962963,0.0,0.009259259259259259,0.009259259259259259,0.0,0.47800925925925924,0.01937046004842615,0.01937046004842615,0.0
gen_test,active,19,pooled,patient,864,0.03526688118775686,0.03721968553684376,0.0019528043490869007,0.5185185185185185,0.5185185185185185,0.0,0.011574074074074073,0.011574074074074073,0.0,0.47800925925925924,0.024213075060532687,0.024213075060532687,0.0
gen_test,active,2,by_voice,agent,864,-0.14215188169920887,-0.14308911010071082,-0.000937228401501955,0.47453703703703703,0.47453703703703703,0.0,0.0,0.0,0.0,0.47800925925925924,0.0,0.0,0.0
gen_test,active,2,by_voice,patient,864,-0.06562799215316772,-0.06606100720387918,-0.00043301505071145774,0.5034722222222222,0.5034722222222222,0.0,0.0023148148148148147,0.0023148148148148147,0.0,0.47800925925925924,0.004842615012106538,0.004842615012106538,0.0
gen_test,active,2,pooled,agent,864,0.010399765990398548,0.009903812298068294,-0.0004959536923302543,0.5243055555555556,0.5243055555555556,0.0,0.0023148148148148147,0.0023148148148148147,0.0,0.47800925925925924,0.004842615012106538,0.004842615012106538,0.0
gen_test,active,2,pooled,patient,864,-0.0006144035745550085,-0.0006029081565362436,1.1495418018764932e-05,0.5219907407407407,0.5219907407407407,0.0,0.0023148148148148147,0.0023148148148148147,0.0,0.47800925925925924,0.004842615012106538,0.004842615012106538,0.0
gen_test,active,20,by_voice,agent,864,-0.29308147148953545,-0.3082060546234802,-0.015124583133944769,0.42939814814814814,0.4212962962962963,-0.00810185185185186,0.016203703703703703,0.013888888888888888,-0.0023148148148148147,0.47800925925925924,0.03389830508474576,0.029055690072639223,-0.0048426150121065395
gen_test,active,20,by_voice,patient,864,-0.7715231362316344,-0.7812588794363869,-0.009735743204752567,0.26157407407407407,0.26157407407407407,0.0,0.005787037037037037,0.004629629629629629,-0.0011574074074074073,0.47800925925925924,0.012106537530266344,0.009685230024213076,-0.002421307506053268
gen_test,active,20,pooled,agent,864,-0.040651502984541434,-0.04309662403883757,-0.0024451210542961385,0.5069444444444444,0.5069444444444444,0.0,0.006944444444444444,0.006944444444444444,0.0,0.47800925925925924,0.014527845036319612,0.014527845036319612,0.0
gen_test,active,20,pooled,patient,864,-0.05883068398193077,-0.057883780311655114,0.0009469036702756534,0.4976851851851852,0.49537037037037035,-0.002314814814814825,0.009259259259259259,0.009259259259259259,0.0,0.47800925925925924,0.01937046004842615,0.01937046004842615,0.0
gen_test,active,21,by_voice,agent,864,-0.1512495759460661,-0.16159692075517443,-0.010347344809108316,0.49074074074074076,0.48842592592592593,-0.002314814814814825,0.04282407407407408,0.04050925925925926,-0.002314814814814818,0.47800925925925924,0.08958837772397095,0.0847457627118644,-0.0048426150121065464
gen_test,active,21,by_voice,patient,864,-0.18316325103795086,-0.19677271721539674,-0.013609466177445878,0.45717592592592593,0.4537037037037037,-0.00347222222222221,0.03009259259259259,0.027777777777777776,-0.0023148148148148147,0.47800925925925924,0.06295399515738499,0.058111380145278446,-0.0048426150121065464
gen_test,active,21,pooled,agent,864,0.04145867405114351,0.03859355549017588,-0.0028651185609676263,0.5405092592592593,0.5393518518518519,-0.0011574074074074403,0.024305555555555556,0.024305555555555556,0.0,0.47800925925925924,0.05084745762711865,0.05084745762711865,0.0
gen_test,active,21,pooled,patient,864,-0.011751899012812862,-0.01455096514136703,-0.0027990661285541684,0.5277777777777778,0.5266203703703703,-0.0011574074074074403,0.009259259259259259,0.009259259259259259,0.0,0.47800925925925924,0.01937046004842615,0.01937046004842615,0.0
gen_test,active,22,by_voice,agent,864,0.2607687325389297,0.24280087705011721,-0.017967855488812468,0.5949074074074074,0.5856481481481481,-0.0092592592592593,0.09953703703703703,0.09259259259259259,-0.0069444444444444475,0.47800925925925924,0.20823244552058112,0.1937046004842615,-0.014527845036319625
gen_test,active,22,by_voice,patient,864,-0.13565976365848822,-0.13706261305897324,-0.0014028494004850178,0.45717592592592593,0.45949074074074076,0.002314814814814825,0.034722222222222224,0.03587962962962963,0.0011574074074074056,0.47800925925925924,0.07263922518159807,0.07506053268765134,0.0024213075060532663
gen_test,active,22,pooled,agent,864,0.04452999046555272,0.041289003358946905,-0.003240987106605815,0.5370370370370371,0.5358796296296297,-0.0011574074074074403,0.027777777777777776,0.02662037037037037,-0.0011574074074074056,0.47800925925925924,0.058111380145278446,0.05569007263922519,-0.0024213075060532593
gen_test,active,22,pooled,patient,864,-0.023531992678289062,-0.028447497774053504,-0.004915505095764442,0.5115740740740741,0.5150462962962963,0.00347222222222221,0.011574074074074073,0.013888888888888888,0.0023148148148148147,0.47800925925925924,0.024213075060532687,0.029055690072639223,0.004842615012106536
gen_test,active,23,by_voice,agent,864,0.5363091876109441,0.5346801865983892,-0.0016290010125549204,0.6643518518518519,0.6620370370370371,-0.0023148148148147696,0.14699074074074073,0.14583333333333334,-0.0011574074074073848,0.47800925925925924,0.3075060532687651,0.3050847457627119,-0.0024213075060532385
gen_test,active,23,by_voice,patient,864,-0.2741483626542268,-0.2790435122119056,-0.00489514955767878,0.42592592592592593,0.4270833333333333,0.0011574074074073848,0.017361111111111112,0.016203703703703703,-0.001157407407407409,0.47800925925925924,0.036319612590799036,0.03389830508474576,-0.0024213075060532732
gen_test,active,23,pooled,agent,864,-0.012608811259269714,-0.020195479194323223,-0.007586667935053509,0.5127314814814815,0.5104166666666666,-0.0023148148148148806,0.017361111111111112,0.016203703703703703,-0.001157407407407409,0.47800925925925924,0.036319612590799036,0.03389830508474576,-0.0024213075060532732
gen_test,active,23,pooled,patient,864,-0.053202643438621806,-0.05237403843137953,0.0008286050072422793,0.5057870370370371,0.5069444444444444,0.0011574074074073293,0.010416666666666666,0.009259259259259259,-0.0011574074074074073,0.47800925925925924,0.021791767554479417,0.01937046004842615,-0.0024213075060532663
gen_test,active,24,by_voice,agent,864,0.631372023511816,0.625218215363997,-0.006153808147818962,0.6793981481481481,0.6782407407407407,-0.0011574074074074403,0.1597222222222222,0.15856481481481483,-0.0011574074074073848,0.47800925925925924,0.3341404358353511,0.33171912832929784,-0.0024213075060532385
gen_test,active,24,by_voice,patient,864,-0.10231276242821305,-0.10935515110139493,-0.007042388673181882,0.47453703703703703,0.4756944444444444,0.0011574074074073848,0.04398148148148148,0.041666666666666664,-0.002314814814814818,0.47800925925925924,0.09200968523002422,0.08716707021791767,-0.0048426150121065464
gen_test,active,24,pooled,agent,864,0.1751593119568295,0.16343400379021963,-0.011725308166609855,0.5729166666666666,0.5694444444444444,-0.00347222222222221,0.05555555555555555,0.052083333333333336,-0.003472222222222217,0.47800925925925924,0.11622276029055689,0.10895883777239711,-0.007263922518159785
gen_test,active,24,pooled,patient,864,-0.018923883084897643,-0.021246465819853323,-0.0023225827349556798,0.5115740740740741,0.5150462962962963,0.00347222222222221,0.020833333333333332,0.02199074074074074,0.001157407407407409,0.47800925925925924,0.043583535108958835,0.04600484261501211,0.0024213075060532732
gen_test,active,25,by_voice,agent,864,0.5118304684206292,0.5077100887342736,-0.004120379686355591,0.6539351851851852,0.6550925925925926,0.0011574074074073293,0.13310185185185186,0.13310185185185186,0.0,0.47800925925925924,0.2784503631961259,0.2784503631961259,0.0
gen_test,active,25,by_voice,patient,864,0.22128965346901505,0.22504547072781456,0.0037558172587995042,0.5763888888888888,0.5775462962962963,0.0011574074074074403,0.0763888888888889,0.0775462962962963,0.0011574074074073987,0.47800925925925924,0.15980629539951577,0.162227602905569,0.0024213075060532385
gen_test,active,25,pooled,agent,864,0.22147205582371465,0.22969350549909803,0.00822144967538338,0.5891203703703703,0.5925925925925926,0.00347222222222221,0.06712962962962964,0.07060185185185185,0.00347222222222221,0.47800925925925924,0.1404358353510896,0.14769975786924938,0.007263922518159771
gen_test,active,25,pooled,patient,864,0.08188627549895534,0.0800102452437083,-0.0018760302552470465,0.5532407407407407,0.5520833333333334,-0.0011574074074073293,0.03587962962962963,0.034722222222222224,-0.0011574074074074056,0.47800925925925924,0.07506053268765134,0.07263922518159807,-0.0024213075060532663
gen_test,active,26,by_voice,agent,864,0.5813211757275794,0.583775140621044,0.0024539648934646108,0.6793981481481481,0.6793981481481481,0.0,0.1574074074074074,0.1574074074074074,0.0,0.47800925925925924,0.32929782082324455,0.32929782082324455,0.0
gen_test,active,26,by_voice,patient,864,0.18669899304707846,0.1854641768667433,-0.0012348161803351632,0.5613425925925926,0.5601851851851852,-0.0011574074074073293,0.07407407407407407,0.07407407407407407,0.0,0.47800925925925924,0.1549636803874092,0.1549636803874092,0.0
gen_test,active,26,pooled,agent,864,0.2938374286448514,0.30043151864299067,0.006594089998139263,0.6041666666666666,0.6041666666666666,0.0,0.08333333333333333,0.08333333333333333,0.0,0.47800925925925924,0.17433414043583534,0.17433414043583534,0.0
gen_test,active,26,pooled,patient,864,0.18735789424843258,0.1905771979579219,0.003219303709489335,0.5810185185185185,0.5833333333333334,0.0023148148148148806,0.07175925925925926,0.07175925925925926,0.0,0.47800925925925924,0.15012106537530268,0.15012106537530268,0.0
gen_test,active,27,by_voice,agent,864,0.45150624684713503,0.44776637521055007,-0.003739871636584957,0.6412037037037037,0.6435185185185185,0.0023148148148147696,0.11921296296296297,0.12152777777777778,0.0023148148148148112,0.47800925925925924,0.2493946731234867,0.2542372881355932,0.004842615012106505
gen_test,active,27,by_voice,patient,864,0.029869294276943913,0.031321527229415044,0.001452232952471131,0.53125,0.53125,0.0,0.05324074074074074,0.05324074074074074,0.0,0.47800925925925924,0.11138014527845037,0.11138014527845037,0.0
gen_test,active,27,pooled,agent,864,0.20423097963686343,0.20553014123881305,0.0012991616019496222,0.5821759259259259,0.5821759259259259,0.0,0.06018518518518518,0.06018518518518518,0.0,0.47800925925925924,0.12590799031476999,0.12590799031476999,0.0
gen_test,active,27,pooled,patient,864,0.13410802902998747,0.13986310693952772,0.005755077909540246,0.5648148148148148,0.5659722222222222,0.0011574074074074403,0.061342592592592594,0.0625,0.0011574074074074056,0.47800925925925924,0.12832929782082325,0.13075060532687652,0.0024213075060532663
gen_test,active,28,by_voice,agent,864,0.3338899678654141,0.3328070715069771,-0.0010828963584370022,0.6122685185185185,0.6111111111111112,-0.0011574074074073293,0.09375,0.09259259259259259,-0.0011574074074074125,0.47800925925925924,0.19612590799031476,0.1937046004842615,-0.0024213075060532663
gen_test,active,28,by_voice,patient,864,-0.2997442412155646,-0.2998074737411958,-6.323252563122939e-05,0.43171296296296297,0.4340277777777778,0.002314814814814825,0.003472222222222222,0.003472222222222222,0.0,0.47800925925925924,0.007263922518159806,0.007263922518159806,0.0
gen_test,active,28,pooled,agent,864,0.02936080318910104,0.029719294221312913,0.00035849103221187104,0.5277777777777778,0.5277777777777778,0.0,0.009259259259259259,0.009259259259259259,0.0,0.47800925925925924,0.01937046004842615,0.01937046004842615,0.0
gen_test,active,28,pooled,patient,864,-0.10941751135720147,-0.10868929354129014,0.0007282178159113278,0.4837962962962963,0.4849537037037037,0.0011574074074074403,0.0023148148148148147,0.0023148148148148147,0.0,0.47800925925925924,0.004842615012106538,0.004842615012106538,0.0
gen_test,active,29,by_voice,agent,864,0.1585351217676092,0.158711067504353,0.00017594573674378777,0.5613425925925926,0.5601851851851852,-0.0011574074074073293,0.04976851851851852,0.04861111111111111,-0.0011574074074074056,0.47800925925925924,0.10411622276029056,0.1016949152542373,-0.0024213075060532663
gen_test,active,29,by_voice,patient,864,-0.026269091500176325,-0.026467818904806067,-0.00019872740462974214,0.5034722222222222,0.5034722222222222,0.0,0.02199074074074074,0.02199074074074074,0.0,0.47800925925925924,0.04600484261501211,0.04600484261501211,0.0
gen_test,active,29,pooled,agent,864,0.09344994414735723,0.08841917029133549,-0.005030773856021742,0.5358796296296297,0.5358796296296297,0.0,0.015046296296296295,0.015046296296296295,0.0,0.47800925925925924,0.031476997578692496,0.031476997578692496,0.0
gen_test,active,29,pooled,patient,864,-0.010041788220405579,-0.008949918879403008,0.0010918693410025705,0.5185185185185185,0.5185185185185185,0.0,0.008101851851851851,0.006944444444444444,-0.0011574074074074073,0.47800925925925924,0.01694915254237288,0.014527845036319612,-0.0024213075060532697
gen_test,active,3,by_voice,agent,864,-0.3156312185305136,-0.3137159292344694,0.0019152892960442314,0.4201388888888889,0.4212962962962963,0.0011574074074073848,0.0011574074074074073,0.0011574074074074073,0.0,0.47800925925925924,0.002421307506053269,0.002421307506053269,0.0
gen_test,active,3,by_voice,patient,864,0.08183890360373038,0.07879548657823492,-0.0030434170254954596,0.5451388888888888,0.5451388888888888,0.0,0.034722222222222224,0.034722222222222224,0.0,0.47800925925925924,0.07263922518159807,0.07263922518159807,0.0
gen_test,active,3,pooled,agent,864,0.03620358639293247,0.03687332680931798,0.0006697404163855114,0.5300925925925926,0.53125,0.0011574074074074403,0.008101851851851851,0.009259259259259259,0.0011574074074074073,0.47800925925925924,0.01694915254237288,0.01937046004842615,0.0024213075060532697
gen_test,active,3,pooled,patient,864,0.01649466984801822,0.01696933033289733,0.00047466048487910736,0.5254629629629629,0.5254629629629629,0.0,0.004629629629629629,0.004629629629629629,0.0,0.47800925925925924,0.009685230024213076,0.009685230024213076,0.0
gen_test,active,30,by_voice,agent,864,0.015830033355289035,0.015352175743491561,-0.00047785761179747373,0.5300925925925926,0.5300925925925926,0.0,0.017361111111111112,0.017361111111111112,0.0,0.47800925925925924,0.036319612590799036,0.036319612590799036,0.0
gen_test,active,30,by_voice,patient,864,0.027426534780749568,0.027672494451204937,0.00024595967045536876,0.5370370370370371,0.5358796296296297,-0.0011574074074074403,0.02662037037037037,0.02546296296296296,-0.001157407407407409,0.47800925925925924,0.05569007263922519,0.053268765133171914,-0.0024213075060532732
gen_test,active,30,pooled,agent,864,0.0019096290623700177,0.001874617404407925,-3.5011657962092735e-05,0.5162037037037037,0.5162037037037037,0.0,0.0023148148148148147,0.0023148148148148147,0.0,0.47800925925925924,0.004842615012106538,0.004842615012106538,0.0
gen_test,active,30,pooled,patient,864,0.0064387415294294,0.006192290672549495,-0.0002464508568799052,0.5231481481481481,0.5231481481481481,0.0,0.010416666666666666,0.010416666666666666,0.0,0.47800925925925924,0.021791767554479417,0.021791767554479417,0.0
gen_test,active,31,by_voice,agent,864,0.0,0.0,0.0,0.5219907407407407,0.5219907407407407,0.0,0.0,0.0,0.0,0.47800925925925924,0.0,0.0,0.0
gen_test,active,31,by_voice,patient,864,0.0,0.0,0.0,0.5219907407407407,0.5219907407407407,0.0,0.0,0.0,0.0,0.47800925925925924,0.0,0.0,0.0
gen_test,active,31,pooled,agent,864,0.0,0.0,0.0,0.5219907407407407,0.5219907407407407,0.0,0.0,0.0,0.0,0.47800925925925924,0.0,0.0,0.0
gen_test,active,31,pooled,patient,864,0.0,0.0,0.0,0.5219907407407407,0.5219907407407407,0.0,0.0,0.0,0.0,0.47800925925925924,0.0,0.0,0.0
gen_test,active,4,by_voice,agent,864,-0.3182778297751038,-0.3151524756793623,0.0031253540957415504,0.4351851851851852,0.4363425925925926,0.0011574074074074403,0.009259259259259259,0.009259259259259259,0.0,0.47800925925925924,0.01937046004842615,0.01937046004842615,0.0
gen_test,active,4,by_voice,patient,864,-0.01332085441659998,-0.011501084323282595,0.0018197700933173851,0.5208333333333334,0.5219907407407407,0.0011574074074073293,0.03819444444444445,0.03819444444444445,0.0,0.47800925925925924,0.07990314769975788,0.07990314769975788,0.0
gen_test,active,4,pooled,agent,864,0.02776052885585361,0.02929872605535719,0.0015381971995035819,0.5289351851851852,0.5289351851851852,0.0,0.009259259259259259,0.009259259259259259,0.0,0.47800925925925924,0.01937046004842615,0.01937046004842615,0.0
gen_test,active,4,pooled,patient,864,0.019509327080514696,0.02010164768607528,0.0005923206055605847,0.5266203703703703,0.5289351851851852,0.0023148148148148806,0.008101851851851851,0.008101851851851851,0.0,0.47800925925925924,0.01694915254237288,0.01694915254237288,0.0
gen_test,active,5,by_voice,agent,864,-0.17320212777014132,-0.16704160968462625,0.006160518085515071,0.46875,0.46875,0.0,0.024305555555555556,0.024305555555555556,0.0,0.47800925925925924,0.05084745762711865,0.05084745762711865,0.0
gen_test,active,5,by_voice,patient,864,-0.000977248505309776,0.0040349165598551435,0.005012165065164919,0.5104166666666666,0.5127314814814815,0.0023148148148148806,0.03935185185185185,0.041666666666666664,0.0023148148148148112,0.47800925925925924,0.08232445520581114,0.08716707021791767,0.0048426150121065326
gen_test,active,5,pooled,agent,864,0.026270258757803176,0.027158440815077886,0.0008881820572747105,0.5277777777777778,0.5300925925925926,0.0023148148148147696,0.008101851851851851,0.008101851851851851,0.0,0.47800925925925924,0.01694915254237288,0.01694915254237288,0.0
gen_test,active,5,pooled,patient,864,0.028012051074593154,0.02847985757721795,0.0004678065026247971,0.5300925925925926,0.5300925925925926,0.0,0.009259259259259259,0.009259259259259259,0.0,0.47800925925925924,0.01937046004842615,0.01937046004842615,0.0
gen_test,active,6,by_voice,agent,864,-0.10479078910968921,-0.10648289653990003,-0.0016921074302108235,0.49421296296296297,0.49421296296296297,0.0,0.03356481481481482,0.03356481481481482,0.0,0.47800925925925924,0.0702179176755448,0.0702179176755448,0.0
gen_test,active,6,by_voice,patient,864,0.04368541969193353,0.03989970684051514,-0.0037857128514183908,0.5347222222222222,0.5324074074074074,-0.0023148148148147696,0.056712962962962965,0.05555555555555555,-0.0011574074074074125,0.47800925925925924,0.11864406779661017,0.11622276029055689,-0.00242130750605328
gen_test,active,6,pooled,agent,864,0.03955883725925728,0.037432847199616606,-0.0021259900596406756,0.5335648148148148,0.5335648148148148,0.0,0.011574074074074073,0.011574074074074073,0.0,0.47800925925925924,0.024213075060532687,0.024213075060532687,0.0
gen_test,active,6,pooled,patient,864,0.053667084486396226,0.052658396738546866,-0.00100868774784936,0.5324074074074074,0.53125,-0.0011574074074074403,0.01273148148148148,0.011574074074074073,-0.0011574074074074073,0.47800925925925924,0.026634382566585957,0.024213075060532687,-0.0024213075060532697
gen_test,active,7,by_voice,agent,864,-0.053824122029322165,-0.06013268287535067,-0.006308560846028502,0.4965277777777778,0.49537037037037035,-0.0011574074074074403,0.032407407407407406,0.032407407407407406,0.0,0.47800925925925924,0.06779661016949153,0.06779661016949153,0.0
gen_test,active,7,by_voice,patient,864,0.04506396143524735,0.04192322106273086,-0.003140740372516493,0.5347222222222222,0.5335648148148148,-0.0011574074074074403,0.06828703703703703,0.06712962962962964,-0.0011574074074073987,0.47800925925925924,0.14285714285714285,0.1404358353510896,-0.0024213075060532385
gen_test,active,7,pooled,agent,864,0.039346301445254576,0.03850519325998095,-0.0008411081852736299,0.5358796296296297,0.5347222222222222,-0.0011574074074074403,0.013888888888888888,0.01273148148148148,-0.0011574074074074073,0.47800925925925924,0.029055690072639223,0.026634382566585957,-0.0024213075060532663
gen_test,active,7,pooled,patient,864,0.09221202962928349,0.09077488548225826,-0.0014371441470252266,0.5416666666666666,0.5428240740740741,0.0011574074074074403,0.020833333333333332,0.02199074074074074,0.001157407407407409,0.47800925925925924,0.043583535108958835,0.04600484261501211,0.0024213075060532732
gen_test,active,8,by_voice,agent,864,-0.1658414983087116,-0.1641734700512003,0.0016680282575112781,0.45949074074074076,0.45949074074074076,0.0,0.017361111111111112,0.017361111111111112,0.0,0.47800925925925924,0.036319612590799036,0.036319612590799036,0.0
gen_test,active,8,by_voice,patient,864,-0.016223301490147907,-0.014990034478682059,0.0012332670114658488,0.5057870370370371,0.5057870370370371,0.0,0.05092592592592592,0.05092592592592592,0.0,0.47800925925925924,0.10653753026634383,0.10653753026634383,0.0
gen_test,active,8,pooled,agent,864,0.05479164973453239,0.05402056320949837,-0.0007710865250340204,0.5381944444444444,0.5381944444444444,0.0,0.016203703703703703,0.016203703703703703,0.0,0.47800925925925924,0.03389830508474576,0.03389830508474576,0.0
gen_test,active,8,pooled,patient,864,0.08503148401225055,0.08546235384764495,0.00043086983539439294,0.5405092592592593,0.5405092592592593,0.0,0.019675925925925927,0.019675925925925927,0.0,0.47800925925925924,0.04116222760290557,0.04116222760290557,0.0
gen_test,active,9,by_voice,agent,864,-0.24812183501543822,-0.253144484979135,-0.005022649963696779,0.43171296296296297,0.42939814814814814,-0.002314814814814825,0.01273148148148148,0.01273148148148148,0.0,0.47800925925925924,0.026634382566585957,0.026634382566585957,0.0
gen_test,active,9,by_voice,patient,864,-0.05045515961117215,-0.05011268898292824,0.0003424706282439058,0.4895833333333333,0.4895833333333333,0.0,0.04050925925925926,0.04050925925925926,0.0,0.47800925925925924,0.0847457627118644,0.0847457627118644,0.0
gen_test,active,9,pooled,agent,864,0.041402401195632085,0.039087081948916115,-0.0023153192467159703,0.5358796296296297,0.5347222222222222,-0.0011574074074074403,0.013888888888888888,0.01273148148148148,-0.0011574074074074073,0.47800925925925924,0.029055690072639223,0.026634382566585957,-0.0024213075060532663
gen_test,active,9,pooled,patient,864,0.07040504835270069,0.0683797272267165,-0.002025321125984192,0.5370370370370371,0.5347222222222222,-0.0023148148148148806,0.015046296296296295,0.013888888888888888,-0.0011574074074074073,0.47800925925925924,0.031476997578692496,0.029055690072639223,-0.0024213075060532732
gen_test,passive,0,by_voice,agent,864,-0.023306611787389825,-0.022463110310060007,0.000843501477329818,0.34837962962962965,0.34837962962962965,0.0,0.0011574074074074073,0.0011574074074074073,0.0,0.6377314814814815,0.0018148820326678763,0.0018148820326678763,0.0
gen_test,passive,0,by_voice,patient,864,0.02961734847890006,0.029849614534113143,0.00023226605521308244,0.3715277777777778,0.3715277777777778,0.0,0.011574074074074073,0.011574074074074073,0.0,0.6377314814814815,0.018148820326678763,0.018148820326678763,0.0
gen_test,passive,0,pooled,agent,864,-0.0001601171162393358,0.00016707430283228555,0.0003271914190716214,0.3611111111111111,0.3599537037037037,-0.0011574074074073848,0.0023148148148148147,0.0011574074074074073,-0.0011574074074074073,0.6377314814814815,0.0036297640653357526,0.0018148820326678763,-0.0018148820326678763
gen_test,passive,0,pooled,patient,864,0.013976325315457803,0.014059329198466407,8.300388300860363e-05,0.37037037037037035,0.36921296296296297,-0.0011574074074073848,0.008101851851851851,0.006944444444444444,-0.0011574074074074073,0.6377314814814815,0.012704174228675135,0.010889292196007259,-0.0018148820326678756
gen_test,passive,1,by_voice,agent,864,0.06311794811928714,0.06430964309860158,0.0011916949793144421,0.38078703703703703,0.38310185185185186,0.002314814814814825,0.02199074074074074,0.024305555555555556,0.0023148148148148147,0.6377314814814815,0.034482758620689655,0.038112522686025406,0.0036297640653357513
gen_test,passive,1,by_voice,patient,864,0.08273835397428936,0.08285496604663355,0.00011661207234418824,0.40046296296296297,0.3993055555555556,-0.0011574074074073848,0.04050925925925926,0.03819444444444445,-0.0023148148148148112,0.6377314814814815,0.06352087114337568,0.05989110707803993,-0.0036297640653357513
gen_test,passive,1,pooled,agent,864,0.006434358104511544,0.0070839449763298035,0.0006495868718182597,0.36342592592592593,0.3645833333333333,0.0011574074074073848,0.003472222222222222,0.003472222222222222,0.0,0.6377314814814815,0.0054446460980036296,0.0054446460980036296,0.0
gen_test,passive,1,pooled,patient,864,0.011530233478104626,0.011589725536328775,5.949205822414899e-05,0.3715277777777778,0.3715277777777778,0.0,0.010416666666666666,0.009259259259259259,-0.0011574074074074073,0.6377314814814815,0.016333938294010888,0.01451905626134301,-0.0018148820326678774
gen_test,passive,10,by_voice,agent,864,0.20322467469506794,0.19697879999876022,-0.006245874696307718,0.4398148148148148,0.4351851851851852,-0.00462962962962965,0.10185185185185185,0.09722222222222222,-0.0046296296296296224,0.6377314814814815,0.1597096188747731,0.15245009074410162,-0.007259528130671489
gen_test,passive,10,by_voice,patient,864,0.16251775153257228,0.153849296271801,-0.008668455260771285,0.4340277777777778,0.4305555555555556,-0.00347222222222221,0.08101851851851852,0.0798611111111111,-0.0011574074074074125,0.6377314814814815,0.12704174228675136,0.12522686025408347,-0.001814882032667886
gen_test,passive,10,pooled,agent,864,0.06750783075888951,0.0624332833621237,-0.005074547396765813,0.3912037037037037,0.38773148148148145,-0.0034722222222222654,0.028935185185185185,0.02546296296296296,-0.0034722222222222238,0.6377314814814815,0.045372050816696916,0.03992740471869328,-0.005444646098003637
gen_test,passive,10,pooled,patient,864,0.04446090288736202,0.040387536916467875,-0.004073365970894145,0.38078703703703703,0.3784722222222222,-0.002314814814814825,0.019675925925925927,0.017361111111111112,-0.0023148148148148147,0.6377314814814815,0.0308529945553539,0.02722323049001815,-0.0036297640653357513
gen_test,passive,11,by_voice,agent,864,0.2895958166983392,0.2861431983334047,-0.0034526183649345454,0.4618055555555556,0.46296296296296297,0.0011574074074073848,0.11458333333333333,0.11574074074074074,0.0011574074074074125,0.6377314814814815,0.17967332123411978,0.18148820326678766,0.001814882032667886
gen_test,passive,11,by_voice,patient,864,0.24989420258336598,0.24747504597460782,-0.0024191566087581606,0.46412037037037035,0.46296296296296297,-0.0011574074074073848,0.10532407407407407,0.10416666666666667,-0.0011574074074073987,0.6377314814814815,0.16515426497277674,0.16333938294010888,-0.0018148820326678583
gen_test,passive,11,pooled,agent,864,0.0746963760919041,0.07066553086042404,-0.0040308452314800625,0.39814814814814814,0.39351851851851855,-0.004629629629629595,0.037037037037037035,0.034722222222222224,-0.0023148148148148112,0.6377314814814815,0.05807622504537204,0.0544464609800363,-0.0036297640653357444
gen_test,passive,11,pooled,patient,864,0.0612623009968687,0.0587096807581407,-0.002552620238727994,0.38773148148148145,0.38657407407407407,-0.0011574074074073848,0.02546296296296296,0.024305555555555556,-0.0011574074074074056,0.6377314814814815,0.03992740471869328,0.038112522686025406,-0.0018148820326678722
gen_test,passive,12,by_voice,agent,864,0.37136567328815107,0.3687017126767724,-0.0026639606113786907,0.49537037037037035,0.4930555555555556,-0.0023148148148147696,0.1412037037037037,0.1388888888888889,-0.0023148148148147973,0.6377314814814815,0.2214156079854809,0.2177858439201452,-0.0036297640653357166
gen_test,passive,12,by_voice,patient,864,0.366645698470098,0.3662563642417943,-0.0003893342283036727,0.4988425925925926,0.4976851851851852,-0.0011574074074074403,0.13773148148148148,0.13657407407407407,-0.0011574074074074125,0.6377314814814815,0.2159709618874773,0.21415607985480942,-0.001814882032667886
gen_test,passive,12,pooled,agent,864,0.015322069602983969,0.014711280387860758,-0.0006107892151232114,0.3738425925925926,0.3726851851851852,-0.0011574074074074403,0.015046296296296295,0.013888888888888888,-0.0011574074074074073,0.6377314814814815,0.023593466424682394,0.021778584392014518,-0.0018148820326678756
gen_test,passive,12,pooled,patient,864,0.03096224891918677,0.029929235301635885,-0.0010330136175508847,0.3726851851851852,0.3726851851851852,0.0,0.010416666666666666,0.010416666666666666,0.0,0.6377314814814815,0.016333938294010888,0.016333938294010888,0.0
gen_test,passive,13,by_voice,agent,864,0.4131209389479072,0.4182476668998047,0.005126727951897503,0.5138888888888888,0.5150462962962963,0.0011574074074074403,0.16087962962962962,0.16203703703703703,0.0011574074074074125,0.6377314814814815,0.25226860254083483,0.2540834845735027,0.001814882032667886
gen_test,passive,13,by_voice,patient,864,0.33919472136983164,0.3452809361947907,0.00608621482495908,0.49074074074074076,0.4930555555555556,0.002314814814814825,0.12962962962962962,0.13194444444444445,0.002314814814814825,0.6377314814814815,0.20326678765880216,0.20689655172413793,0.003629764065335772
gen_test,passive,13,pooled,agent,864,0.006894749899705251,0.0068346601393487715,-6.008976035647932e-05,0.3726851851851852,0.3726851851851852,0.0,0.017361111111111112,0.017361111111111112,0.0,0.6377314814814815,0.02722323049001815,0.02722323049001815,0.0
gen_test,passive,13,pooled,patient,864,0.03508323844936159,0.035559654235839844,0.00047641578647825145,0.3715277777777778,0.3715277777777778,0.0,0.011574074074074073,0.011574074074074073,0.0,0.6377314814814815,0.018148820326678763,0.018148820326678763,0.0
gen_test,passive,14,by_voice,agent,864,0.313398463582551,0.3087242794809518,-0.004674184101599199,0.4664351851851852,0.4652777777777778,-0.0011574074074073848,0.11342592592592593,0.11342592592592593,0.0,0.6377314814814815,0.17785843920145192,0.17785843920145192,0.0
gen_test,passive,14,by_voice,patient,864,0.23571744036895256,0.23241664938352727,-0.003300790985425295,0.4537037037037037,0.4513888888888889,-0.002314814814814825,0.10069444444444445,0.09837962962962964,-0.0023148148148148112,0.6377314814814815,0.15789473684210525,0.1542649727767695,-0.0036297640653357444
gen_test,passive,14,pooled,agent,864,0.0298115536570549,0.029485326674249437,-0.0003262269828054644,0.3773148148148148,0.3773148148148148,0.0,0.019675925925925927,0.019675925925925927,0.0,0.6377314814814815,0.0308529945553539,0.0308529945553539,0.0
gen_test,passive,14,pooled,patient,864,0.03452560002053225,0.03385292766270814,-0.0006726723578241098,0.375,0.3761574074074074,0.0011574074074073848,0.015046296296296295,0.016203703703703703,0.0011574074074074073,0.6377314814814815,0.023593466424682394,0.02540834845735027,0.0018148820326678756
gen_test,passive,15,by_voice,agent,864,0.43403664258895097,0.43621209181017345,0.0021754492212224807,0.5185185185185185,0.5196759259259259,0.0011574074074074403,0.15856481481481483,0.1597222222222222,0.0011574074074073848,0.6377314814814815,0.24863883847549909,0.25045372050816694,0.0018148820326678583
gen_test,passive,15,by_voice,patient,864,0.311540849506855,0.31004616645751176,-0.0014946830493432484,0.4791666666666667,0.47800925925925924,-0.0011574074074074403,0.12268518518518519,0.12268518518518519,0.0,0.6377314814814815,0.19237749546279492,0.19237749546279492,0.0
gen_test,passive,15,pooled,agent,864,-0.01801876089087239,-0.019539391828907862,-0.0015206309380354707,0.36226851851851855,0.36226851851851855,0.0,0.011574074074074073,0.011574074074074073,0.0,0.6377314814814815,0.018148820326678763,0.018148820326678763,0.0
gen_test,passive,15,pooled,patient,864,-0.01082753500452748,-0.011966147080615715,-0.0011386120760882353,0.35648148148148145,0.35648148148148145,0.0,0.004629629629629629,0.004629629629629629,0.0,0.6377314814814815,0.007259528130671505,0.007259528130671505,0.0
gen_test,passive,16,by_voice,agent,864,0.41860907359255684,0.427799291908741,0.009190218316184162,0.5162037037037037,0.5219907407407407,0.0057870370370369795,0.15393518518518517,0.1597222222222222,0.005787037037037035,0.6377314814814815,0.24137931034482757,0.25045372050816694,0.009074410163339375
gen_test,passive,16,by_voice,patient,864,0.3299042966078829,0.34569198583011274,0.01578768922222984,0.4849537037037037,0.49189814814814814,0.00694444444444442,0.12384259259259259,0.13078703703703703,0.0069444444444444475,0.6377314814814815,0.19419237749546278,0.20508166969147004,0.01088929219600726
gen_test,passive,16,pooled,agent,864,-0.03250114536947674,-0.021558256888831104,0.01094288848064564,0.35185185185185186,0.35300925925925924,0.0011574074074073848,0.011574074074074073,0.011574074074074073,0.0,0.6377314814814815,0.018148820326678763,0.018148820326678763,0.0
gen_test,passive,16,pooled,patient,864,-0.01847779530066031,-0.011689453489250608,0.006788341811409703,0.35532407407407407,0.3587962962962963,0.00347222222222221,0.011574074074074073,0.013888888888888888,0.0023148148148148147,0.6377314814814815,0.018148820326678763,0.021778584392014518,0.0036297640653357548
gen_test,passive,17,by_voice,agent,864,0.5653862014964774,0.5606351210563271,-0.004751080440150379,0.5752314814814815,0.5706018518518519,-0.00462962962962965,0.21875,0.21412037037037038,-0.0046296296296296224,0.6377314814814815,0.34301270417422863,0.33575317604355714,-0.007259528130671489
gen_test,passive,17,by_voice,patient,864,0.30888984352350235,0.30607164927102903,-0.002818194252473316,0.48032407407407407,0.4791666666666667,-0.0011574074074073848,0.12037037037037036,0.11921296296296297,-0.0011574074074073987,0.6377314814814815,0.18874773139745915,0.1869328493647913,-0.0018148820326678583
gen_test,passive,17,pooled,agent,864,-0.04701454357968436,-0.048559058319639276,-0.0015445147399549136,0.34837962962962965,0.34837962962962965,0.0,0.008101851851851851,0.009259259259259259,0.0011574074074074073,0.6377314814814815,0.012704174228675135,0.01451905626134301,0.0018148820326678756
gen_test,passive,17,pooled,patient,864,-0.0780438529672446,-0.08440906582055269,-0.006365212853308086,0.33101851851851855,0.3298611111111111,-0.0011574074074074403,0.004629629629629629,0.004629629629629629,0.0,0.6377314814814815,0.007259528130671505,0.007259528130671505,0.0
gen_test,passive,18,by_voice,agent,864,0.5615145677217731,0.562282033264637,0.0007674655428638877,0.5763888888888888,0.5787037037037037,0.0023148148148148806,0.21412037037037038,0.21643518518518517,0.0023148148148147973,0.6377314814814815,0.33575317604355714,0.3393829401088929,0.003629764065335772
gen_test,passive,18,by_voice,patient,864,0.39681542940713743,0.3957228685418765,-0.0010925608652609387,0.5057870370370371,0.5081018518518519,0.0023148148148147696,0.14583333333333334,0.14814814814814814,0.0023148148148147973,0.6377314814814815,0.22867513611615245,0.23230490018148817,0.0036297640653357166
gen_test,passive,18,pooled,agent,864,-0.0813451784628409,-0.08259734704538628,-0.0012521685825453849,0.33217592592592593,0.33101851851851855,-0.0011574074074073848,0.01273148148148148,0.010416666666666666,-0.0023148148148148147,0.6377314814814815,0.01996370235934664,0.016333938294010888,-0.0036297640653357513
gen_test,passive,18,pooled,patient,864,-0.08191802049124683,-0.07999141459111814,0.0019266059001286917,0.3368055555555556,0.33912037037037035,0.0023148148148147696,0.011574074074074073,0.011574074074074073,0.0,0.6377314814814815,0.018148820326678763,0.018148820326678763,0.0
gen_test,passive,19,by_voice,agent,864,0.5331917140218947,0.5244709071185853,-0.008720806903309342,0.5625,0.5601851851851852,-0.0023148148148147696,0.20023148148148148,0.19791666666666666,-0.002314814814814825,0.6377314814814815,0.3139745916515426,0.31034482758620685,-0.003629764065335772
gen_test,passive,19,by_voice,patient,864,0.3887448462623137,0.3881442726210312,-0.0006005736412825202,0.5034722222222222,0.5046296296296297,0.0011574074074074403,0.1423611111111111,0.14351851851851852,0.0011574074074074125,0.6377314814814815,0.2232304900181488,0.22504537205081668,0.001814882032667886
gen_test,passive,19,pooled,agent,864,-0.11758935810239227,-0.11843043510560636,-0.0008410770032140913,0.32407407407407407,0.32523148148148145,0.0011574074074073848,0.009259259259259259,0.009259259259259259,0.0,0.6377314814814815,0.01451905626134301,0.01451905626134301,0.0
gen_test,passive,19,pooled,patient,864,-0.1613250325123469,-0.16325689824642958,-0.0019318657340826884,0.3055555555555556,0.30324074074074076,-0.002314814814814825,0.008101851851851851,0.008101851851851851,0.0,0.6377314814814815,0.012704174228675135,0.012704174228675135,0.0
gen_test,passive,2,by_voice,agent,864,0.06932513719355618,0.0701821874137278,0.0008570502201716151,0.3900462962962963,0.3900462962962963,0.0,0.032407407407407406,0.032407407407407406,0.0,0.6377314814814815,0.05081669691470054,0.05081669691470054,0.0
gen_test,passive,2,by_voice,patient,864,0.13838338051681165,0.13962807395943888,0.0012446934426272316,0.41203703703703703,0.4131944444444444,0.0011574074074073848,0.04976851851851852,0.05092592592592592,0.0011574074074074056,0.6377314814814815,0.07803992740471868,0.07985480943738656,0.0018148820326678722
gen_test,passive,2,pooled,agent,864,9.013270890271222e-05,0.0001517040310082612,6.157132210554899e-05,0.36342592592592593,0.36342592592592593,0.0,0.003472222222222222,0.003472222222222222,0.0,0.6377314814814815,0.0054446460980036296,0.0054446460980036296,0.0
gen_test,passive,2,pooled,patient,864,0.013903276511916408,0.013823020789358351,-8.025572255805635e-05,0.36921296296296297,0.36921296296296297,0.0,0.006944444444444444,0.006944444444444444,0.0,0.6377314814814815,0.010889292196007259,0.010889292196007259,0.0
gen_test,passive,20,by_voice,agent,864,0.6245076308647791,0.631104560913863,0.0065969300490839045,0.5891203703703703,0.5914351851851852,0.0023148148148148806,0.23032407407407407,0.2326388888888889,0.002314814814814825,0.6377314814814815,0.36116152450090744,0.3647912885662432,0.003629764065335772
gen_test,passive,20,by_voice,patient,864,0.3192388688524564,0.33210837482302275,0.012869505970566353,0.48032407407407407,0.4895833333333333,0.009259259259259245,0.12152777777777778,0.13078703703703703,0.009259259259259259,0.6377314814814815,0.19056261343012704,0.20508166969147004,0.014519056261343005
gen_test,passive,20,pooled,agent,864,-0.04114791944071099,-0.04375104992477982,-0.0026031304840688357,0.3611111111111111,0.3611111111111111,0.0,0.034722222222222224,0.03356481481481482,-0.0011574074074074056,0.6377314814814815,0.0544464609800363,0.052631578947368425,-0.0018148820326678722
gen_test,passive,20,pooled,patient,864,-0.042567517746377875,-0.05179000673470674,-0.009222488988328864,0.35648148148148145,0.35532407407407407,-0.0011574074074073848,0.04050925925925926,0.03819444444444445,-0.0023148148148148112,0.6377314814814815,0.06352087114337568,0.05989110707803993,-0.0036297640653357513
gen_test,passive,21,by_voice,agent,864,0.38961272190014523,0.39169507694465144,0.0020823550445062122,0.5069444444444444,0.5057870370370371,-0.0011574074074073293,0.14814814814814814,0.14699074074074073,-0.0011574074074074125,0.6377314814814815,0.23230490018148817,0.2304900181488203,-0.0018148820326678583
gen_test,passive,21,by_voice,patient,864,0.4699899297621515,0.46921237116610565,-0.0007775585960458353,0.5243055555555556,0.5219907407407407,-0.0023148148148148806,0.16203703703703703,0.16087962962962962,-0.0011574074074074125,0.6377314814814815,0.2540834845735027,0.25226860254083483,-0.001814882032667886
gen_test,passive,21,pooled,agent,864,0.09356119290546135,0.08990293189331337,-0.003658261012147973,0.42476851851851855,0.4212962962962963,-0.0034722222222222654,0.08333333333333333,0.08333333333333333,0.0,0.6377314814814815,0.1306715063520871,0.1306715063520871,0.0
gen_test,passive,21,pooled,patient,864,0.3046246863625668,0.2950873394255285,-0.009537346937038282,0.4791666666666667,0.4699074074074074,-0.0092592592592593,0.12152777777777778,0.11458333333333333,-0.0069444444444444475,0.6377314814814815,0.19056261343012704,0.17967332123411978,-0.01088929219600726
gen_test,passive,22,by_voice,agent,864,0.24997314120884295,0.24754800895849863,-0.002425132250344325,0.46412037037037035,0.46296296296296297,-0.0011574074074073848,0.12152777777777778,0.12037037037037036,-0.0011574074074074125,0.6377314814814815,0.19056261343012704,0.18874773139745915,-0.001814882032667886
gen_test,passive,22,by_voice,patient,864,0.27592490089160426,0.260316775628814,-0.015608125262790262,0.45949074074074076,0.4548611111111111,-0.00462962962962965,0.10185185185185185,0.09837962962962964,-0.00347222222222221,0.6377314814814815,0.1597096188747731,0.1542649727767695,-0.005444646098003603
gen_test,passive,22,pooled,agent,864,0.07682810696186843,0.07092869254174056,-0.005899414420127869,0.38310185185185186,0.38078703703703703,-0.002314814814814825,0.0625,0.059027777777777776,-0.0034722222222222238,0.6377314814814815,0.09800362976406533,0.0925589836660617,-0.00544464609800363
gen_test,passive,22,pooled,patient,864,0.44876113175242033,0.4342870648812365,-0.014474066871183855,0.5520833333333334,0.5462962962962963,-0.0057870370370370905,0.19560185185185186,0.18981481481481483,-0.005787037037037035,0.6377314814814815,0.30671506352087113,0.29764065335753176,-0.009074410163339375
gen_test,passive,23,by_voice,agent,864,0.29365210041955664,0.28871321374619446,-0.004938886673362175,0.4675925925925926,0.4675925925925926,0.0,0.1087962962962963,0.1111111111111111,0.0023148148148148112,0.6377314814814815,0.1705989110707804,0.17422867513611615,0.0036297640653357444
gen_test,passive,23,by_voice,patient,864,0.20904750211371315,0.18193765122581412,-0.027109850887899023,0.4351851851851852,0.4212962962962963,-0.013888888888888895,0.08564814814814815,0.0763888888888889,-0.009259259259259259,0.6377314814814815,0.13430127041742287,0.11978221415607986,-0.014519056261343019
gen_test,passive,23,pooled,agent,864,-0.02928311626116435,-0.046315253884704026,-0.017032137623539678,0.34837962962962965,0.3402777777777778,-0.00810185185185186,0.04282407407407408,0.03587962962962963,-0.0069444444444444475,0.6377314814814815,0.06715063520871144,0.05626134301270417,-0.010889292196007268
gen_test,passive,23,pooled,patient,864,0.3181093906362851,0.29910769203194865,-0.01900169860433648,0.4895833333333333,0.4826388888888889,-0.00694444444444442,0.13541666666666666,0.1284722222222222,-0.0069444444444444475,0.6377314814814815,0.21234119782214153,0.20145190562613427,-0.01088929219600726
gen_test,passive,24,by_voice,agent,864,0.06918553318138476,0.0767390791464735,0.00755354596508874,0.38425925925925924,0.38657407407407407,0.002314814814814825,0.056712962962962965,0.06018518518518518,0.003472222222222217,0.6377314814814815,0.08892921960072596,0.09437386569872958,0.0054446460980036165
gen_test,passive,24,by_voice,patient,864,-0.08835778275021801,-0.06842885166406631,0.019928931086151694,0.3425925925925926,0.3506944444444444,0.008101851851851805,0.03009259259259259,0.03356481481481482,0.0034722222222222272,0.6377314814814815,0.04718693284936479,0.052631578947368425,0.005444646098003637
gen_test,passive,24,pooled,agent,864,0.37427401818611006,0.3603876131000342,-0.01388640508607586,0.5081018518518519,0.5057870370370371,-0.0023148148148147696,0.14583333333333334,0.14351851851851852,-0.002314814814814825,0.6377314814814815,0.22867513611615245,0.22504537205081668,-0.003629764065335772
gen_test,passive,24,pooled,patient,864,0.37936970398381903,0.3752340668881381,-0.004135637095680933,0.5057870370370371,0.5034722222222222,-0.0023148148148148806,0.15393518518518517,0.14930555555555555,-0.0046296296296296224,0.6377314814814815,0.24137931034482757,0.23411978221415605,-0.0072595281306715165
gen_test,passive,25,by_voice,agent,864,-0.23328638877029773,-0.21369286295440462,0.019593525815893104,0.26851851851851855,0.2777777777777778,0.009259259259259245,0.008101851851851851,0.009259259259259259,0.0011574074074074073,0.6377314814814815,0.012704174228675135,0.01451905626134301,0.0018148820326678756
gen_test,passive,25,by_voice,patient,864,-0.3146906260538984,-0.30291687697172165,0.011773749082176765,0.26273148148148145,0.2673611111111111,0.00462962962962965,0.013888888888888888,0.015046296296296295,0.0011574074074074073,0.6377314814814815,0.021778584392014518,0.023593466424682394,0.0018148820326678756
gen_test,passive,25,pooled,agent,864,0.39889736142423415,0.3960688188672066,-0.00282854255702758,0.53125,0.5277777777777778,-0.00347222222222221,0.1712962962962963,0.16782407407407407,-0.0034722222222222376,0.6377314814814815,0.26860254083484575,0.2631578947368421,-0.005444646098003658
gen_test,passive,25,pooled,patient,864,0.5461060225411698,0.5517176740147449,0.005611651473575119,0.5706018518518519,0.5729166666666666,0.0023148148148147696,0.21875,0.22106481481481483,0.002314814814814825,0.6377314814814815,0.34301270417422863,0.3466424682395644,0.003629764065335772
gen_test,passive,26,by_voice,agent,864,-0.4089447235067685,-0.40404003499834623,0.004904688508422295,0.2326388888888889,0.2326388888888889,0.0,0.010416666666666666,0.008101851851851851,-0.0023148148148148147,0.6377314814814815,0.016333938294010888,0.012704174228675135,-0.003629764065335753
gen_test,passive,26,by_voice,patient,864,-0.3737430997468807,-0.3637030604812834,0.010040039265597267,0.24421296296296297,0.2465277777777778,0.002314814814814825,0.0011574074074074073,0.0023148148148148147,0.0011574074074074073,0.6377314814814815,0.0018148820326678763,0.0036297640653357526,0.0018148820326678763
gen_test,passive,26,pooled,agent,864,0.4399785523613294,0.441768661417343,0.0017901090560136224,0.5393518518518519,0.5393518518518519,0.0,0.17824074074074073,0.17824074074074073,0.0,0.6377314814814815,0.27949183303085295,0.27949183303085295,0.0
gen_test,passive,26,pooled,patient,864,0.4441929362990238,0.43308391366843824,-0.011109022630585552,0.5358796296296297,0.53125,-0.00462962962962965,0.18518518518518517,0.18287037037037038,-0.0023148148148147973,0.6377314814814815,0.2903811252268602,0.2867513611615245,-0.0036297640653357166
gen_test,passive,27,by_voice,agent,864,-0.2705103067888154,-0.2753732455549417,-0.004862938766126312,0.2847222222222222,0.2835648148148148,-0.0011574074074073848,0.019675925925925927,0.019675925925925927,0.0,0.6377314814814815,0.0308529945553539,0.0308529945553539,0.0
gen_test,passive,27,by_voice,patient,864,-0.24563757219800242,-0.25177271470979407,-0.006135142511791647,0.2789351851851852,0.2789351851851852,0.0,0.0,0.0,0.0,0.6377314814814815,0.0,0.0,0.0
gen_test,passive,27,pooled,agent,864,0.2635197639465332,0.26302408896110674,-0.0004956749854264642,0.4548611111111111,0.45601851851851855,0.0011574074074074403,0.09259259259259259,0.09375,0.0011574074074074125,0.6377314814814815,0.1451905626134301,0.147005444646098,0.001814882032667886
gen_test,passive,27,pooled,patient,864,0.13826442344321144,0.13782845299552987,-0.00043597044768156623,0.43171296296296297,0.43171296296296297,0.0,0.09027777777777778,0.09027777777777778,0.0,0.6377314814814815,0.14156079854809436,0.14156079854809436,0.0
gen_test,passive,28,by_voice,agent,864,0.24958878617595742,0.2529311585757468,0.0033423723997893506,0.45023148148148145,0.4513888888888889,0.0011574074074074403,0.08796296296296297,0.08912037037037036,0.0011574074074073987,0.6377314814814815,0.13793103448275862,0.13974591651542648,0.0018148820326678583
gen_test,passive,28,by_voice,patient,864,-0.056803223159578115,-0.06087857595196477,-0.004075352792386654,0.34837962962962965,0.34837962962962965,0.0,0.006944444444444444,0.006944444444444444,0.0,0.6377314814814815,0.010889292196007259,0.010889292196007259,0.0
gen_test,passive,28,pooled,agent,864,0.13644997030496597,0.13224639964324456,-0.0042035706617214175,0.4131944444444444,0.41203703703703703,-0.0011574074074073848,0.05439814814814815,0.05324074074074074,-0.0011574074074074056,0.6377314814814815,0.0852994555353902,0.08348457350272231,-0.001814882032667886
gen_test,passive,28,pooled,patient,864,-0.3191764136707341,-0.3186684747536977,0.0005079389170364323,0.28125,0.28125,0.0,0.0023148148148148147,0.003472222222222222,0.0011574074074074073,0.6377314814814815,0.0036297640653357526,0.0054446460980036296,0.001814882032667877
gen_test,passive,29,by_voice,agent,864,-0.007529102541782238,-0.0069076865911483765,0.0006214159506338617,0.3645833333333333,0.36342592592592593,-0.0011574074074073848,0.023148148148148147,0.024305555555555556,0.001157407407407409,0.6377314814814815,0.03629764065335753,0.038112522686025406,0.0018148820326678791
gen_test,passive,29,by_voice,patient,864,-0.05148163355059094,-0.05347484212230753,-0.001993208571716587,0.33912037037037035,0.33564814814814814,-0.00347222222222221,0.003472222222222222,0.003472222222222222,0.0,0.6377314814814815,0.0054446460980036296,0.0054446460980036296,0.0
gen_test,passive,29,pooled,agent,864,0.10869921771464525,0.10754454798168606,-0.0011546697329591904,0.3819444444444444,0.38078703703703703,-0.0011574074074073848,0.027777777777777776,0.02662037037037037,-0.0011574074074074056,0.6377314814814815,0.043557168784029036,0.04174228675136116,-0.0018148820326678791
gen_test,passive,29,pooled,patient,864,0.06925074452603305,0.0675875613534892,-0.0016631831725438528,0.3958333333333333,0.39699074074074076,0.0011574074074074403,0.05092592592592592,0.05092592592592592,0.0,0.6377314814814815,0.07985480943738656,0.07985480943738656,0.0
gen_test,passive,3,by_voice,agent,864,0.08197081668509378,0.08504855936324154,0.0030777426781477685,0.3900462962962963,0.3912037037037037,0.0011574074074074403,0.04513888888888889,0.046296296296296294,0.0011574074074074056,0.6377314814814815,0.07078039927404718,0.07259528130671505,0.0018148820326678722
gen_test,passive,3,by_voice,patient,864,0.2561040528946453,0.25744341838139073,0.0013393654867454585,0.4548611111111111,0.45601851851851855,0.0011574074074074403,0.09490740740740741,0.09606481481481481,0.0011574074074073987,0.6377314814814815,0.14882032667876588,0.15063520871143374,0.0018148820326678583
gen_test,passive,3,pooled,agent,864,0.012357874325028172,0.013710509847711634,0.001352635522683462,0.36921296296296297,0.3680555555555556,-0.0011574074074073848,0.009259259259259259,0.008101851851851851,-0.0011574074074074073,0.6377314814814815,0.01451905626134301,0.012704174228675135,-0.0018148820326678756
gen_test,passive,3,pooled,patient,864,0.0424263604261257,0.042695571978886925,0.00026921155276122405,0.37962962962962965,0.37962962962962965,0.0,0.017361111111111112,0.017361111111111112,0.0,0.6377314814814815,0.02722323049001815,0.02722323049001815,0.0
gen_test,passive,30,by_voice,agent,864,-0.03736936659724624,-0.03855195531138667,-0.0011825887141404326,0.34953703703703703,0.3460648148148148,-0.00347222222222221,0.01273148148148148,0.011574074074074073,-0.0011574074074074073,0.6377314814814815,0.01996370235934664,0.018148820326678763,-0.0018148820326678756
gen_test,passive,30,by_voice,patient,864,-0.014843064877721999,-0.014139289933222311,0.0007037749444996876,0.3541666666666667,0.3541666666666667,0.0,0.003472222222222222,0.003472222222222222,0.0,0.6377314814814815,0.0054446460980036296,0.0054446460980036296,0.0
gen_test,passive,30,pooled,agent,864,0.004624485693596027,0.004569938061413942,-5.45476321820856e-05,0.3715277777777778,0.3715277777777778,0.0,0.013888888888888888,0.013888888888888888,0.0,0.6377314814814815,0.021778584392014518,0.021778584392014518,0.0
gen_test,passive,30,pooled,patient,864,0.13522520357811893,0.135570938664454,0.0003457350863350639,0.4131944444444444,0.41550925925925924,0.002314814814814825,0.05555555555555555,0.05787037037037037,0.002314814814814818,0.6377314814814815,0.08711433756805807,0.09074410163339383,0.0036297640653357582
gen_test,passive,31,by_voice,agent,864,0.0,0.0,0.0,0.36226851851851855,0.36226851851851855,0.0,0.0,0.0,0.0,0.6377314814814815,0.0,0.0,0.0
gen_test,passive,31,by_voice,patient,864,0.0,0.0,0.0,0.36226851851851855,0.36226851851851855,0.0,0.0,0.0,0.0,0.6377314814814815,0.0,0.0,0.0
gen_test,passive,31,pooled,agent,864,0.0,0.0,0.0,0.36226851851851855,0.36226851851851855,0.0,0.0,0.0,0.0,0.6377314814814815,0.0,0.0,0.0
gen_test,passive,31,pooled,patient,864,0.0,0.0,0.0,0.36226851851851855,0.36226851851851855,0.0,0.0,0.0,0.0,0.6377314814814815,0.0,0.0,0.0
gen_test,passive,4,by_voice,agent,864,0.21834322506630863,0.21655459729609666,-0.0017886277702119646,0.4363425925925926,0.4363425925925926,0.0,0.08333333333333333,0.08333333333333333,0.0,0.6377314814814815,0.1306715063520871,0.1306715063520871,0.0
gen_test,passive,4,by_voice,patient,864,0.23352499885691536,0.2328071646668293,-0.0007178341900860585,0.4525462962962963,0.45023148148148145,-0.002314814814814825,0.09375,0.09143518518518519,-0.0023148148148148112,0.6377314814814815,0.147005444646098,0.14337568058076225,-0.0036297640653357444
gen_test,passive,4,pooled,agent,864,0.004548017901402933,0.005204119616084629,0.0006561017146816958,0.3680555555555556,0.3680555555555556,0.0,0.010416666666666666,0.010416666666666666,0.0,0.6377314814814815,0.016333938294010888,0.016333938294010888,0.0
gen_test,passive,4,pooled,patient,864,0.03719335159769765,0.037640159052831156,0.0004468074551335077,0.3784722222222222,0.3761574074074074,-0.002314814814814825,0.016203703703703703,0.013888888888888888,-0.0023148148148148147,0.6377314814814815,0.02540834845735027,0.021778584392014518,-0.0036297640653357513
gen_test,passive,5,by_voice,agent,864,0.23487997910490743,0.23241975710347848,-0.002460222001428952,0.44907407407407407,0.4479166666666667,-0.0011574074074073848,0.10300925925925926,0.10185185185185185,-0.0011574074074074125,0.6377314814814815,0.161524500907441,0.1597096188747731,-0.001814882032667886
gen_test,passive,5,by_voice,patient,864,0.1028951950095318,0.09932567924261093,-0.0035695157669208694,0.41203703703703703,0.41087962962962965,-0.0011574074074073848,0.06828703703703703,0.06828703703703703,0.0,0.6377314814814815,0.10707803992740471,0.10707803992740471,0.0
gen_test,passive,5,pooled,agent,864,0.021014195625428802,0.02192825961996008,0.0009140639945312765,0.3680555555555556,0.3680555555555556,0.0,0.009259259259259259,0.009259259259259259,0.0,0.6377314814814815,0.01451905626134301,0.01451905626134301,0.0
gen_test,passive,5,pooled,patient,864,0.03311214154517209,0.03376258275023213,0.00065044120506004,0.3761574074074074,0.3761574074074074,0.0,0.013888888888888888,0.013888888888888888,0.0,0.6377314814814815,0.021778584392014518,0.021778584392014518,0.0
gen_test,passive,6,by_voice,agent,864,0.23077664800264217,0.23072950845515286,-4.713954748930549e-05,0.44328703703703703,0.4479166666666667,0.00462962962962965,0.10185185185185185,0.10416666666666667,0.002314814814814825,0.6377314814814815,0.1597096188747731,0.16333938294010888,0.003629764065335772
gen_test,passive,6,by_voice,patient,864,0.10576326924341696,0.1030298325198668,-0.002733436723550156,0.4097222222222222,0.4097222222222222,0.0,0.06712962962962964,0.06712962962962964,0.0,0.6377314814814815,0.10526315789473685,0.10526315789473685,0.0
gen_test,passive,6,pooled,agent,864,0.05298786831122858,0.05207351153647458,-0.0009143567747539952,0.3784722222222222,0.3773148148148148,-0.0011574074074073848,0.018518518518518517,0.017361111111111112,-0.0011574074074074056,0.6377314814814815,0.02903811252268602,0.02722323049001815,-0.0018148820326678722
gen_test,passive,6,pooled,patient,864,0.04628975441058477,0.04350449641545614,-0.0027852579951286316,0.38078703703703703,0.38078703703703703,0.0,0.018518518518518517,0.018518518518518517,0.0,0.6377314814814815,0.02903811252268602,0.02903811252268602,0.0
gen_test,passive,7,by_voice,agent,864,0.2082429713121167,0.2082666685735738,2.3697261457095165e-05,0.4363425925925926,0.4386574074074074,0.0023148148148147696,0.10185185185185185,0.10416666666666667,0.002314814814814825,0.6377314814814815,0.1597096188747731,0.16333938294010888,0.003629764065335772
gen_test,passive,7,by_voice,patient,864,0.13849187587146405,0.1427347414471485,0.004242865575684457,0.42476851851851855,0.42476851851851855,0.0,0.07407407407407407,0.07407407407407407,0.0,0.6377314814814815,0.11615245009074408,0.11615245009074408,0.0
gen_test,passive,7,pooled,agent,864,0.07850959648688634,0.07747499727540547,-0.0010345992114808716,0.39351851851851855,0.3923611111111111,-0.0011574074074074403,0.032407407407407406,0.03125,-0.0011574074074074056,0.6377314814814815,0.05081669691470054,0.04900181488203267,-0.0018148820326678722
gen_test,passive,7,pooled,patient,864,0.07788832237323125,0.07688630675828015,-0.001002015614951099,0.3958333333333333,0.3958333333333333,0.0,0.03356481481481482,0.03356481481481482,0.0,0.6377314814814815,0.052631578947368425,0.052631578947368425,0.0
gen_test,passive,8,by_voice,agent,864,0.26554721290314637,0.2641239202132932,-0.001423292689853195,0.46064814814814814,0.4618055555555556,0.0011574074074074403,0.11458333333333333,0.11574074074074074,0.0011574074074074125,0.6377314814814815,0.17967332123411978,0.18148820326678766,0.001814882032667886
gen_test,passive,8,by_voice,patient,864,0.23719227562348047,0.23643069935065728,-0.0007615762728231945,0.4583333333333333,0.45601851851851855,-0.0023148148148147696,0.10069444444444445,0.09837962962962964,-0.0023148148148148112,0.6377314814814815,0.15789473684210525,0.1542649727767695,-0.0036297640653357444
gen_test,passive,8,pooled,agent,864,0.074977559072,0.0751552242371771,0.00017766516517710162,0.3923611111111111,0.3900462962962963,-0.002314814814814825,0.03125,0.028935185185185185,-0.0023148148148148147,0.6377314814814815,0.04900181488203267,0.045372050816696916,-0.0036297640653357513
gen_test,passive,8,pooled,patient,864,0.07110610742259908,0.07044274083994052,-0.0006633665826585589,0.39467592592592593,0.39351851851851855,-0.0011574074074073848,0.032407407407407406,0.03125,-0.0011574074074074056,0.6377314814814815,0.05081669691470054,0.04900181488203267,-0.0018148820326678722
gen_test,passive,9,by_voice,agent,864,0.2671607840392325,0.2610559731169983,-0.006104810922234194,0.46064814814814814,0.4583333333333333,-0.002314814814814825,0.11342592592592593,0.1111111111111111,-0.002314814814814825,0.6377314814814815,0.17785843920145192,0.17422867513611615,-0.003629764065335772
gen_test,passive,9,by_voice,patient,864,0.2578207919443095,0.2583517054164851,0.0005309134721755981,0.4618055555555556,0.46064814814814814,-0.0011574074074074403,0.10416666666666667,0.10532407407407407,0.0011574074074073987,0.6377314814814815,0.16333938294010888,0.16515426497277674,0.0018148820326678583
gen_test,passive,9,pooled,agent,864,0.06390282428926891,0.06205207192235523,-0.0018507523669136841,0.3900462962962963,0.3888888888888889,-0.0011574074074073848,0.027777777777777776,0.02662037037037037,-0.0011574074074074056,0.6377314814814815,0.043557168784029036,0.04174228675136116,-0.0018148820326678791
gen_test,passive,9,pooled,patient,864,0.057521723210811615,0.05513069447543886,-0.002391028735372752,0.3888888888888889,0.38657407407407407,-0.002314814814814825,0.02662037037037037,0.024305555555555556,-0.0023148148148148147,0.6377314814814815,0.04174228675136116,0.038112522686025406,-0.0036297640653357513
test,active,0,by_voice,agent,106,0.017015416667146503,0.016984431248790812,-3.09854183556911e-05,0.4811320754716981,0.4811320754716981,0.0,0.0,0.0,0.0,0.5094339622641509,0.0,0.0,0.0
test,active,0,by_voice,patient,106,0.007866558038963462,0.0074482503926978924,-0.0004183076462655694,0.49056603773584906,0.49056603773584906,0.0,0.0,0.0,0.0,0.5094339622641509,0.0,0.0,0.0
test,active,0,pooled,agent,106,0.004676724379917361,0.004634204900489663,-4.2519479427697605e-05,0.49056603773584906,0.49056603773584906,0.0,0.0,0.0,0.0,0.5094339622641509,0.0,0.0,0.0
test,active,0,pooled,patient,106,0.001911590684135005,0.002200050174065356,0.0002884594899303511,0.49056603773584906,0.49056603773584906,0.0,0.0,0.0,0.0,0.5094339622641509,0.0,0.0,0.0
test,active,1,by_voice,agent,106,-0.06970559426073758,-0.07043363463203862,-0.0007280403713010447,0.4811320754716981,0.4811320754716981,0.0,0.0,0.0,0.0,0.5094339622641509,0.0,0.0,0.0
test,active,1,by_voice,patient,106,-0.04935281681564619,-0.04871564541222914,0.0006371714034170486,0.4811320754716981,0.4811320754716981,0.0,0.0,0.0,0.0,0.5094339622641509,0.0,0.0,0.0
test,active,1,pooled,agent,106,0.009365680082789008,0.010078745068244214,0.0007130649854552064,0.4811320754716981,0.4811320754716981,0.0,0.0,0.0,0.0,0.5094339622641509,0.0,0.0,0.0
test,active,1,pooled,patient,106,0.005360077012260005,0.0060170371577424825,0.0006569601454824775,0.49056603773584906,0.49056603773584906,0.0,0.0,0.0,0.0,0.5094339622641509,0.0,0.0,0.0
test,active,10,by_voice,agent,106,-0.06244440573566365,-0.06616068561122103,-0.0037162798755573795,0.4716981132075472,0.4716981132075472,0.0,0.0,0.0,0.0,0.5094339622641509,0.0,0.0,0.0
test,active,10,by_voice,patient,106,0.07339397466407632,0.07116098223992114,-0.0022329924241551863,0.5,0.5,0.0,0.018867924528301886,0.018867924528301886,0.0,0.5094339622641509,0.037037037037037035,0.037037037037037035,0.0
test,active,10,pooled,agent,106,0.031020110508181015,0.027742381365794055,-0.00327772914238696,0.49056603773584906,0.49056603773584906,0.0,0.0,0.0,0.0,0.5094339622641509,0.0,0.0,0.0
test,active,10,pooled,patient,106,0.08690735529053886,0.08143017426976618,-0.005477181020772687,0.5,0.5,0.0,0.009433962264150943,0.009433962264150943,0.0,0.5094339622641509,0.018518518518518517,0.018518518518518517,0.0
test,active,11,by_voice,agent,106,-0.1820540855515678,-0.18381571094944793,-0.0017616253978801344,0.46226415094339623,0.4528301886792453,-0.009433962264150941,0.0,0.0,0.0,0.5094339622641509,0.0,0.0,0.0
test,active,11,by_voice,patient,106,-0.009658242171665407,-0.011192209315749834,-0.0015339671440844273,0.4811320754716981,0.4811320754716981,0.0,0.009433962264150943,0.009433962264150943,0.0,0.5094339622641509,0.018518518518518517,0.018518518518518517,0.0
test,active,11,pooled,agent,106,0.04494162325589162,0.043354767673420454,-0.0015868555824711666,0.49056603773584906,0.49056603773584906,0.0,0.0,0.0,0.0,0.5094339622641509,0.0,0.0,0.0
test,active,11,pooled,patient,106,0.10966761607044148,0.104970801551387,-0.0046968145190544874,0.5188679245283019,0.5188679245283019,0.0,0.02830188679245283,0.02830188679245283,0.0,0.5094339622641509,0.05555555555555556,0.05555555555555556,0.0
test,active,12,by_voice,agent,106,-0.38673829807425447,-0.3926602714466599,-0.005921973372405409,0.41509433962264153,0.4056603773584906,-0.009433962264150941,0.0,0.0,0.0,0.5094339622641509,0.0,0.0,0.0
test,active,12,by_voice,patient,106,-0.22242364343607202,-0.22223312899751482,0.0001905144385571933,0.46226415094339623,0.4716981132075472,0.009433962264150941,0.0,0.0,0.0,0.5094339622641509,0.0,0.0,0.0
test,active,12,pooled,agent,106,0.015880544230623066,0.014873306706266583,-0.001007237524356483,0.49056603773584906,0.49056603773584906,0.0,0.0,0.0,0.0,0.5094339622641509,0.0,0.0,0.0
test,active,12,pooled,patient,106,0.062470058225235846,0.05968944981413068,-0.0027806084111051677,0.5,0.5,0.0,0.009433962264150943,0.009433962264150943,0.0,0.5094339622641509,0.018518518518518517,0.018518518518518517,0.0
test,active,13,by_voice,agent,106,-0.40813746542300816,-0.41447148458012995,-0.006334019157121784,0.41509433962264153,0.41509433962264153,0.0,0.0,0.0,0.0,0.5094339622641509,0.0,0.0,0.0
test,active,13,by_voice,patient,106,-0.2674013578666831,-0.27252317824453676,-0.005121820377853636,0.4811320754716981,0.4811320754716981,0.0,0.009433962264150943,0.009433962264150943,0.0,0.5094339622641509,0.018518518518518517,0.018518518518518517,0.0
test,active,13,pooled,agent,106,0.033732621174938276,0.0333664282312933,-0.00036619294364497595,0.49056603773584906,0.49056603773584906,0.0,0.0,0.0,0.0,0.5094339622641509,0.0,0.0,0.0
test,active,13,pooled,patient,106,0.0876212569902528,0.08780735843586472,0.00018610144561191644,0.5,0.5,0.0,0.009433962264150943,0.009433962264150943,0.0,0.5094339622641509,0.018518518518518517,0.018518518518518517,0.0
test,active,14,by_voice,agent,106,-0.2581122506339595,-0.25772534001548336,0.00038691061847612174,0.46226415094339623,0.46226415094339623,0.0,0.0,0.0,0.0,0.5094339622641509,0.0,0.0,0.0
test,active,14,by_voice,patient,106,-0.1541236976407609,-0.15201115608215332,0.0021125415586075724,0.4811320754716981,0.4811320754716981,0.0,0.009433962264150943,0.009433962264150943,0.0,0.5094339622641509,0.018518518518518517,0.018518518518518517,0.0
test,active,14,pooled,agent,106,0.008833025986293578,0.00813818427751649,-0.0006948417087770872,0.49056603773584906,0.49056603773584906,0.0,0.0,0.0,0.0,0.5094339622641509,0.0,0.0,0.0
test,active,14,pooled,patient,106,0.08934630987779149,0.08738069714240308,-0.0019656127353884084,0.5,0.5,0.0,0.009433962264150943,0.009433962264150943,0.0,0.5094339622641509,0.018518518518518517,0.018518518518518517,0.0
test,active,15,by_voice,agent,106,-0.34958929835625413,-0.3555726982512564,-0.005983399895002295,0.42452830188679247,0.42452830188679247,0.0,0.0,0.0,0.0,0.5094339622641509,0.0,0.0,0.0
test,active,15,by_voice,patient,106,-0.2979123007576421,-0.3031677120136765,-0.0052554112560344035,0.4528301886792453,0.4528301886792453,0.0,0.0,0.0,0.0,0.5094339622641509,0.0,0.0,0.0
test,active,15,pooled,agent,106,0.01009143073603792,0.006735932152226286,-0.0033554985838116337,0.49056603773584906,0.49056603773584906,0.0,0.0,0.0,0.0,0.5094339622641509,0.0,0.0,0.0
test,active,15,pooled,patient,106,0.08373479123385448,0.08067445485097058,-0.003060336382883902,0.5,0.5,0.0,0.009433962264150943,0.009433962264150943,0.0,0.5094339622641509,0.018518518518518517,0.018518518518518517,0.0
test,active,16,by_voice,agent,106,-0.35634232242152375,-0.349377895301243,0.006964427120280725,0.42452830188679247,0.42452830188679247,0.0,0.0,0.0,0.0,0.5094339622641509,0.0,0.0,0.0
test,active,16,by_voice,patient,106,-0.3265002268665242,-0.31515500230609245,0.011345224560431744,0.4528301886792453,0.4528301886792453,0.0,0.0,0.0,0.0,0.5094339622641509,0.0,0.0,0.0
test,active,16,pooled,agent,106,0.01122823751197671,0.01819862059827121,0.0069703830862944995,0.49056603773584906,0.49056603773584906,0.0,0.0,0.0,0.0,0.5094339622641509,0.0,0.0,0.0
test,active,16,pooled,patient,106,0.06017485654579019,0.06877482612178011,0.008599969575989921,0.5094339622641509,0.5094339622641509,0.0,0.018867924528301886,0.018867924528301886,0.0,0.5094339622641509,0.037037037037037035,0.037037037037037035,0.0
test,active,17,by_voice,agent,106,-0.4111217350329993,-0.4142488646057417,-0.00312712957274236,0.41509433962264153,0.4056603773584906,-0.009433962264150941,0.0,0.0,0.0,0.5094339622641509,0.0,0.0,0.0
test,active,17,by_voice,patient,106,-0.4940432602504514,-0.5004475476606837,-0.006404287410232246,0.42452830188679247,0.42452830188679247,0.0,0.0,0.0,0.0,0.5094339622641509,0.0,0.0,0.0
test,active,17,pooled,agent,106,-0.004005585076673975,-0.007854538143805738,-0.0038489530671317624,0.49056603773584906,0.49056603773584906,0.0,0.0,0.0,0.0,0.5094339622641509,0.0,0.0,0.0
test,active,17,pooled,patient,106,0.0577220691824859,0.056996714394047576,-0.000725354788438326,0.5188679245283019,0.5188679245283019,0.0,0.02830188679245283,0.02830188679245283,0.0,0.5094339622641509,0.05555555555555556,0.05555555555555556,0.0
test,active,18,by_voice,agent,106,-0.6518459140129809,-0.6487278218539256,0.00311809215905523,0.37735849056603776,0.37735849056603776,0.0,0.0,0.0,0.0,0.5094339622641509,0.0,0.0,0.0
test,active,18,by_voice,patient,106,-0.5356847115282742,-0.5349234724944493,0.0007612390338249675,0.42452830188679247,0.4339622641509434,0.009433962264150941,0.0,0.0,0.0,0.5094339622641509,0.0,0.0,0.0
test,active,18,pooled,agent,106,0.01966187189210136,0.01740431785583496,-0.002257554036266398,0.49056603773584906,0.49056603773584906,0.0,0.0,0.0,0.0,0.5094339622641509,0.0,0.0,0.0
test,active,18,pooled,patient,106,0.07001314972931484,0.06799151762476507,-0.002021632104549767,0.5283018867924528,0.5283018867924528,0.0,0.03773584905660377,0.03773584905660377,0.0,0.5094339622641509,0.07407407407407407,0.07407407407407407,0.0
test,active,19,by_voice,agent,106,-0.33096222607594616,-0.32991146591474424,0.0010507601612019246,0.42452830188679247,0.42452830188679247,0.0,0.0,0.0,0.0,0.5094339622641509,0.0,0.0,0.0
test,active,19,by_voice,patient,106,-0.5170540629692797,-0.518559568333176,-0.0015055053638962645,0.39622641509433965,0.39622641509433965,0.0,0.0,0.0,0.0,0.5094339622641509,0.0,0.0,0.0
test,active,19,pooled,agent,106,0.031416087780358655,0.02492977538198795,-0.0064863123983707055,0.49056603773584906,0.49056603773584906,0.0,0.0,0.0,0.0,0.5094339622641509,0.0,0.0,0.0
test,active,19,pooled,patient,106,0.08499138760116864,0.08637872731910562,0.001387339717936975,0.5283018867924528,0.5283018867924528,0.0,0.03773584905660377,0.03773584905660377,0.0,0.5094339622641509,0.07407407407407407,0.07407407407407407,0.0
test,active,2,by_voice,agent,106,-0.156209981666421,-0.1564082199672483,-0.000198238300827297,0.4811320754716981,0.4811320754716981,0.0,0.0,0.0,0.0,0.5094339622641509,0.0,0.0,0.0
test,active,2,by_voice,patient,106,-0.06485291696944327,-0.06473645174278403,0.00011646522665924308,0.4811320754716981,0.4811320754716981,0.0,0.0,0.0,0.0,0.5094339622641509,0.0,0.0,0.0
test,active,2,pooled,agent,106,0.009478294624472564,0.009374861447316295,-0.00010343317715626882,0.49056603773584906,0.49056603773584906,0.0,0.0,0.0,0.0,0.5094339622641509,0.0,0.0,0.0
test,active,2,pooled,patient,106,0.004466875544134176,0.004595054770415684,0.00012817922628150825,0.49056603773584906,0.49056603773584906,0.0,0.0,0.0,0.0,0.5094339622641509,0.0,0.0,0.0
test,active,20,by_voice,agent,106,-0.21625039262591667,-0.2283096673353663,-0.012059274709449647,0.4716981132075472,0.46226415094339623,-0.009433962264150941,0.0,0.0,0.0,0.5094339622641509,0.0,0.0,0.0
test,active,20,by_voice,patient,106,-0.5198428720798133,-0.5264394778125691,-0.006596605732755778,0.39622641509433965,0.39622641509433965,0.0,0.009433962264150943,0.009433962264150943,0.0,0.5094339622641509,0.018518518518518517,0.018518518518518517,0.0
test,active,20,pooled,agent,106,-0.003529503660381965,-0.00562782107659106,-0.0020983174162090947,0.4811320754716981,0.4811320754716981,0.0,0.0,0.0,0.0,0.5094339622641509,0.0,0.0,0.0
test,active,20,pooled,patient,106,-0.004095311434763782,-0.004491985968823703,-0.0003966745340599209,0.49056603773584906,0.49056603773584906,0.0,0.0,0.0,0.0,0.5094339622641509,0.0,0.0,0.0
test,active,21,by_voice,agent,106,-0.23328909783993126,-0.24430533175198538,-0.011016233912054113,0.4811320754716981,0.4811320754716981,0.0,0.009433962264150943,0.009433962264150943,0.0,0.5094339622641509,0.018518518518518517,0.018518518518518517,0.0
test,active,21,by_voice,patient,106,-0.14974942747152076,-0.16093162770541208,-0.011182200233891326,0.4716981132075472,0.46226415094339623,-0.009433962264150941,0.009433962264150943,0.009433962264150943,0.0,0.5094339622641509,0.018518518518518517,0.018518518518518517,0.0
test,active,21,pooled,agent,106,0.058494549877238726,0.0550021675397765,-0.003492382337462227,0.5,0.5,0.0,0.009433962264150943,0.009433962264150943,0.0,0.5094339622641509,0.018518518518518517,0.018518518518518517,0.0
test,active,21,pooled,patient,106,0.007243633270263672,0.004240710780305683,-0.003002922489957989,0.5,0.5,0.0,0.009433962264150943,0.009433962264150943,0.0,0.5094339622641509,0.018518518518518517,0.018518518518518517,0.0
test,active,22,by_voice,agent,106,0.18895214908527877,0.1738985911855158,-0.015053557899762982,0.5566037735849056,0.5566037735849056,0.0,0.07547169811320754,0.07547169811320754,0.0,0.5094339622641509,0.14814814814814814,0.14814814814814814,0.0
test,active,22,by_voice,patient,106,-0.18719520208970555,-0.18865728828142275,-0.001462086191717199,0.44339622641509435,0.44339622641509435,0.0,0.009433962264150943,0.009433962264150943,0.0,0.5094339622641509,0.018518518518518517,0.018518518518518517,0.0
test,active,22,pooled,agent,106,0.03926959127750037,0.03529656608149691,-0.0039730251960034615,0.5094339622641509,0.5094339622641509,0.0,0.018867924528301886,0.018867924528301886,0.0,0.5094339622641509,0.037037037037037035,0.037037037037037035,0.0
test,active,22,pooled,patient,106,0.0035589371087416163,0.001735565797337946,-0.0018233713114036703,0.5,0.5094339622641509,0.009433962264150941,0.009433962264150943,0.018867924528301886,0.009433962264150943,0.5094339622641509,0.018518518518518517,0.037037037037037035,0.018518518518518517
test,active,23,by_voice,agent,106,0.2591660697505159,0.25752042824367305,-0.0016456415068428765,0.5660377358490566,0.5660377358490566,0.0,0.07547169811320754,0.07547169811320754,0.0,0.5094339622641509,0.14814814814814814,0.14814814814814814,0.0
test,active,23,by_voice,patient,106,-0.3903527169857385,-0.39401008947840277,-0.0036573724926642903,0.4056603773584906,0.4056603773584906,0.0,0.009433962264150943,0.009433962264150943,0.0,0.5094339622641509,0.018518518518518517,0.018518518518518517,0.0
test,active,23,pooled,agent,106,-0.10326314872165895,-0.1114192098941443,-0.008156061172485352,0.49056603773584906,0.49056603773584906,0.0,0.009433962264150943,0.009433962264150943,0.0,0.5094339622641509,0.018518518518518517,0.018518518518518517,0.0
test,active,23,pooled,patient,106,-0.06379413154889953,-0.059668334025257036,0.004125797523642491,0.5,0.5,0.0,0.009433962264150943,0.009433962264150943,0.0,0.5094339622641509,0.018518518518518517,0.018518518518518517,0.0
test,active,24,by_voice,agent,106,0.5256958480151195,0.5123927368308013,-0.01330311118431815,0.6132075471698113,0.6132075471698113,0.0,0.12264150943396226,0.12264150943396226,0.0,0.5094339622641509,0.24074074074074076,0.24074074074074076,0.0
test,active,24,by_voice,patient,106,-0.1301378663980736,-0.1396140512430443,-0.009476184844970703,0.4811320754716981,0.4716981132075472,-0.009433962264150941,0.05660377358490566,0.04716981132075472,-0.009433962264150941,0.5094339622641509,0.11111111111111112,0.0925925925925926,-0.018518518518518517
test,active,24,pooled,agent,106,0.11437902810438624,0.10456453179413418,-0.009814496310252066,0.5566037735849056,0.5566037735849056,0.0,0.0660377358490566,0.0660377358490566,0.0,0.5094339622641509,0.12962962962962962,0.12962962962962962,0.0
test,active,24,pooled,patient,106,-0.04492470903216668,-0.046064498289576115,-0.0011397892574094362,0.5094339622641509,0.5094339622641509,0.0,0.018867924528301886,0.018867924528301886,0.0,0.5094339622641509,0.037037037037037035,0.037037037037037035,0.0
test,active,25,by_voice,agent,106,0.49741841712087953,0.4931892314047184,-0.004229185716161155,0.6037735849056604,0.6037735849056604,0.0,0.11320754716981132,0.11320754716981132,0.0,0.5094339622641509,0.22222222222222224,0.22222222222222224,0.0
test,active,25,by_voice,patient,106,0.21774004990199827,0.2216059036974637,0.003865853795465418,0.5471698113207547,0.5471698113207547,0.0,0.07547169811320754,0.07547169811320754,0.0,0.5094339622641509,0.14814814814814814,0.14814814814814814,0.0
test,active,25,pooled,agent,106,0.20628887302470658,0.2140946478213904,0.007805774796683818,0.5660377358490566,0.5660377358490566,0.0,0.07547169811320754,0.07547169811320754,0.0,0.5094339622641509,0.14814814814814814,0.14814814814814814,0.0
test,active,25,pooled,patient,106,0.09717387973137621,0.09465003463457215,-0.0025238450968040615,0.5283018867924528,0.5283018867924528,0.0,0.03773584905660377,0.03773584905660377,0.0,0.5094339622641509,0.07407407407407407,0.07407407407407407,0.0
test,active,26,by_voice,agent,106,0.5062895900798294,0.5064387231502893,0.00014913307045982815,0.6226415094339622,0.6226415094339622,0.0,0.1320754716981132,0.1320754716981132,0.0,0.5094339622641509,0.25925925925925924,0.25925925925925924,0.0
test,active,26,by_voice,patient,106,0.1621323711467239,0.16206642366805166,-6.594747867225137e-05,0.5471698113207547,0.5471698113207547,0.0,0.07547169811320754,0.07547169811320754,0.0,0.5094339622641509,0.14814814814814814,0.14814814814814814,0.0
test,active,26,pooled,agent,106,0.26069194415830216,0.26944446113874326,0.008752516980441105,0.5754716981132075,0.5754716981132075,0.0,0.08490566037735849,0.08490566037735849,0.0,0.5094339622641509,0.16666666666666666,0.16666666666666666,0.0
test,active,26,pooled,patient,106,0.19193100929260254,0.19412867977934065,0.002197670486738107,0.5471698113207547,0.5471698113207547,0.0,0.0660377358490566,0.0660377358490566,0.0,0.5094339622641509,0.12962962962962962,0.12962962962962962,0.0
test,active,27,by_voice,agent,106,0.3847509352666027,0.3858840443053336,0.0011331090387308729,0.5849056603773585,0.5849056603773585,0.0,0.09433962264150944,0.09433962264150944,0.0,0.5094339622641509,0.1851851851851852,0.1851851851851852,0.0
test,active,27,by_voice,patient,106,0.013181519958208193,0.013355300111590692,0.00017378015338249952,0.5377358490566038,0.5377358490566038,0.0,0.07547169811320754,0.07547169811320754,0.0,0.5094339622641509,0.14814814814814814,0.14814814814814814,0.0
test,active,27,pooled,agent,106,0.19652266772288196,0.19796547799740197,0.0014428102745200067,0.5566037735849056,0.5566037735849056,0.0,0.0660377358490566,0.0660377358490566,0.0,0.5094339622641509,0.12962962962962962,0.12962962962962962,0.0
test,active,27,pooled,patient,106,0.12471999762193212,0.12677975420681936,0.0020597565848872457,0.5377358490566038,0.5377358490566038,0.0,0.05660377358490566,0.05660377358490566,0.0,0.5094339622641509,0.11111111111111112,0.11111111111111112,0.0
test,active,28,by_voice,agent,106,0.19641841807455387,0.1951608050544307,-0.0012576130201231717,0.5377358490566038,0.5377358490566038,0.0,0.04716981132075472,0.04716981132075472,0.0,0.5094339622641509,0.0925925925925926,0.0925925925925926,0.0
test,active,28,by_voice,patient,106,-0.31146438166780294,-0.3126189551263485,-0.0011545734585455825,0.4811320754716981,0.4811320754716981,0.0,0.0,0.0,0.0,0.5094339622641509,0.0,0.0,0.0
test,active,28,pooled,agent,106,0.04598869917527685,0.04714899243048902,0.0011602932552121706,0.5,0.5,0.0,0.009433962264150943,0.009433962264150943,0.0,0.5094339622641509,0.018518518518518517,0.018518518518518517,0.0
test,active,28,pooled,patient,106,-0.12260635618893605,-0.12144080647882426,0.0011655497101117906,0.49056603773584906,0.49056603773584906,0.0,0.0,0.0,0.0,0.5094339622641509,0.0,0.0,0.0
test,active,29,by_voice,agent,106,0.016339549478494895,0.016967831917528837,0.000628282439033942,0.49056603773584906,0.49056603773584906,0.0,0.0,0.0,0.0,0.5094339622641509,0.0,0.0,0.0
test,active,29,by_voice,patient,106,-0.02730399932501451,-0.027144816686522286,0.00015918263849222514,0.5188679245283019,0.5188679245283019,0.0,0.02830188679245283,0.02830188679245283,0.0,0.5094339622641509,0.05555555555555556,0.05555555555555556,0.0
test,active,29,pooled,agent,106,0.03562978528580576,0.03394439985167305,-0.0016853854341327065,0.49056603773584906,0.49056603773584906,0.0,0.0,0.0,0.0,0.5094339622641509,0.0,0.0,0.0
test,active,29,pooled,patient,106,-0.01674090691332547,-0.01575548693818866,0.0009854199751368094,0.5,0.5,0.0,0.009433962264150943,0.009433962264150943,0.0,0.5094339622641509,0.018518518518518517,0.018518518518518517,0.0
test,active,3,by_voice,agent,106,-0.32199704422141023,-0.3231536104994,-0.0011565662779897679,0.46226415094339623,0.46226415094339623,0.0,0.0,0.0,0.0,0.5094339622641509,0.0,0.0,0.0
test,active,3,by_voice,patient,106,0.07088483954375645,0.06721538867590562,-0.0036694508678508236,0.4811320754716981,0.4811320754716981,0.0,0.0,0.0,0.0,0.5094339622641509,0.0,0.0,0.0
test,active,3,pooled,agent,106,0.02907913585878768,0.029522841831423202,0.0004437059726355233,0.49056603773584906,0.49056603773584906,0.0,0.0,0.0,0.0,0.5094339622641509,0.0,0.0,0.0
test,active,3,pooled,patient,106,0.026791532084626972,0.026883836062449328,9.230397782235625e-05,0.49056603773584906,0.49056603773584906,0.0,0.009433962264150943,0.009433962264150943,0.0,0.5094339622641509,0.018518518518518517,0.018518518518518517,0.0
test,active,30,by_voice,agent,106,-0.01515788402197496,-0.015532687025250128,-0.00037480300327516827,0.4811320754716981,0.4811320754716981,0.0,0.0,0.0,0.0,0.5094339622641509,0.0,0.0,0.0
test,active,30,by_voice,patient,106,0.03132539425256117,0.030956317793648196,-0.0003690764589129765,0.5377358490566038,0.5377358490566038,0.0,0.04716981132075472,0.04716981132075472,0.0,0.5094339622641509,0.0925925925925926,0.0925925925925926,0.0
test,active,30,pooled,agent,106,0.001391113929028781,0.0010094057838871795,-0.00038170814514160156,0.49056603773584906,0.49056603773584906,0.0,0.0,0.0,0.0,0.5094339622641509,0.0,0.0,0.0
test,active,30,pooled,patient,106,0.004991535870534069,0.004158847736862471,-0.0008326881336715988,0.5,0.5,0.0,0.009433962264150943,0.009433962264150943,0.0,0.5094339622641509,0.018518518518518517,0.018518518518518517,0.0
test,active,31,by_voice,agent,106,0.0,0.0,0.0,0.49056603773584906,0.49056603773584906,0.0,0.0,0.0,0.0,0.5094339622641509,0.0,0.0,0.0
test,active,31,by_voice,patient,106,0.0,0.0,0.0,0.49056603773584906,0.49056603773584906,0.0,0.0,0.0,0.0,0.5094339622641509,0.0,0.0,0.0
test,active,31,pooled,agent,106,0.0,0.0,0.0,0.49056603773584906,0.49056603773584906,0.0,0.0,0.0,0.0,0.5094339622641509,0.0,0.0,0.0
test,active,31,pooled,patient,106,0.0,0.0,0.0,0.49056603773584906,0.49056603773584906,0.0,0.0,0.0,0.0,0.5094339622641509,0.0,0.0,0.0
test,active,4,by_voice,agent,106,-0.3203519920133195,-0.31680790433343853,0.0035440876798809584,0.44339622641509435,0.44339622641509435,0.0,0.0,0.0,0.0,0.5094339622641509,0.0,0.0,0.0
test,active,4,by_voice,patient,106,0.013125325148960329,0.014002867464749318,0.000877542315788989,0.5,0.5,0.0,0.009433962264150943,0.009433962264150943,0.0,0.5094339622641509,0.018518518518518517,0.018518518518518517,0.0
test,active,4,pooled,agent,106,0.023046835413518943,0.02432221286701706,0.0012753774534981187,0.49056603773584906,0.49056603773584906,0.0,0.0,0.0,0.0,0.5094339622641509,0.0,0.0,0.0
test,active,4,pooled,patient,106,0.036905459637911815,0.03752233397285893,0.0006168743349471151,0.49056603773584906,0.49056603773584906,0.0,0.009433962264150943,0.009433962264150943,0.0,0.5094339622641509,0.018518518518518517,0.018518518518518517,0.0
test,active,5,by_voice,agent,106,-0.1567720017343197,-0.15112709774161284,0.005644903992706868,0.46226415094339623,0.46226415094339623,0.0,0.0,0.0,0.0,0.5094339622641509,0.0,0.0,0.0
test,active,5,by_voice,patient,106,0.049925975079806346,0.05342839798837338,0.003502422908567032,0.5094339622641509,0.5094339622641509,0.0,0.018867924528301886,0.018867924528301886,0.0,0.5094339622641509,0.037037037037037035,0.037037037037037035,0.0
test,active,5,pooled,agent,106,0.026980674491738372,0.027867789538401477,0.0008871150466631048,0.49056603773584906,0.49056603773584906,0.0,0.0,0.0,0.0,0.5094339622641509,0.0,0.0,0.0
test,active,5,pooled,patient,106,0.0480521669927633,0.048103022125532045,5.085513276874287e-05,0.49056603773584906,0.49056603773584906,0.0,0.009433962264150943,0.009433962264150943,0.0,0.5094339622641509,0.018518518518518517,0.018518518518518517,0.0
test,active,6,by_voice,agent,106,-0.08228316846883522,-0.08558018927304249,-0.003297020804207268,0.4716981132075472,0.46226415094339623,-0.009433962264150941,0.0,0.0,0.0,0.5094339622641509,0.0,0.0,0.0
test,active,6,by_voice,patient,106,0.06738026636951375,0.06299245582436616,-0.004387810545147586,0.5094339622641509,0.5094339622641509,0.0,0.018867924528301886,0.018867924528301886,0.0,0.5094339622641509,0.037037037037037035,0.037037037037037035,0.0
test,active,6,pooled,agent,106,0.040342924729833064,0.03781459466466364,-0.0025283300651694277,0.49056603773584906,0.49056603773584906,0.0,0.0,0.0,0.0,0.5094339622641509,0.0,0.0,0.0
test,active,6,pooled,patient,106,0.06536596226242353,0.0637885534538413,-0.0015774088085822313,0.49056603773584906,0.49056603773584906,0.0,0.009433962264150943,0.009433962264150943,0.0,0.5094339622641509,0.018518518518518517,0.018518518518518517,0.0
test,active,7,by_voice,agent,106,0.008849308175860712,0.0013919214032730967,-0.007457386772587615,0.5094339622641509,0.5094339622641509,0.0,0.02830188679245283,0.02830188679245283,0.0,0.5094339622641509,0.05555555555555556,0.05555555555555556,0.0
test,active,7,by_voice,patient,106,0.09659366787604566,0.0924992876232795,-0.004094380252766164,0.5188679245283019,0.5188679245283019,0.0,0.02830188679245283,0.02830188679245283,0.0,0.5094339622641509,0.05555555555555556,0.05555555555555556,0.0
test,active,7,pooled,agent,106,0.04598323804027629,0.04549071473895379,-0.0004925233013225033,0.49056603773584906,0.49056603773584906,0.0,0.0,0.0,0.0,0.5094339622641509,0.0,0.0,0.0
test,active,7,pooled,patient,106,0.09383305513633872,0.09226407195037266,-0.001568983185966058,0.49056603773584906,0.49056603773584906,0.0,0.009433962264150943,0.009433962264150943,0.0,0.5094339622641509,0.018518518518518517,0.018518518518518517,0.0
test,active,8,by_voice,agent,106,-0.1022200494442346,-0.09938852292186809,0.002831526522366512,0.4716981132075472,0.4716981132075472,0.0,0.0,0.0,0.0,0.5094339622641509,0.0,0.0,0.0
test,active,8,by_voice,patient,106,0.036106820376414175,0.03735418139763598,0.0012473610212218045,0.49056603773584906,0.5,0.009433962264150941,0.009433962264150943,0.009433962264150943,0.0,0.5094339622641509,0.018518518518518517,0.018518518518518517,0.0
test,active,8,pooled,agent,106,0.054526859859250626,0.054454511066652694,-7.234879259793159e-05,0.49056603773584906,0.49056603773584906,0.0,0.0,0.0,0.0,0.5094339622641509,0.0,0.0,0.0
test,active,8,pooled,patient,106,0.0841297023701218,0.08481821474039329,0.0006885123702714963,0.49056603773584906,0.49056603773584906,0.0,0.009433962264150943,0.009433962264150943,0.0,0.5094339622641509,0.018518518518518517,0.018518518518518517,0.0
test,active,9,by_voice,agent,106,-0.1508518030058663,-0.15500013108523386,-0.004148328079367575,0.46226415094339623,0.46226415094339623,0.0,0.0,0.0,0.0,0.5094339622641509,0.0,0.0,0.0
test,active,9,by_voice,patient,106,0.007094662144499005,0.006343288241692309,-0.0007513739028066953,0.49056603773584906,0.49056603773584906,0.0,0.009433962264150943,0.009433962264150943,0.0,0.5094339622641509,0.018518518518518517,0.018518518518518517,0.0
test,active,9,pooled,agent,106,0.04046104089269098,0.0379357247982385,-0.0025253160944524802,0.49056603773584906,0.49056603773584906,0.0,0.0,0.0,0.0,0.5094339622641509,0.0,0.0,0.0
test,active,9,pooled,patient,106,0.0763846883233988,0.07488997927251852,-0.001494709050880283,0.5,0.5,0.0,0.009433962264150943,0.009433962264150943,0.0,0.5094339622641509,0.018518518518518517,0.018518518518518517,0.0
test,passive,0,by_voice,agent,106,-0.0294700118730653,-0.02854856904947533,0.000921442823589972,0.330188679245283,0.33962264150943394,0.009433962264150941,0.009433962264150943,0.018867924528301886,0.009433962264150943,0.6698113207547169,0.014084507042253521,0.028169014084507043,0.014084507042253521
test,passive,0,by_voice,patient,106,0.02326172702717331,0.023315371207471163,5.364418029785156e-05,0.33962264150943394,0.33962264150943394,0.0,0.009433962264150943,0.009433962264150943,0.0,0.6698113207547169,0.014084507042253521,0.014084507042253521,0.0
test,passive,0,pooled,agent,106,-0.002622181514524064,-0.002263748420859283,0.0003584330936647808,0.330188679245283,0.330188679245283,0.0,0.0,0.0,0.0,0.6698113207547169,0.0,0.0,0.0
test,passive,0,pooled,patient,106,0.01213721959096081,0.012165883802018076,2.8664211057266575e-05,0.33962264150943394,0.33962264150943394,0.0,0.009433962264150943,0.009433962264150943,0.0,0.6698113207547169,0.014084507042253521,0.014084507042253521,0.0
test,passive,1,by_voice,agent,106,0.06132282850877294,0.06176652098601719,0.0004436924772442466,0.3584905660377358,0.3584905660377358,0.0,0.02830188679245283,0.02830188679245283,0.0,0.6698113207547169,0.04225352112676057,0.04225352112676057,0.0
test,passive,1,by_voice,patient,106,0.07512993632622485,0.07530918211307165,0.00017924578684680448,0.33962264150943394,0.33962264150943394,0.0,0.009433962264150943,0.009433962264150943,0.0,0.6698113207547169,0.014084507042253521,0.014084507042253521,0.0
test,passive,1,pooled,agent,106,0.002929125192030421,0.003755686418065485,0.0008265612260350639,0.32075471698113206,0.32075471698113206,0.0,0.0,0.0,0.0,0.6698113207547169,0.0,0.0,0.0
test,passive,1,pooled,patient,106,0.010430061592246001,0.010714926809634803,0.00028486521738880187,0.330188679245283,0.330188679245283,0.0,0.0,0.0,0.0,0.6698113207547169,0.0,0.0,0.0
test,passive,10,by_voice,agent,106,0.3249471772391841,0.31903387015720586,-0.005913307081978236,0.42452830188679247,0.42452830188679247,0.0,0.09433962264150944,0.09433962264150944,0.0,0.6698113207547169,0.14084507042253522,0.14084507042253522,0.0
test,passive,10,by_voice,patient,106,0.1277330056676325,0.12182770585114101,-0.005905299816491474,0.3490566037735849,0.3490566037735849,0.0,0.02830188679245283,0.02830188679245283,0.0,0.6698113207547169,0.04225352112676057,0.04225352112676057,0.0
test,passive,10,pooled,agent,106,0.07644309187835117,0.07148496159967387,-0.0049581302786773085,0.33962264150943394,0.33962264150943394,0.0,0.009433962264150943,0.009433962264150943,0.0,0.6698113207547169,0.014084507042253521,0.014084507042253521,0.0
test,passive,10,pooled,patient,106,0.04577984000152012,0.04220682270122024,-0.00357301730029988,0.330188679245283,0.330188679245283,0.0,0.0,0.0,0.0,0.6698113207547169,0.0,0.0,0.0
test,passive,11,by_voice,agent,106,0.40674903257837836,0.4047077511841396,-0.0020412813942387587,0.4528301886792453,0.4528301886792453,0.0,0.12264150943396226,0.12264150943396226,0.0,0.6698113207547169,0.18309859154929578,0.18309859154929578,0.0
test,passive,11,by_voice,patient,106,0.23855724874532447,0.23838162872026553,-0.00017562002505894236,0.3867924528301887,0.3867924528301887,0.0,0.05660377358490566,0.05660377358490566,0.0,0.6698113207547169,0.08450704225352114,0.08450704225352114,0.0
test,passive,11,pooled,agent,106,0.07982787995968225,0.07679807465031462,-0.003029805309367639,0.330188679245283,0.330188679245283,0.0,0.0,0.0,0.0,0.6698113207547169,0.0,0.0,0.0
test,passive,11,pooled,patient,106,0.06483660553986172,0.0633678211356109,-0.0014687844042508141,0.3490566037735849,0.3490566037735849,0.0,0.018867924528301886,0.018867924528301886,0.0,0.6698113207547169,0.028169014084507043,0.028169014084507043,0.0
test,passive,12,by_voice,agent,106,0.4888938507943783,0.48852520168952224,-0.00036864910485606694,0.46226415094339623,0.46226415094339623,0.0,0.1320754716981132,0.1320754716981132,0.0,0.6698113207547169,0.1971830985915493,0.1971830985915493,0.0
test,passive,12,by_voice,patient,106,0.4089045839489631,0.4077025674424081,-0.0012020165065549926,0.42452830188679247,0.41509433962264153,-0.009433962264150941,0.09433962264150944,0.08490566037735849,-0.009433962264150955,0.6698113207547169,0.14084507042253522,0.1267605633802817,-0.01408450704225353
test,passive,12,pooled,agent,106,0.02967180845872411,0.028766834510947175,-0.0009049739477769367,0.330188679245283,0.330188679245283,0.0,0.0,0.0,0.0,0.6698113207547169,0.0,0.0,0.0
test,passive,12,pooled,patient,106,0.04004204947993441,0.03854071869040435,-0.0015013307895300546,0.33962264150943394,0.33962264150943394,0.0,0.009433962264150943,0.009433962264150943,0.0,0.6698113207547169,0.014084507042253521,0.014084507042253521,0.0
test,passive,13,by_voice,agent,106,0.5412307055491321,0.5463184455655655,0.0050877400164334174,0.4716981132075472,0.4716981132075472,0.0,0.14150943396226415,0.14150943396226415,0.0,0.6698113207547169,0.2112676056338028,0.2112676056338028,0.0
test,passive,13,by_voice,patient,106,0.4404919687307106,0.4475932391184681,0.007101270387757486,0.41509433962264153,0.41509433962264153,0.0,0.08490566037735849,0.08490566037735849,0.0,0.6698113207547169,0.1267605633802817,0.1267605633802817,0.0
test,passive,13,pooled,agent,106,0.027472050684802938,0.027295324037659843,-0.00017672664714309463,0.32075471698113206,0.32075471698113206,0.0,0.0,0.0,0.0,0.6698113207547169,0.0,0.0,0.0
test,passive,13,pooled,patient,106,0.05326370923024303,0.05358946098471588,0.00032575175447284443,0.330188679245283,0.330188679245283,0.0,0.0,0.0,0.0,0.6698113207547169,0.0,0.0,0.0
test,passive,14,by_voice,agent,106,0.4219782892263161,0.4183074663270195,-0.0036708228992965997,0.4339622641509434,0.4339622641509434,0.0,0.10377358490566038,0.10377358490566038,0.0,0.6698113207547169,0.15492957746478875,0.15492957746478875,0.0
test,passive,14,by_voice,patient,106,0.35422793874200786,0.3517389792316365,-0.002488959510371369,0.41509433962264153,0.41509433962264153,0.0,0.08490566037735849,0.08490566037735849,0.0,0.6698113207547169,0.1267605633802817,0.1267605633802817,0.0
test,passive,14,pooled,agent,106,0.05221057388017762,0.05110817585351332,-0.0011023980266643002,0.32075471698113206,0.32075471698113206,0.0,0.0,0.0,0.0,0.6698113207547169,0.0,0.0,0.0
test,passive,14,pooled,patient,106,0.048396758313448925,0.04714426904354455,-0.0012524892699043721,0.330188679245283,0.330188679245283,0.0,0.009433962264150943,0.009433962264150943,0.0,0.6698113207547169,0.014084507042253521,0.014084507042253521,0.0
test,passive,15,by_voice,agent,106,0.5124056114340728,0.513420802242351,0.0010151908082781658,0.46226415094339623,0.46226415094339623,0.0,0.1320754716981132,0.1320754716981132,0.0,0.6698113207547169,0.1971830985915493,0.1971830985915493,0.0
test,passive,15,by_voice,patient,106,0.4340550359689964,0.4322519842183815,-0.0018030517506149035,0.41509433962264153,0.41509433962264153,0.0,0.08490566037735849,0.08490566037735849,0.0,0.6698113207547169,0.1267605633802817,0.1267605633802817,0.0
test,passive,15,pooled,agent,106,0.004474923295794793,0.0020248260138169775,-0.0024500972819778153,0.32075471698113206,0.32075471698113206,0.0,0.0,0.0,0.0,0.6698113207547169,0.0,0.0,0.0
test,passive,15,pooled,patient,106,0.0025107410718809885,0.0007215310942451909,-0.0017892099776357976,0.32075471698113206,0.32075471698113206,0.0,0.0,0.0,0.0,0.6698113207547169,0.0,0.0,0.0
test,passive,16,by_voice,agent,106,0.4905914765483928,0.4980116610257131,0.007420184477320291,0.44339622641509435,0.44339622641509435,0.0,0.11320754716981132,0.11320754716981132,0.0,0.6698113207547169,0.16901408450704228,0.16901408450704228,0.0
test,passive,16,by_voice,patient,106,0.4111933933114106,0.42264646404194384,0.011453070730533255,0.41509433962264153,0.41509433962264153,0.0,0.08490566037735849,0.08490566037735849,0.0,0.6698113207547169,0.1267605633802817,0.1267605633802817,0.0
test,passive,16,pooled,agent,106,0.00605505367494979,0.01492707684354962,0.00887202316859983,0.3113207547169811,0.3113207547169811,0.0,0.0,0.0,0.0,0.6698113207547169,0.0,0.0,0.0
test,passive,16,pooled,patient,106,0.0019995716382872385,0.008399616997196989,0.00640004535890975,0.330188679245283,0.330188679245283,0.0,0.009433962264150943,0.009433962264150943,0.0,0.6698113207547169,0.014084507042253521,0.014084507042253521,0.0
test,passive,17,by_voice,agent,106,0.5671956134292314,0.5634249876130302,-0.003770625816201245,0.4811320754716981,0.4811320754716981,0.0,0.1509433962264151,0.1509433962264151,0.0,0.6698113207547169,0.22535211267605634,0.22535211267605634,0.0
test,passive,17,by_voice,patient,106,0.39465897937990585,0.39171275552713647,-0.0029462238527693807,0.4056603773584906,0.4056603773584906,0.0,0.07547169811320754,0.07547169811320754,0.0,0.6698113207547169,0.11267605633802817,0.11267605633802817,0.0
test,passive,17,pooled,agent,106,-0.01196727212869896,-0.01311619776599812,-0.00114892563729916,0.3113207547169811,0.3113207547169811,0.0,0.0,0.0,0.0,0.6698113207547169,0.0,0.0,0.0
test,passive,17,pooled,patient,106,-0.03249232274181438,-0.03836830607000387,-0.005875983328189491,0.3018867924528302,0.3018867924528302,0.0,0.0,0.0,0.0,0.6698113207547169,0.0,0.0,0.0
test,passive,18,by_voice,agent,106,0.5990769818144025,0.5993425081361015,0.0002655263216989612,0.46226415094339623,0.46226415094339623,0.0,0.1320754716981132,0.1320754716981132,0.0,0.6698113207547169,0.1971830985915493,0.1971830985915493,0.0
test,passive,18,by_voice,patient,106,0.5291262887558847,0.5284271240234375,-0.0006991647324472439,0.44339622641509435,0.4339622641509434,-0.009433962264150941,0.11320754716981132,0.10377358490566038,-0.009433962264150941,0.6698113207547169,0.16901408450704228,0.15492957746478875,-0.01408450704225353
test,passive,18,pooled,agent,106,-0.06827918988353801,-0.06866959355912118,-0.00039040367558317024,0.29245283018867924,0.29245283018867924,0.0,0.0,0.0,0.0,0.6698113207547169,0.0,0.0,0.0
test,passive,18,pooled,patient,106,-0.024167020365876972,-0.022595760957250056,0.0015712594086269155,0.330188679245283,0.330188679245283,0.0,0.009433962264150943,0.009433962264150943,0.0,0.6698113207547169,0.014084507042253521,0.014084507042253521,0.0
test,passive,19,by_voice,agent,106,0.5798199626634706,0.5700696009509968,-0.009750361712473787,0.49056603773584906,0.49056603773584906,0.0,0.16037735849056603,0.16037735849056603,0.0,0.6698113207547169,0.23943661971830987,0.23943661971830987,0.0
test,passive,19,by_voice,patient,106,0.4178822940250613,0.4147303689200923,-0.003151925104968978,0.4339622641509434,0.4339622641509434,0.0,0.10377358490566038,0.10377358490566038,0.0,0.6698113207547169,0.15492957746478875,0.15492957746478875,0.0
test,passive,19,pooled,agent,106,-0.08804376170320331,-0.08801026614207141,3.349556113189933e-05,0.2830188679245283,0.2830188679245283,0.0,0.0,0.0,0.0,0.6698113207547169,0.0,0.0,0.0
test,passive,19,pooled,patient,106,-0.12487694002547355,-0.12828078809774146,-0.003403848072267915,0.2830188679245283,0.2830188679245283,0.0,0.0,0.0,0.0,0.6698113207547169,0.0,0.0,0.0
test,passive,2,by_voice,agent,106,0.08985034474786723,0.08973810357867547,-0.00011224116919175686,0.37735849056603776,0.37735849056603776,0.0,0.04716981132075472,0.04716981132075472,0.0,0.6698113207547169,0.07042253521126761,0.07042253521126761,0.0
test,passive,2,by_voice,patient,106,0.13793329022965342,0.13866548268300183,0.000732192453348407,0.36792452830188677,0.36792452830188677,0.0,0.03773584905660377,0.03773584905660377,0.0,0.6698113207547169,0.056338028169014086,0.056338028169014086,0.0
test,passive,2,pooled,agent,106,0.002123571791738834,0.0022394162303996535,0.0001158444386608194,0.330188679245283,0.330188679245283,0.0,0.0,0.0,0.0,0.6698113207547169,0.0,0.0,0.0
test,passive,2,pooled,patient,106,0.014297413376142393,0.014520748606267965,0.00022333523012557123,0.330188679245283,0.330188679245283,0.0,0.0,0.0,0.0,0.6698113207547169,0.0,0.0,0.0
test,passive,20,by_voice,agent,106,0.5423420780109909,0.5446944776571022,0.002352399646111336,0.5094339622641509,0.5094339622641509,0.0,0.1792452830188679,0.1792452830188679,0.0,0.6698113207547169,0.2676056338028169,0.2676056338028169,0.0
test,passive,20,by_voice,patient,106,0.261899138396641,0.2736493281598361,0.01175018976319514,0.4056603773584906,0.4056603773584906,0.0,0.07547169811320754,0.07547169811320754,0.0,0.6698113207547169,0.11267605633802817,0.11267605633802817,0.0
test,passive,20,pooled,agent,106,0.011125510593630233,0.007288991280321805,-0.0038365193133084287,0.33962264150943394,0.33962264150943394,0.0,0.018867924528301886,0.018867924528301886,0.0,0.6698113207547169,0.028169014084507043,0.028169014084507043,0.0
test,passive,20,pooled,patient,106,0.07402821306912404,0.06429562478695276,-0.009732588282171273,0.3113207547169811,0.3113207547169811,0.0,0.0,0.0,0.0,0.6698113207547169,0.0,0.0,0.0
test,passive,21,by_voice,agent,106,0.37541251362494704,0.37618382921758686,0.0007713155926398207,0.46226415094339623,0.46226415094339623,0.0,0.14150943396226415,0.14150943396226415,0.0,0.6698113207547169,0.2112676056338028,0.2112676056338028,0.0
test,passive,21,by_voice,patient,106,0.48167075750962746,0.47788576809865124,-0.003784989410976214,0.46226415094339623,0.46226415094339623,0.0,0.1320754716981132,0.1320754716981132,0.0,0.6698113207547169,0.1971830985915493,0.1971830985915493,0.0
test,passive,21,pooled,agent,106,0.047776973472451266,0.04670074750792305,-0.0010762259645282143,0.3490566037735849,0.3490566037735849,0.0,0.03773584905660377,0.03773584905660377,0.0,0.6698113207547169,0.056338028169014086,0.056338028169014086,0.0
test,passive,21,pooled,patient,106,0.28328300422092656,0.27762366240879277,-0.005659341812133789,0.3584905660377358,0.3584905660377358,0.0,0.05660377358490566,0.05660377358490566,0.0,0.6698113207547169,0.08450704225352114,0.08450704225352114,0.0
test,passive,22,by_voice,agent,106,0.2559847336895061,0.2565711534248208,0.0005864197353147027,0.42452830188679247,0.42452830188679247,0.0,0.11320754716981132,0.11320754716981132,0.0,0.6698113207547169,0.16901408450704228,0.16901408450704228,0.0
test,passive,22,by_voice,patient,106,0.36282786783182397,0.34389438719119664,-0.01893348064062733,0.4339622641509434,0.42452830188679247,-0.009433962264150941,0.10377358490566038,0.10377358490566038,0.0,0.6698113207547169,0.15492957746478875,0.15492957746478875,0.0
test,passive,22,pooled,agent,106,0.013753009292314638,0.00713037094979916,-0.006622638342515478,0.330188679245283,0.32075471698113206,-0.009433962264150941,0.02830188679245283,0.02830188679245283,0.0,0.6698113207547169,0.04225352112676057,0.04225352112676057,0.0
test,passive,22,pooled,patient,106,0.34087336288308195,0.33782118221498886,-0.0030521806680930963,0.3867924528301887,0.3867924528301887,0.0,0.07547169811320754,0.07547169811320754,0.0,0.6698113207547169,0.11267605633802817,0.11267605633802817,0.0
test,passive,23,by_voice,agent,106,0.4258488079286971,0.43486986970001795,0.009021061771320837,0.4716981132075472,0.4716981132075472,0.0,0.14150943396226415,0.14150943396226415,0.0,0.6698113207547169,0.2112676056338028,0.2112676056338028,0.0
test,passive,23,by_voice,patient,106,0.27695787627741975,0.24727013426006966,-0.029687742017350083,0.4339622641509434,0.42452830188679247,-0.009433962264150941,0.11320754716981132,0.10377358490566038,-0.009433962264150941,0.6698113207547169,0.16901408450704228,0.15492957746478875,-0.01408450704225353
test,passive,23,pooled,agent,106,-0.13810884727621978,-0.15177149592705494,-0.013662648650835163,0.33962264150943394,0.330188679245283,-0.009433962264150941,0.03773584905660377,0.02830188679245283,-0.009433962264150941,0.6698113207547169,0.056338028169014086,0.04225352112676057,-0.014084507042253516
test,passive,23,pooled,patient,106,0.1451268825890883,0.13347334681816822,-0.01165353577092007,0.39622641509433965,0.39622641509433965,0.0,0.08490566037735849,0.08490566037735849,0.0,0.6698113207547169,0.1267605633802817,0.1267605633802817,0.0
test,passive,24,by_voice,agent,106,0.18575490195796174,0.19161994052383136,0.005865038565869618,0.4056603773584906,0.41509433962264153,0.009433962264150941,0.09433962264150944,0.10377358490566038,0.009433962264150941,0.6698113207547169,0.14084507042253522,0.15492957746478875,0.01408450704225353
test,passive,24,by_voice,patient,106,-0.15050979830184072,-0.13605368812129182,0.014456110180548903,0.32075471698113206,0.330188679245283,0.009433962264150941,0.02830188679245283,0.02830188679245283,0.0,0.6698113207547169,0.04225352112676057,0.04225352112676057,0.0
test,passive,24,pooled,agent,106,0.3183542377543899,0.30694859882570663,-0.011405638928683293,0.44339622641509435,0.42452830188679247,-0.018867924528301883,0.11320754716981132,0.09433962264150944,-0.018867924528301883,0.6698113207547169,0.16901408450704228,0.14084507042253522,-0.02816901408450706
test,passive,24,pooled,patient,106,0.29685757744987057,0.28526508133366424,-0.01159249611620633,0.4716981132075472,0.4528301886792453,-0.018867924528301883,0.16981132075471697,0.1509433962264151,-0.018867924528301883,0.6698113207547169,0.2535211267605634,0.22535211267605634,-0.028169014084507032
test,passive,25,by_voice,agent,106,-0.23314615465560048,-0.20730286274316176,0.025843291912438726,0.27358490566037735,0.2830188679245283,0.009433962264150941,0.018867924528301886,0.018867924528301886,0.0,0.6698113207547169,0.028169014084507043,0.028169014084507043,0.0
test,passive,25,by_voice,patient,106,-0.29777902027346054,-0.2945919891573348,0.003187031116125727,0.2830188679245283,0.2830188679245283,0.0,0.02830188679245283,0.02830188679245283,0.0,0.6698113207547169,0.04225352112676057,0.04225352112676057,0.0
test,passive,25,pooled,agent,106,0.37670239412559653,0.37328379109220683,-0.0034186030333897,0.4528301886792453,0.44339622641509435,-0.009433962264150941,0.12264150943396226,0.11320754716981132,-0.009433962264150941,0.6698113207547169,0.18309859154929578,0.16901408450704228,-0.014084507042253502
test,passive,25,pooled,patient,106,0.6153702645931604,0.6183750404501861,0.0030047758570257432,0.49056603773584906,0.49056603773584906,0.0,0.16037735849056603,0.16037735849056603,0.0,0.6698113207547169,0.23943661971830987,0.23943661971830987,0.0
test,passive,26,by_voice,agent,106,-0.44376001268062953,-0.44136028469733474,0.002399727983294797,0.24528301886792453,0.25471698113207547,0.009433962264150941,0.0,0.0,0.0,0.6698113207547169,0.0,0.0,0.0
test,passive,26,by_voice,patient,106,-0.3068604199391491,-0.302411232354506,0.004449187584643077,0.2641509433962264,0.2641509433962264,0.0,0.0,0.0,0.0,0.6698113207547169,0.0,0.0,0.0
test,passive,26,pooled,agent,106,0.36850563085304117,0.36987984405373625,0.0013742132006950847,0.42452830188679247,0.42452830188679247,0.0,0.09433962264150944,0.09433962264150944,0.0,0.6698113207547169,0.14084507042253522,0.14084507042253522,0.0
test,passive,26,pooled,patient,106,0.4941138276514017,0.4841859205713812,-0.009927907080020504,0.4339622641509434,0.42452830188679247,-0.009433962264150941,0.11320754716981132,0.10377358490566038,-0.009433962264150941,0.6698113207547169,0.16901408450704228,0.15492957746478875,-0.01408450704225353
test,passive,27,by_voice,agent,106,-0.25212621238996397,-0.2689575789109716,-0.01683136652100764,0.2830188679245283,0.2830188679245283,0.0,0.0,0.0,0.0,0.6698113207547169,0.0,0.0,0.0
test,passive,27,by_voice,patient,106,-0.22156603381318865,-0.23723226673198197,-0.01566623291879332,0.3113207547169811,0.3113207547169811,0.0,0.009433962264150943,0.009433962264150943,0.0,0.6698113207547169,0.014084507042253521,0.014084507042253521,0.0
test,passive,27,pooled,agent,106,0.25057206063900356,0.2507097991007679,0.00013773846176434734,0.37735849056603776,0.37735849056603776,0.0,0.04716981132075472,0.04716981132075472,0.0,0.6698113207547169,0.07042253521126761,0.07042253521126761,0.0
test,passive,27,pooled,patient,106,0.18307007033869904,0.18197051534112893,-0.0010995549975701124,0.36792452830188677,0.36792452830188677,0.0,0.04716981132075472,0.04716981132075472,0.0,0.6698113207547169,0.07042253521126761,0.07042253521126761,0.0
test,passive,28,by_voice,agent,106,0.2767759359107827,0.28035706394123583,0.003581128030453129,0.37735849056603776,0.37735849056603776,0.0,0.04716981132075472,0.04716981132075472,0.0,0.6698113207547169,0.07042253521126761,0.07042253521126761,0.0
test,passive,28,by_voice,patient,106,-0.0640050600159843,-0.06533590802606547,-0.0013308480100811676,0.330188679245283,0.32075471698113206,-0.009433962264150941,0.009433962264150943,0.0,-0.009433962264150943,0.6698113207547169,0.014084507042253521,0.0,-0.014084507042253521
test,passive,28,pooled,agent,106,0.11026615466711656,0.10778728521095132,-0.002478869456165239,0.3490566037735849,0.33962264150943394,-0.009433962264150941,0.018867924528301886,0.009433962264150943,-0.009433962264150943,0.6698113207547169,0.028169014084507043,0.014084507042253521,-0.014084507042253521
test,passive,28,pooled,patient,106,-0.35079726183189536,-0.34803945613357257,0.0027578056983227905,0.2641509433962264,0.2641509433962264,0.0,0.0,0.0,0.0,0.6698113207547169,0.0,0.0,0.0
test,passive,29,by_voice,agent,106,0.030513439538343897,0.030695002034025372,0.00018156249568147473,0.32075471698113206,0.32075471698113206,0.0,0.0,0.0,0.0,0.6698113207547169,0.0,0.0,0.0
test,passive,29,by_voice,patient,106,-0.010971514683849406,-0.01275942010699578,-0.001787905423146375,0.330188679245283,0.330188679245283,0.0,0.0,0.0,0.0,0.6698113207547169,0.0,0.0,0.0
test,passive,29,pooled,agent,106,0.03703100726289569,0.03712058067321777,8.957341032208438e-05,0.330188679245283,0.32075471698113206,-0.009433962264150941,0.009433962264150943,0.0,-0.009433962264150943,0.6698113207547169,0.014084507042253521,0.0,-0.014084507042253521
test,passive,29,pooled,patient,106,0.013037991973589052,0.008882810484688237,-0.004155181488900815,0.3490566037735849,0.3490566037735849,0.0,0.02830188679245283,0.02830188679245283,0.0,0.6698113207547169,0.04225352112676057,0.04225352112676057,0.0
test,passive,3,by_voice,agent,106,0.16305859133882342,0.16593439623994646,0.002875804901123047,0.36792452830188677,0.36792452830188677,0.0,0.03773584905660377,0.03773584905660377,0.0,0.6698113207547169,0.056338028169014086,0.056338028169014086,0.0
test,passive,3,by_voice,patient,106,0.26143399274574136,0.26447340677369313,0.00303941402795177,0.3867924528301887,0.3867924528301887,0.0,0.0660377358490566,0.0660377358490566,0.0,0.6698113207547169,0.09859154929577466,0.09859154929577466,0.0
test,passive,3,pooled,agent,106,0.020105078535259894,0.021267535551539006,0.0011624570162791122,0.330188679245283,0.330188679245283,0.0,0.0,0.0,0.0,0.6698113207547169,0.0,0.0,0.0
test,passive,3,pooled,patient,106,0.03983193973325334,0.03961891948052172,-0.00021302025273161468,0.330188679245283,0.330188679245283,0.0,0.0,0.0,0.0,0.6698113207547169,0.0,0.0,0.0
test,passive,30,by_voice,agent,106,-0.03558429232183492,-0.03675375794464687,-0.0011694656228119493,0.32075471698113206,0.32075471698113206,0.0,0.0,0.0,0.0,0.6698113207547169,0.0,0.0,0.0
test,passive,30,by_voice,patient,106,4.409844020627579e-05,0.001559806319902528,0.0015157078796962523,0.330188679245283,0.330188679245283,0.0,0.0,0.0,0.0,0.6698113207547169,0.0,0.0,0.0
test,passive,30,pooled,agent,106,-0.007763700665168042,-0.00842808777431272,-0.0006643871091446783,0.330188679245283,0.330188679245283,0.0,0.0,0.0,0.0,0.6698113207547169,0.0,0.0,0.0
test,passive,30,pooled,patient,106,0.11376191535086003,0.11405707755178776,0.0002951622009277344,0.3584905660377358,0.3584905660377358,0.0,0.03773584905660377,0.03773584905660377,0.0,0.6698113207547169,0.056338028169014086,0.056338028169014086,0.0
test,passive,31,by_voice,agent,106,0.0,0.0,0.0,0.330188679245283,0.330188679245283,0.0,0.0,0.0,0.0,0.6698113207547169,0.0,0.0,0.0
test,passive,31,by_voice,patient,106,0.0,0.0,0.0,0.330188679245283,0.330188679245283,0.0,0.0,0.0,0.0,0.6698113207547169,0.0,0.0,0.0
test,passive,31,pooled,agent,106,0.0,0.0,0.0,0.330188679245283,0.330188679245283,0.0,0.0,0.0,0.0,0.6698113207547169,0.0,0.0,0.0
test,passive,31,pooled,patient,106,0.0,0.0,0.0,0.330188679245283,0.330188679245283,0.0,0.0,0.0,0.0,0.6698113207547169,0.0,0.0,0.0
test,passive,4,by_voice,agent,106,0.30449937874416133,0.30324957955558346,-0.0012497991885778714,0.39622641509433965,0.39622641509433965,0.0,0.0660377358490566,0.0660377358490566,0.0,0.6698113207547169,0.09859154929577466,0.09859154929577466,0.0
test,passive,4,by_voice,patient,106,0.2756900922307428,0.27397651942271106,-0.0017135728080317492,0.39622641509433965,0.39622641509433965,0.0,0.07547169811320754,0.07547169811320754,0.0,0.6698113207547169,0.11267605633802817,0.11267605633802817,0.0
test,passive,4,pooled,agent,106,0.021465845827786427,0.02194943518008826,0.0004835893523018331,0.32075471698113206,0.330188679245283,0.009433962264150941,0.0,0.0,0.0,0.6698113207547169,0.0,0.0,0.0
test,passive,4,pooled,patient,106,0.04116001219119666,0.04138859263006246,0.00022858043886580387,0.330188679245283,0.330188679245283,0.0,0.0,0.0,0.0,0.6698113207547169,0.0,0.0,0.0
test,passive,5,by_voice,agent,106,0.36011608591619526,0.35836623749643004,-0.0017498484197652209,0.39622641509433965,0.39622641509433965,0.0,0.07547169811320754,0.07547169811320754,0.0,0.6698113207547169,0.11267605633802817,0.11267605633802817,0.0
test,passive,5,by_voice,patient,106,0.1275128553498466,0.12429872998651469,-0.0032141253633319183,0.3490566037735849,0.3490566037735849,0.0,0.02830188679245283,0.02830188679245283,0.0,0.6698113207547169,0.04225352112676057,0.04225352112676057,0.0
test,passive,5,pooled,agent,106,0.04178427300363217,0.04265677254154997,0.0008724995379177994,0.330188679245283,0.330188679245283,0.0,0.0,0.0,0.0,0.6698113207547169,0.0,0.0,0.0
test,passive,5,pooled,patient,106,0.04191332493188246,0.04252883623231132,0.0006155113004288615,0.33962264150943394,0.33962264150943394,0.0,0.009433962264150943,0.009433962264150943,0.0,0.6698113207547169,0.014084507042253521,0.014084507042253521,0.0
test,passive,6,by_voice,agent,106,0.3749212139057663,0.37451347764932885,-0.00040773625643747424,0.42452830188679247,0.42452830188679247,0.0,0.10377358490566038,0.10377358490566038,0.0,0.6698113207547169,0.15492957746478875,0.15492957746478875,0.0
test,passive,6,by_voice,patient,106,0.11095894507642062,0.11017634733667914,-0.0007825977397414863,0.3490566037735849,0.3490566037735849,0.0,0.02830188679245283,0.02830188679245283,0.0,0.6698113207547169,0.04225352112676057,0.04225352112676057,0.0
test,passive,6,pooled,agent,106,0.062346404453493515,0.06073247711613493,-0.0016139273373585866,0.330188679245283,0.330188679245283,0.0,0.0,0.0,0.0,0.6698113207547169,0.0,0.0,0.0
test,passive,6,pooled,patient,106,0.053327083587646484,0.05004466254756136,-0.0032824210400851234,0.33962264150943394,0.33962264150943394,0.0,0.009433962264150943,0.009433962264150943,0.0,0.6698113207547169,0.014084507042253521,0.014084507042253521,0.0
test,passive,7,by_voice,agent,106,0.3668136236802587,0.3661653455698265,-0.0006482781104322211,0.4056603773584906,0.4056603773584906,0.0,0.08490566037735849,0.08490566037735849,0.0,0.6698113207547169,0.1267605633802817,0.1267605633802817,0.0
test,passive,7,by_voice,patient,106,0.11196196754023714,0.11839518457088831,0.006433217030651167,0.3584905660377358,0.3584905660377358,0.0,0.02830188679245283,0.02830188679245283,0.0,0.6698113207547169,0.04225352112676057,0.04225352112676057,0.0
test,passive,7,pooled,agent,106,0.08290420388275722,0.08126235458086122,-0.001641849301896009,0.3490566037735849,0.3490566037735849,0.0,0.018867924528301886,0.018867924528301886,0.0,0.6698113207547169,0.028169014084507043,0.028169014084507043,0.0
test,passive,7,pooled,patient,106,0.08349153230775078,0.08263519575011055,-0.0008563365576402249,0.3490566037735849,0.3490566037735849,0.0,0.018867924528301886,0.018867924528301886,0.0,0.6698113207547169,0.028169014084507043,0.028169014084507043,0.0
test,passive,8,by_voice,agent,106,0.40885530777697293,0.40821586914782254,-0.0006394386291503906,0.42452830188679247,0.42452830188679247,0.0,0.10377358490566038,0.10377358490566038,0.0,0.6698113207547169,0.15492957746478875,0.15492957746478875,0.0
test,passive,8,by_voice,patient,106,0.21214954808073225,0.21012939597075841,-0.002020152109973833,0.36792452830188677,0.36792452830188677,0.0,0.03773584905660377,0.03773584905660377,0.0,0.6698113207547169,0.056338028169014086,0.056338028169014086,0.0
test,passive,8,pooled,agent,106,0.07777444821483684,0.0781656526169687,0.0003912044021318617,0.3490566037735849,0.3490566037735849,0.0,0.018867924528301886,0.018867924528301886,0.0,0.6698113207547169,0.028169014084507043,0.028169014084507043,0.0
test,passive,8,pooled,patient,106,0.07305136266744362,0.0729309837773161,-0.00012037889012751768,0.3490566037735849,0.3490566037735849,0.0,0.018867924528301886,0.018867924528301886,0.0,0.6698113207547169,0.028169014084507043,0.028169014084507043,0.0
test,passive,9,by_voice,agent,106,0.40575542090074074,0.40029548699001094,-0.005459933910729797,0.4339622641509434,0.4339622641509434,0.0,0.10377358490566038,0.10377358490566038,0.0,0.6698113207547169,0.15492957746478875,0.15492957746478875,0.0
test,passive,9,by_voice,patient,106,0.20485496071149717,0.20395107539194934,-0.0009038853195478258,0.36792452830188677,0.36792452830188677,0.0,0.04716981132075472,0.04716981132075472,0.0,0.6698113207547169,0.07042253521126761,0.07042253521126761,0.0
test,passive,9,pooled,agent,106,0.06762378170805157,0.06569085481031886,-0.001932926897732709,0.33962264150943394,0.33962264150943394,0.0,0.009433962264150943,0.009433962264150943,0.0,0.6698113207547169,0.014084507042253521,0.014084507042253521,0.0
test,passive,9,pooled,patient,106,0.0569014144393633,0.05404758003522765,-0.002853834404135648,0.33962264150943394,0.33962264150943394,0.0,0.009433962264150943,0.009433962264150943,0.0,0.6698113207547169,0.014084507042253521,0.014084507042253521,0.0
