pair_id,sentence,voice,agent,patient,verb,split
0,A girl liked a cake.,active,girl,cake,like,train
0,A cake was liked by a girl.,passive,girl,cake,like,train
1,The girl burned the raisin.,active,girl,raisin,burn,train
1,The raisin was burned by the girl.,passive,girl,raisin,burn,train
2,The girl rolled the cake.,active,girl,cake,roll,train
2,The cake was rolled by the girl.,passive,girl,cake,roll,train
3,A cat liked a donut.,active,cat,donut,like,gen_test
3,A donut was liked by a cat.,passive,cat,donut,like,gen_test
4,The girl nursed the cookie.,active,girl,cookie,nurse,train
4,The cookie was nursed by the girl.,passive,girl,cookie,nurse,train
5,A girl appreciated the drink.,active,girl,drink,appreciate,train
5,The drink was appreciated by a girl.,passive,girl,drink,appreciate,train
6,The boy ate a pretzel.,active,boy,pretzel,eat,val
6,A pretzel was eaten by the boy.,passive,boy,pretzel,eat,val
7,A boy ate the cake.,active,boy,cake,eat,train
7,The cake was eaten by a boy.,passive,boy,cake,eat,train
8,A girl rolled the cake.,active,girl,cake,roll,train
8,The cake was rolled by a girl.,passive,girl,cake,roll,train
9,A girl saw a cake.,active,girl,cake,see,train
9,A cake was seen by a girl.,passive,girl,cake,see,train
10,The girl missed the cake.,active,girl,cake,miss,train
10,The cake was missed by the girl.,passive,girl,cake,miss,train
11,The cat liked the donut.,active,cat,donut,like,gen_test
11,The donut was liked by the cat.,passive,cat,donut,like,gen_test
12,The girl burned the cake.,active,girl,cake,burn,train
12,The cake was burned by the girl.,passive,girl,cake,burn,train
13,The girl observed the cake.,active,girl,cake,observe,train
13,The cake was observed by the girl.,passive,girl,cake,observe,train
14,The girl ate the cake.,active,girl,cake,eat,train
14,The cake was eaten by the girl.,passive,girl,cake,eat,train
15,The girl floated the donut.,active,girl,donut,float,val
15,The donut was floated by the girl.,passive,girl,donut,float,val
16,The girl ate a cake.,active,girl,cake,eat,train
16,A cake was eaten by the girl.,passive,girl,cake,eat,train
17,A girl poked a cake.,active,girl,cake,poke,train
17,A cake was poked by a girl.,passive,girl,cake,poke,train
18,The girl rolled a drink.,active,girl,drink,roll,train
18,A drink was rolled by the girl.,passive,girl,drink,roll,train
19,The girl liked a crayon.,active,girl,crayon,like,val
19,A crayon was liked by the girl.,passive,girl,crayon,like,val
20,The girl rolled the rose.,active,girl,rose,roll,train
20,The rose was rolled by the girl.,passive,girl,rose,roll,train
21,A boy nursed a cake.,active,boy,cake,nurse,val
21,A cake was nursed by a boy.,passive,boy,cake,nurse,val
22,A girl split the donut.,active,girl,donut,split,test
22,The donut was split by a girl.,passive,girl,donut,split,test
23,A girl burned the donut.,active,girl,donut,burn,train
23,The donut was burned by a girl.,passive,girl,donut,burn,train
24,A girl rolled a rose.,active,girl,rose,roll,train
24,A rose was rolled by a girl.,passive,girl,rose,roll,train
25,A baby ate a cake.,active,baby,cake,eat,gen_test
25,A cake was eaten by a baby.,passive,baby,cake,eat,gen_test
26,The girl liked a donut.,active,girl,donut,like,train
26,A donut was liked by the girl.,passive,girl,donut,like,train
27,The boy ate a cake.,active,boy,cake,eat,train
27,A cake was eaten by the boy.,passive,boy,cake,eat,train
28,A girl changed a cake.,active,girl,cake,change,train
28,A cake was changed by a girl.,passive,girl,cake,change,train
29,The teacher ate the donut.,active,teacher,donut,eat,train
29,The donut was eaten by the teacher.,passive,teacher,donut,eat,train
30,The girl rolled a cake.,active,girl,cake,roll,train
30,A cake was rolled by the girl.,passive,girl,cake,roll,train
31,A girl liked the donut.,active,girl,donut,like,train
31,The donut was liked by a girl.,passive,girl,donut,like,train
32,A girl ate the box.,active,girl,box,eat,train
32,The box was eaten by a girl.,passive,girl,box,eat,train
33,The baby rolled a cake.,active,baby,cake,roll,gen_test
33,A cake was rolled by the baby.,passive,baby,cake,roll,gen_test
34,The girl drew the cake.,active,girl,cake,draw,train
34,The cake was drawn by the girl.,passive,girl,cake,draw,train
35,A girl cooked the donut.,active,girl,donut,cook,train
35,The donut was cooked by a girl.,passive,girl,donut,cook,train
36,The girl rolled a rose.,active,girl,rose,roll,train
36,A rose was rolled by the girl.,passive,girl,rose,roll,train
37,A girl loved the cake.,active,girl,cake,love,train
37,The cake was loved by a girl.,passive,girl,cake,love,train
38,A boy ate the melon.,active,boy,melon,eat,train
38,The melon was eaten by a boy.,passive,boy,melon,eat,train
39,A girl ate the cake.,active,girl,cake,eat,train
39,The cake was eaten by a girl.,passive,girl,cake,eat,train
40,The cat drew the cake.,active,cat,cake,draw,gen_test
40,The cake was drawn by the cat.,passive,cat,cake,draw,gen_test
41,The baby drew a cake.,active,baby,cake,draw,gen_test
41,A cake was drawn by the baby.,passive,baby,cake,draw,gen_test
42,A boy painted the cake.,active,boy,cake,paint,val
42,The cake was painted by a boy.,passive,boy,cake,paint,val
43,The girl helped the banana.,active,girl,banana,help,test
43,The banana was helped by the girl.,passive,girl,banana,help,test
44,A cat ate the cake.,active,cat,cake,eat,gen_test
44,The cake was eaten by a cat.,passive,cat,cake,eat,gen_test
45,The girl respected the cake.,active,girl,cake,respect,train
45,The cake was respected by the girl.,passive,girl,cake,respect,train
46,A dog ate the cake.,active,dog,cake,eat,gen_test
46,The cake was eaten by a dog.,passive,dog,cake,eat,gen_test
47,A girl broke a cake.,active,girl,cake,break,train
47,A cake was broken by a girl.,passive,girl,cake,break,train
48,A girl rolled the donut.,active,girl,donut,roll,train
48,The donut was rolled by a girl.,passive,girl,donut,roll,train
49,A boy stabbed the cake.,active,boy,cake,stab,train
49,The cake was stabbed by a boy.,passive,boy,cake,stab,train
50,The monster ate a cake.,active,monster,cake,eat,val
50,A cake was eaten by the monster.,passive,monster,cake,eat,val
51,A girl grew the donut.,active,girl,donut,grow,train
51,The donut was grown by a girl.,passive,girl,donut,grow,train
52,The girl worshipped a cake.,active,girl,cake,worship,train
52,A cake was worshipped by the girl.,passive,girl,cake,worship,train
53,The baby liked the donut.,active,baby,donut,like,gen_test
53,The donut was liked by the baby.,passive,baby,donut,like,gen_test
54,A girl ate the donut.,active,girl,donut,eat,train
54,The donut was eaten by a girl.,passive,girl,donut,eat,train
55,A girl packed a cake.,active,girl,cake,pack,train
55,A cake was packed by a girl.,passive,girl,cake,pack,train
56,A girl liked a rose.,active,girl,rose,like,test
56,A rose was liked by a girl.,passive,girl,rose,like,test
57,A girl froze a cake.,active,girl,cake,freeze,train
57,A cake was frozen by a girl.,passive,girl,cake,freeze,train
58,The girl helped the cake.,active,girl,cake,help,train
58,The cake was helped by the girl.,passive,girl,cake,help,train
59,The boy ate a cookie.,active,boy,cookie,eat,val
59,A cookie was eaten by the boy.,passive,boy,cookie,eat,val
60,The girl rolled the raisin.,active,girl,raisin,roll,train
60,The raisin was rolled by the girl.,passive,girl,raisin,roll,train
61,The boy rolled the donut.,active,boy,donut,roll,train
61,The donut was rolled by the boy.,passive,boy,donut,roll,train
62,A boy painted a cake.,active,boy,cake,paint,val
62,A cake was painted by a boy.,passive,boy,cake,paint,val
63,A girl ate a donut.,active,girl,donut,eat,train
63,A donut was eaten by a girl.,passive,girl,donut,eat,train
64,The girl rolled a balloon.,active,girl,balloon,roll,train
64,A balloon was rolled by the girl.,passive,girl,balloon,roll,train
65,The girl liked a cake.,active,girl,cake,like,train
65,A cake was liked by the girl.,passive,girl,cake,like,train
66,The girl froze the cake.,active,girl,cake,freeze,train
66,The cake was frozen by the girl.,passive,girl,cake,freeze,train
67,A girl painted a cake.,active,girl,cake,paint,train
67,A cake was painted by a girl.,passive,girl,cake,paint,train
68,The girl froze a cake.,active,girl,cake,freeze,train
68,A cake was frozen by the girl.,passive,girl,cake,freeze,train
69,The cat rolled the cake.,active,cat,cake,roll,gen_test
69,The cake was rolled by the cat.,passive,cat,cake,roll,gen_test
70,The girl changed the cake.,active,girl,cake,change,train
70,The cake was changed by the girl.,passive,girl,cake,change,train
71,A girl slid a cake.,active,girl,cake,slide,train
71,A cake was slid by a girl.,passive,girl,cake,slide,train
72,The girl ate the rose.,active,girl,rose,eat,test
72,The rose was eaten by the girl.,passive,girl,rose,eat,test
73,The teacher liked a cake.,active,teacher,cake,like,train
73,A cake was liked by the teacher.,passive,teacher,cake,like,train
74,The girl decomposed the cake.,active,girl,cake,decompose,test
74,The cake was decomposed by the girl.,passive,girl,cake,decompose,test
75,The lamb found Olivia.,active,lamb,Olivia,find,train
75,Olivia was found by the lamb.,passive,lamb,Olivia,find,train
76,The cat liked Emma.,active,cat,Emma,like,gen_test
76,Emma was liked by the cat.,passive,cat,Emma,like,gen_test
77,The sheep floated Emma.,active,sheep,Emma,float,train
77,Emma was floated by the sheep.,passive,sheep,Emma,float,train
78,The mouse decomposed the child.,active,mouse,child,decompose,train
78,The child was decomposed by the mouse.,passive,mouse,child,decompose,train
79,The hedgehog burned the bear.,active,hedgehog,bear,burn,train
79,The bear was burned by the hedgehog.,passive,hedgehog,bear,burn,train
80,The girl ate the block.,active,girl,block,eat,train
80,The block was eaten by the girl.,passive,girl,block,eat,train
81,The father liked Emma.,active,father,Emma,like,train
81,Emma was liked by the father.,passive,father,Emma,like,train
82,The frog found the dog.,active,frog,dog,find,train
82,The dog was found by the frog.,passive,frog,dog,find,train
83,The boy rolled Liam.,active,boy,Liam,roll,val
83,Liam was rolled by the boy.,passive,boy,Liam,roll,val
84,A girl dusted the box.,active,girl,box,dust,train
84,The box was dusted by a girl.,passive,girl,box,dust,train
85,A girl adored a cookie.,active,girl,cookie,adore,train
85,A cookie was adored by a girl.,passive,girl,cookie,adore,train
86,A cat cleaned a bowl.,active,cat,bowl,clean,gen_test
86,A bowl was cleaned by a cat.,passive,cat,bowl,clean,gen_test
87,The monster ate the donut.,active,monster,donut,eat,train
87,The donut was eaten by the monster.,passive,monster,donut,eat,train
88,The girl loved the box.,active,girl,box,love,train
88,The box was loved by the girl.,passive,girl,box,love,train
89,The penguin ate James.,active,penguin,James,eat,train
89,James was eaten by the penguin.,passive,penguin,James,eat,train
90,The queen doubled a child.,active,queen,child,double,train
90,A child was doubled by the queen.,passive,queen,child,double,train
91,A hen drew the resident.,active,hen,resident,draw,train
91,The resident was drawn by a hen.,passive,hen,resident,draw,train
92,The dog inflated the box.,active,dog,box,inflate,gen_test
92,The box was inflated by the dog.,passive,dog,box,inflate,gen_test
93,A girl reddened a boy.,active,girl,boy,redden,train
93,A boy was reddened by a girl.,passive,girl,boy,redden,train
94,A giraffe ate a cookie.,active,giraffe,cookie,eat,train
94,A cookie was eaten by a giraffe.,passive,giraffe,cookie,eat,train
95,The girl cleaned Emma.,active,girl,Emma,clean,train
95,Emma was cleaned by the girl.,passive,girl,Emma,clean,train
96,The girl knew Lily.,active,girl,Lily,know,train
96,Lily was knowed by the girl.,passive,girl,Lily,know,train
97,The child shortened Emma.,active,child,Emma,shorten,gen_test
97,Emma was shortened by the child.,passive,child,Emma,shorten,gen_test
98,The guard floated a drink.,active,guard,drink,float,train
98,A drink was floated by the guard.,passive,guard,drink,float,train
99,The dog rolled a cookie.,active,dog,cookie,roll,gen_test
99,A cookie was rolled by the dog.,passive,dog,cookie,roll,gen_test
100,The writer liked the bear.,active,writer,bear,like,test
100,The bear was liked by the writer.,passive,writer,bear,like,test
101,A boy painted a cockroach.,active,boy,cockroach,paint,train
101,A cockroach was painted by a boy.,passive,boy,cockroach,paint,train
102,A frog poked the dog.,active,frog,dog,poke,train
102,The dog was poked by a frog.,passive,frog,dog,poke,train
103,The dog inflated the bat.,active,dog,bat,inflate,gen_test
103,The bat was inflated by the dog.,passive,dog,bat,inflate,gen_test
104,A girl poked the dog.,active,girl,dog,poke,train
104,The dog was poked by a girl.,passive,girl,dog,poke,train
105,A girl threw the cake.,active,girl,cake,throw,train
105,The cake was throwed by a girl.,passive,girl,cake,throw,train
106,The duck liked the girl.,active,duck,girl,like,val
106,The girl was liked by the duck.,passive,duck,girl,like,val
107,A girl rolled a lion.,active,girl,lion,roll,train
107,A lion was rolled by a girl.,passive,girl,lion,roll,train
108,The cat drew Matthew.,active,cat,Matthew,draw,gen_test
108,Matthew was drawn by the cat.,passive,cat,Matthew,draw,gen_test
109,The girl worshipped a goose.,active,girl,goose,worship,train
109,A goose was worshiped by the girl.,passive,girl,goose,worship,train
110,The hero worshipped the block.,active,hero,block,worship,train
110,The block was worshiped by the hero.,passive,hero,block,worship,train
111,A president floated Charlie.,active,president,Charlie,float,test
111,Charlie was floated by a president.,passive,president,Charlie,float,test
112,A boy cooked a girl.,active,boy,girl,cook,test
112,A girl was cooked by a boy.,passive,boy,girl,cook,test
113,A manager cleaned a brick.,active,manager,brick,clean,train
113,A brick was cleaned by a manager.,passive,manager,brick,clean,train
114,A boy noticed Harper.,active,boy,Harper,notice,train
114,Harper was noticed by a boy.,passive,boy,Harper,notice,train
115,A horse rolled a cookie.,active,horse,cookie,roll,gen_test
115,A cookie was rolled by a horse.,passive,horse,cookie,roll,gen_test
116,A boy liked the cake.,active,boy,cake,like,train
116,The cake was liked by a boy.,passive,boy,cake,like,train
117,A girl drew Emma.,active,girl,Emma,draw,train
117,Emma was drawn by a girl.,passive,girl,Emma,draw,train
118,The monster rolled the cake.,active,monster,cake,roll,test
118,The cake was rolled by the monster.,passive,monster,cake,roll,test
119,A researcher painted the girl.,active,researcher,girl,paint,train
119,The girl was painted by a researcher.,passive,researcher,girl,paint,train
120,A fly rolled the rose.,active,fly,rose,roll,train
120,The rose was rolled by a fly.,passive,fly,rose,roll,train
121,The girl liked Ava.,active,girl,Ava,like,train
121,Ava was liked by the girl.,passive,girl,Ava,like,train
122,The girl reddened Isabella.,active,girl,Isabella,redden,train
122,Isabella was reddened by the girl.,passive,girl,Isabella,redden,train
123,The boy loved a pen.,active,boy,pen,love,train
123,A pen was loved by the boy.,passive,boy,pen,love,train
124,The horse rolled Oliver.,active,horse,Oliver,roll,gen_test
124,Oliver was rolled by the horse.,passive,horse,Oliver,roll,gen_test
125,The boy pierced Benjamin.,active,boy,Benjamin,pierce,train
125,Benjamin was pierced by the boy.,passive,boy,Benjamin,pierce,train
126,The girl froze the pickle.,active,girl,pickle,freeze,train
126,The pickle was freezed by the girl.,passive,girl,pickle,freeze,train
127,A politician adored Emma.,active,politician,Emma,adore,train
127,Emma was adored by a politician.,passive,politician,Emma,adore,train
128,A lawyer cooked a girl.,active,lawyer,girl,cook,train
128,A girl was cooked by a lawyer.,passive,lawyer,girl,cook,train
129,The mouse knew the host.,active,mouse,host,know,train
129,The host was knowed by the mouse.,passive,mouse,host,know,train
130,The girl admired a donut.,active,girl,donut,admire,train
130,A donut was admired by the girl.,passive,girl,donut,admire,train
131,A donkey froze the donut.,active,donkey,donut,freeze,train
131,The donut was freezed by a donkey.,passive,donkey,donut,freeze,train
132,The cobra helped the dog.,active,cobra,dog,help,train
132,The dog was helped by the cobra.,passive,cobra,dog,help,train
133,The teacher liked a donut.,active,teacher,donut,like,train
133,A donut was liked by the teacher.,passive,teacher,donut,like,train
134,The cat helped a cookie.,active,cat,cookie,help,gen_test
134,A cookie was helped by the cat.,passive,cat,cookie,help,gen_test
135,The baby split Charlie.,active,baby,Charlie,split,gen_test
135,Charlie was splited by the baby.,passive,baby,Charlie,split,gen_test
136,A professor liked a girl.,active,professor,girl,like,train
136,A girl was liked by a professor.,passive,professor,girl,like,train
137,A cat helped a chalk.,active,cat,chalk,help,gen_test
137,A chalk was helped by a cat.,passive,cat,chalk,help,gen_test
138,A princess rolled the child.,active,princess,child,roll,val
138,The child was rolled by a princess.,passive,princess,child,roll,val
139,A goose liked Noah.,active,goose,Noah,like,test
139,Noah was liked by a goose.,passive,goose,Noah,like,test
140,The cobra respected the sandwich.,active,cobra,sandwich,respect,test
140,The sandwich was respected by the cobra.,passive,cobra,sandwich,respect,test
141,The boy blessed a child.,active,boy,child,bless,train
141,A child was blessed by the boy.,passive,boy,child,bless,train
142,The cat adored a girl.,active,cat,girl,adore,gen_test
142,A girl was adored by the cat.,passive,cat,girl,adore,gen_test
143,A girl ate Noah.,active,girl,Noah,eat,train
143,Noah was eaten by a girl.,passive,girl,Noah,eat,train
144,A cat liked a cake.,active,cat,cake,like,gen_test
144,A cake was liked by a cat.,passive,cat,cake,like,gen_test
145,The hedgehog rolled a president.,active,hedgehog,president,roll,train
145,A president was rolled by the hedgehog.,passive,hedgehog,president,roll,train
146,A dealer painted Emma.,active,dealer,Emma,paint,train
146,Emma was painted by a dealer.,passive,dealer,Emma,paint,train
147,The bird rolled a cake.,active,bird,cake,roll,train
147,A cake was rolled by the bird.,passive,bird,cake,roll,train
148,The kid ate the cake.,active,kid,cake,eat,test
148,The cake was eaten by the kid.,passive,kid,cake,eat,test
149,A girl noticed a cookie.,active,girl,cookie,notice,train
149,A cookie was noticed by a girl.,passive,girl,cookie,notice,train
150,A girl blessed a fish.,active,girl,fish,bless,train
150,A fish was blessed by a girl.,passive,girl,fish,bless,train
151,A turkey admired Noah.,active,turkey,Noah,admire,train
151,Noah was admired by a turkey.,passive,turkey,Noah,admire,train
152,The girl found Sophia.,active,girl,Sophia,find,train
152,Sophia was found by the girl.,passive,girl,Sophia,find,train
153,A hedgehog discovered the cake.,active,hedgehog,cake,discover,train
153,The cake was discovered by a hedgehog.,passive,hedgehog,cake,discover,train
154,The hero dusted a donut.,active,hero,donut,dust,val
154,A donut was dusted by the hero.,passive,hero,donut,dust,val
155,The friend loved a cat.,active,friend,cat,love,train
155,A cat was loved by the friend.,passive,friend,cat,love,train
156,The boy liked the penguin.,active,boy,penguin,like,train
156,The penguin was liked by the boy.,passive,boy,penguin,like,train
157,A girl discovered a donut.,active,girl,donut,discover,train
157,A donut was discovered by a girl.,passive,girl,donut,discover,train
158,A puppy reddened the rose.,active,puppy,rose,redden,train
158,The rose was reddened by a puppy.,passive,puppy,rose,redden,train
159,A teacher heard Jackson.,active,teacher,Jackson,hear,train
159,Jackson was heared by a teacher.,passive,teacher,Jackson,hear,train
160,A writer blessed the donut.,active,writer,donut,bless,test
160,The donut was blessed by a writer.,passive,writer,donut,bless,test
161,The teacher rolled Emma.,active,teacher,Emma,roll,val
161,Emma was rolled by the teacher.,passive,teacher,Emma,roll,val
162,A bee ate the manager.,active,bee,manager,eat,train
162,The manager was eaten by a bee.,passive,bee,manager,eat,train
163,A butterfly cleaned a melon.,active,butterfly,melon,clean,train
163,A melon was cleaned by a butterfly.,passive,butterfly,melon,clean,train
164,The teacher ate the cake.,active,teacher,cake,eat,test
164,The cake was eaten by the teacher.,passive,teacher,cake,eat,test
165,A boy rolled a plate.,active,boy,plate,roll,train
165,A plate was rolled by a boy.,passive,boy,plate,roll,train
166,The girl doubled a cake.,active,girl,cake,double,test
166,A cake was doubled by the girl.,passive,girl,cake,double,test
167,A chicken changed the melon.,active,chicken,melon,change,gen_test
167,The melon was changed by a chicken.,passive,chicken,melon,change,gen_test
168,The boy doubled Liam.,active,boy,Liam,double,train
168,Liam was doubled by the boy.,passive,boy,Liam,double,train
169,The squirrel broke the girl.,active,squirrel,girl,break,train
169,The girl was broken by the squirrel.,passive,squirrel,girl,break,train
170,The puppy touched the bat.,active,puppy,bat,touch,train
170,The bat was touched by the puppy.,passive,puppy,bat,touch,train
171,A lawyer poked a sandwich.,active,lawyer,sandwich,poke,train
171,A sandwich was poked by a lawyer.,passive,lawyer,sandwich,poke,train
172,A girl doubled a cockroach.,active,girl,cockroach,double,train
172,A cockroach was doubled by a girl.,passive,girl,cockroach,double,train
173,A poet loved the cake.,active,poet,cake,love,train
173,The cake was loved by a poet.,passive,poet,cake,love,train
174,A baby slid Ellie.,active,baby,Ellie,slide,gen_test
174,Ellie was slided by a baby.,passive,baby,Ellie,slide,gen_test
175,The girl slid the frog.,active,girl,frog,slide,train
175,The frog was slided by the girl.,passive,girl,frog,slide,train
176,The professor ate Logan.,active,professor,Logan,eat,train
176,Logan was eaten by the professor.,passive,professor,Logan,eat,train
177,The boy rolled the dog.,active,boy,dog,roll,test
177,The dog was rolled by the boy.,passive,boy,dog,roll,test
178,A resident hunted Daniel.,active,resident,Daniel,hunt,train
178,Daniel was hunted by a resident.,passive,resident,Daniel,hunt,train
179,A bunny blessed the girl.,active,bunny,girl,bless,train
179,The girl was blessed by a bunny.,passive,bunny,girl,bless,train
180,The writer rolled a cake.,active,writer,cake,roll,train
180,A cake was rolled by the writer.,passive,writer,cake,roll,train
181,The cobra liked a donut.,active,cobra,donut,like,train
181,A donut was liked by the cobra.,passive,cobra,donut,like,train
182,A baby decomposed Liam.,active,baby,Liam,decompose,gen_test
182,Liam was decomposed by a baby.,passive,baby,Liam,decompose,gen_test
183,The girl rolled a cookie.,active,girl,cookie,roll,train
183,A cookie was rolled by the girl.,passive,girl,cookie,roll,train
184,A girl decomposed the zebra.,active,girl,zebra,decompose,train
184,The zebra was decomposed by a girl.,passive,girl,zebra,decompose,train
185,The child nursed a dog.,active,child,dog,nurse,gen_test
185,A dog was nursed by the child.,passive,child,dog,nurse,gen_test
186,A cobra adored Levi.,active,cobra,Levi,adore,train
186,Levi was adored by a cobra.,passive,cobra,Levi,adore,train
187,A consumer snapped Mia.,active,consumer,Mia,snap,train
187,Mia was snaped by a consumer.,passive,consumer,Mia,snap,train
188,The goose ate Hannah.,active,goose,Hannah,eat,train
188,Hannah was eaten by the goose.,passive,goose,Hannah,eat,train
189,A kitty painted the spokesman.,active,kitty,spokesman,paint,train
189,The spokesman was painted by a kitty.,passive,kitty,spokesman,paint,train
190,The lamb liked the lion.,active,lamb,lion,like,train
190,The lion was liked by the lamb.,passive,lamb,lion,like,train
191,The girl inflated Emma.,active,girl,Emma,inflate,test
191,Emma was inflated by the girl.,passive,girl,Emma,inflate,test
192,The hedgehog broke a cookie.,active,hedgehog,cookie,break,train
192,A cookie was broken by the hedgehog.,passive,hedgehog,cookie,break,train
193,The girl froze a boy.,active,girl,boy,freeze,train
193,A boy was freezed by the girl.,passive,girl,boy,freeze,train
194,The boy loved Ava.,active,boy,Ava,love,train
194,Ava was loved by the boy.,passive,boy,Ava,love,train
195,A mouse drew the cake.,active,mouse,cake,draw,train
195,The cake was drawn by a mouse.,passive,mouse,cake,draw,train
196,The girl cooked a cake.,active,girl,cake,cook,train
196,A cake was cooked by the girl.,passive,girl,cake,cook,train
197,The lion rolled a frog.,active,lion,frog,roll,gen_test
197,A frog was rolled by the lion.,passive,lion,frog,roll,gen_test
198,The monkey burned the girl.,active,monkey,girl,burn,train
198,The girl was burned by the monkey.,passive,monkey,girl,burn,train
199,The girl painted a cloud.,active,girl,cloud,paint,test
199,A cloud was painted by the girl.,passive,girl,cloud,paint,test
200,A tenant rolled the baby.,active,tenant,baby,roll,train
200,The baby was rolled by a tenant.,passive,tenant,baby,roll,train
201,The cat shortened a cookie.,active,cat,cookie,shorten,gen_test
201,A cookie was shortened by the cat.,passive,cat,cookie,shorten,gen_test
202,The bee tolerated the girl.,active,bee,girl,tolerate,train
202,The girl was tolerated by the bee.,passive,bee,girl,tolerate,train
203,The boy painted a rose.,active,boy,rose,paint,test
203,A rose was painted by the boy.,passive,boy,rose,paint,test
204,The girl ate Ava.,active,girl,Ava,eat,val
204,Ava was eaten by the girl.,passive,girl,Ava,eat,val
205,A spokesman ate a cracker.,active,spokesman,cracker,eat,val
205,A cracker was eaten by a spokesman.,passive,spokesman,cracker,eat,val
206,The sailor rolled a raisin.,active,sailor,raisin,roll,test
206,A raisin was rolled by the sailor.,passive,sailor,raisin,roll,test
207,The horse burned a girl.,active,horse,girl,burn,gen_test
207,A girl was burned by the horse.,passive,horse,girl,burn,gen_test
208,A teacher adored the girl.,active,teacher,girl,adore,train
208,The girl was adored by a teacher.,passive,teacher,girl,adore,train
209,The dog painted a cookie.,active,dog,cookie,paint,gen_test
209,A cookie was painted by the dog.,passive,dog,cookie,paint,gen_test
210,The hedgehog ate a girl.,active,hedgehog,girl,eat,train
210,A girl was eaten by the hedgehog.,passive,hedgehog,girl,eat,train
211,The girl drew the donut.,active,girl,donut,draw,train
211,The donut was drawn by the girl.,passive,girl,donut,draw,train
212,A boy rolled the box.,active,boy,box,roll,train
212,The box was rolled by a boy.,passive,boy,box,roll,train
213,A cobra appreciated a chief.,active,cobra,chief,appreciate,train
213,A chief was appreciated by a cobra.,passive,cobra,chief,appreciate,train
214,The girl rolled the box.,active,girl,box,roll,test
214,The box was rolled by the girl.,passive,girl,box,roll,test
215,The cat packed Emma.,active,cat,Emma,pack,gen_test
215,Emma was packed by the cat.,passive,cat,Emma,pack,gen_test
216,The giraffe loved a bowl.,active,giraffe,bowl,love,train
216,A bowl was loved by the giraffe.,passive,giraffe,bowl,love,train
217,The cobra valued the horse.,active,cobra,horse,value,train
217,The horse was valued by the cobra.,passive,cobra,horse,value,train
218,A cat rolled Emma.,active,cat,Emma,roll,gen_test
218,Emma was rolled by a cat.,passive,cat,Emma,roll,gen_test
219,The girl ate Emma.,active,girl,Emma,eat,train
219,Emma was eaten by the girl.,passive,girl,Emma,eat,train
220,A fish ate a watch.,active,fish,watch,eat,train
220,A watch was eaten by a fish.,passive,fish,watch,eat,train
221,A girl missed Emma.,active,girl,Emma,miss,val
221,Emma was missed by a girl.,passive,girl,Emma,miss,val
222,The mouse changed the donut.,active,mouse,donut,change,train
222,The donut was changed by the mouse.,passive,mouse,donut,change,train
223,A girl drew a box.,active,girl,box,draw,test
223,A box was drawn by a girl.,passive,girl,box,draw,test
224,The fly painted Emma.,active,fly,Emma,paint,val
224,Emma was painted by the fly.,passive,fly,Emma,paint,val
225,A girl liked Oliver.,active,girl,Oliver,like,train
225,Oliver was liked by a girl.,passive,girl,Oliver,like,train
226,The student rolled the poet.,active,student,poet,roll,train
226,The poet was rolled by the student.,passive,student,poet,roll,train
227,A girl ate Benjamin.,active,girl,Benjamin,eat,train
227,Benjamin was eaten by a girl.,passive,girl,Benjamin,eat,train
228,The girl helped Claire.,active,girl,Claire,help,test
228,Claire was helped by the girl.,passive,girl,Claire,help,test
229,A guest noticed the cake.,active,guest,cake,notice,train
229,The cake was noticed by a guest.,passive,guest,cake,notice,train
230,The boy liked a cake.,active,boy,cake,like,train
230,A cake was liked by the boy.,passive,boy,cake,like,train
231,The hedgehog threw Chloe.,active,hedgehog,Chloe,throw,train
231,Chloe was throwed by the hedgehog.,passive,hedgehog,Chloe,throw,train
232,The bear sketched the frog.,active,bear,frog,sketch,gen_test
232,The frog was sketched by the bear.,passive,bear,frog,sketch,gen_test
233,The tiger liked a donut.,active,tiger,donut,like,train
233,A donut was liked by the tiger.,passive,tiger,donut,like,train
234,A dog ate a donut.,active,dog,donut,eat,gen_test
234,A donut was eaten by a dog.,passive,dog,donut,eat,gen_test
235,The cat knew the boy.,active,cat,boy,know,gen_test
235,The boy was knowed by the cat.,passive,cat,boy,know,gen_test
236,The cat cleaned Amelia.,active,cat,Amelia,clean,gen_test
236,Amelia was cleaned by the cat.,passive,cat,Amelia,clean,gen_test
237,A lion ate Noah.,active,lion,Noah,eat,gen_test
237,Noah was eaten by a lion.,passive,lion,Noah,eat,gen_test
238,A frog ate the cookie.,active,frog,cookie,eat,train
238,The cookie was eaten by a frog.,passive,frog,cookie,eat,train
239,A hedgehog rolled Liam.,active,hedgehog,Liam,roll,train
239,Liam was rolled by a hedgehog.,passive,hedgehog,Liam,roll,train
240,The king saw the girl.,active,king,girl,see,train
240,The girl was seen by the king.,passive,king,girl,see,train
241,The cobra helped the boy.,active,cobra,boy,help,val
241,The boy was helped by the cobra.,passive,cobra,boy,help,val
242,A girl froze a cookie.,active,girl,cookie,freeze,train
242,A cookie was freezed by a girl.,passive,girl,cookie,freeze,train
243,A boy grew the pen.,active,boy,pen,grow,train
243,The pen was growed by a boy.,passive,boy,pen,grow,train
244,A girl painted the melon.,active,girl,melon,paint,test
244,The melon was painted by a girl.,passive,girl,melon,paint,test
245,The girl worshipped Owen.,active,girl,Owen,worship,train
245,Owen was worshiped by the girl.,passive,girl,Owen,worship,train
246,A tourist painted the child.,active,tourist,child,paint,test
246,The child was painted by a tourist.,passive,tourist,child,paint,test
247,A baby ate Ava.,active,baby,Ava,eat,gen_test
247,Ava was eaten by a baby.,passive,baby,Ava,eat,gen_test
248,The cat respected the girl.,active,cat,girl,respect,gen_test
248,The girl was respected by the cat.,passive,cat,girl,respect,gen_test
249,The frog blessed Noah.,active,frog,Noah,bless,train
249,Noah was blessed by the frog.,passive,frog,Noah,bless,train
250,The cat shortened Mateo.,active,cat,Mateo,shorten,gen_test
250,Mateo was shortened by the cat.,passive,cat,Mateo,shorten,gen_test
251,A cobra helped the lamb.,active,cobra,lamb,help,train
251,The lamb was helped by a cobra.,passive,cobra,lamb,help,train
252,The boy slid the girl.,active,boy,girl,slide,train
252,The girl was slided by the boy.,passive,boy,girl,slide,train
253,A dog froze the girl.,active,dog,girl,freeze,gen_test
253,The girl was freezed by a dog.,passive,dog,girl,freeze,gen_test
254,A boy broke a block.,active,boy,block,break,train
254,A block was broken by a boy.,passive,boy,block,break,train
255,A girl examined a monkey.,active,girl,monkey,examine,val
255,A monkey was examined by a girl.,passive,girl,monkey,examine,val
256,The creature appreciated the present.,active,creature,present,appreciate,train
256,The present was appreciated by the creature.,passive,creature,present,appreciate,train
257,A cat rolled the bee.,active,cat,bee,roll,gen_test
257,The bee was rolled by a cat.,passive,cat,bee,roll,gen_test
258,The child loved Charlotte.,active,child,Charlotte,love,gen_test
258,Charlotte was loved by the child.,passive,child,Charlotte,love,gen_test
259,The girl painted a lamb.,active,girl,lamb,paint,train
259,A lamb was painted by the girl.,passive,girl,lamb,paint,train
260,The girl painted Ava.,active,girl,Ava,paint,train
260,Ava was painted by the girl.,passive,girl,Ava,paint,train
261,A zebra enlarged Emma.,active,zebra,Emma,enlarge,test
261,Emma is enlarged by a zebra.,passive,zebra,Emma,enlarge,test
262,A cat observed the girl.,active,cat,girl,observe,gen_test
262,The girl was observed by a cat.,passive,cat,girl,observe,gen_test
263,A girl ate the dog.,active,girl,dog,eat,train
263,The dog was eaten by a girl.,passive,girl,dog,eat,train
264,The squirrel froze Carter.,active,squirrel,Carter,freeze,train
264,Carter was freezed by the squirrel.,passive,squirrel,Carter,freeze,train
265,A child sketched Ava.,active,child,Ava,sketch,gen_test
265,Ava was sketched by a child.,passive,child,Ava,sketch,gen_test
266,A child burned the zebra.,active,child,zebra,burn,gen_test
266,The zebra was burned by a child.,passive,child,zebra,burn,gen_test
267,A mouse ate the dog.,active,mouse,dog,eat,val
267,The dog was eaten by a mouse.,passive,mouse,dog,eat,val
268,A girl improved the doll.,active,girl,doll,improve,train
268,The doll was improved by a girl.,passive,girl,doll,improve,train
269,The student rolled the donut.,active,student,donut,roll,train
269,The donut was rolled by the student.,passive,student,donut,roll,train
270,A cat noticed the cake.,active,cat,cake,notice,gen_test
270,The cake was noticed by a cat.,passive,cat,cake,notice,gen_test
271,A cat rolled a sweetcorn.,active,cat,sweetcorn,roll,gen_test
271,A sweetcorn was rolled by a cat.,passive,cat,sweetcorn,roll,gen_test
272,The pony burned the donut.,active,pony,donut,burn,train
272,The donut was burned by the pony.,passive,pony,donut,burn,train
273,The girl ate the cookie.,active,girl,cookie,eat,train
273,The cookie was eaten by the girl.,passive,girl,cookie,eat,train
274,The girl examined the strawberry.,active,girl,strawberry,examine,train
274,The strawberry was examined by the girl.,passive,girl,strawberry,examine,train
275,A lion noticed a cake.,active,lion,cake,notice,gen_test
275,A cake was noticed by a lion.,passive,lion,cake,notice,gen_test
276,The girl touched Benjamin.,active,girl,Benjamin,touch,train
276,Benjamin was touched by the girl.,passive,girl,Benjamin,touch,train
277,The champion ate a spoon.,active,champion,spoon,eat,val
277,A spoon was eaten by the champion.,passive,champion,spoon,eat,val
278,A guest liked Ava.,active,guest,Ava,like,train
278,Ava was liked by a guest.,passive,guest,Ava,like,train
279,A cat burned Emma.,active,cat,Emma,burn,gen_test
279,Emma was burned by a cat.,passive,cat,Emma,burn,gen_test
280,The monster shortened Emma.,active,monster,Emma,shorten,test
280,Emma was shortened by the monster.,passive,monster,Emma,shorten,test
281,A teacher split a girl.,active,teacher,girl,split,train
281,A girl was splited by a teacher.,passive,teacher,girl,split,train
282,A cat cooked a girl.,active,cat,girl,cook,gen_test
282,A girl was cooked by a cat.,passive,cat,girl,cook,gen_test
283,The child helped the muffin.,active,child,muffin,help,gen_test
283,The muffin was helped by the child.,passive,child,muffin,help,gen_test
284,A cobra discovered a pumpkin.,active,cobra,pumpkin,discover,train
284,A pumpkin was discovered by a cobra.,passive,cobra,pumpkin,discover,train
285,A girl touched a cake.,active,girl,cake,touch,train
285,A cake was touched by a girl.,passive,girl,cake,touch,train
286,A president broke Liam.,active,president,Liam,break,train
286,Liam was broken by a president.,passive,president,Liam,break,train
287,The cat drew Benjamin.,active,cat,Benjamin,draw,gen_test
287,Benjamin was drawn by the cat.,passive,cat,Benjamin,draw,gen_test
288,A monkey ate Emma.,active,monkey,Emma,eat,train
288,Emma was eaten by a monkey.,passive,monkey,Emma,eat,train
289,The child grew the girl.,active,child,girl,grow,gen_test
289,The girl was growed by the child.,passive,child,girl,grow,gen_test
290,A bee packed Emma.,active,bee,Emma,pack,train
290,Emma was packed by a bee.,passive,bee,Emma,pack,train
291,The cobra poked the cake.,active,cobra,cake,poke,train
291,The cake was poked by the cobra.,passive,cobra,cake,poke,train
292,The girl ate the cat.,active,girl,cat,eat,train
292,The cat was eaten by the girl.,passive,girl,cat,eat,train
293,A girl rolled the balloon.,active,girl,balloon,roll,train
293,The balloon was rolled by a girl.,passive,girl,balloon,roll,train
294,The child loved the girl.,active,child,girl,love,gen_test
294,The girl was loved by the child.,passive,child,girl,love,gen_test
295,The girl rolled a donut.,active,girl,donut,roll,train
295,A donut was rolled by the girl.,passive,girl,donut,roll,train
296,The president liked a box.,active,president,box,like,val
296,A box was liked by the president.,passive,president,box,like,val
297,A teacher helped a cookie.,active,teacher,cookie,help,train
297,A cookie was helped by a teacher.,passive,teacher,cookie,help,train
298,The monster admired a cake.,active,monster,cake,admire,train
298,A cake was admired by the monster.,passive,monster,cake,admire,train
299,The boy ate the horse.,active,boy,horse,eat,train
299,The horse was eaten by the boy.,passive,boy,horse,eat,train
300,A teacher disintegrated the yogurt.,active,teacher,yogurt,disintegrate,train
300,The yogurt was disintegrated by a teacher.,passive,teacher,yogurt,disintegrate,train
301,A hedgehog rolled Ava.,active,hedgehog,Ava,roll,train
301,Ava was rolled by a hedgehog.,passive,hedgehog,Ava,roll,train
302,A boy ate Elizabeth.,active,boy,Elizabeth,eat,train
302,Elizabeth was eaten by a boy.,passive,boy,Elizabeth,eat,train
303,A boy pierced a cookie.,active,boy,cookie,pierce,train
303,A cookie was pierced by a boy.,passive,boy,cookie,pierce,train
304,A chief drew Charlie.,active,chief,Charlie,draw,train
304,Charlie was drawn by a chief.,passive,chief,Charlie,draw,train
305,The cobra helped the girl.,active,cobra,girl,help,train
305,The girl was helped by the cobra.,passive,cobra,girl,help,train
306,A chicken found a cake.,active,chicken,cake,find,gen_test
306,A cake was found by a chicken.,passive,chicken,cake,find,gen_test
307,A researcher hunted Sophia.,active,researcher,Sophia,hunt,train
307,Sophia was hunted by a researcher.,passive,researcher,Sophia,hunt,train
308,The girl floated a block.,active,girl,block,float,train
308,A block was floated by the girl.,passive,girl,block,float,train
309,The boy nursed the crocodile.,active,boy,crocodile,nurse,train
309,The crocodile was nursed by the boy.,passive,boy,crocodile,nurse,train
310,A girl froze the farmer.,active,girl,farmer,freeze,train
310,The farmer was freezed by a girl.,passive,girl,farmer,freeze,train
311,The mouse floated William.,active,mouse,William,float,train
311,William was floated by the mouse.,passive,mouse,William,float,train
312,The girl missed James.,active,girl,James,miss,train
312,James was missed by the girl.,passive,girl,James,miss,train
313,A giraffe liked a key.,active,giraffe,key,like,test
313,A key was liked by a giraffe.,passive,giraffe,key,like,test
314,The cobra helped Wyatt.,active,cobra,Wyatt,help,train
314,Wyatt was helped by the cobra.,passive,cobra,Wyatt,help,train
315,The boy rolled the cake.,active,boy,cake,roll,train
315,The cake was rolled by the boy.,passive,boy,cake,roll,train
316,The horse burned the chalk.,active,horse,chalk,burn,gen_test
316,The chalk was burned by the horse.,passive,horse,chalk,burn,gen_test
317,A bear rolled Olivia.,active,bear,Olivia,roll,gen_test
317,Olivia was rolled by a bear.,passive,bear,Olivia,roll,gen_test
318,The giraffe ate the boy.,active,giraffe,boy,eat,train
318,The boy was eaten by the giraffe.,passive,giraffe,boy,eat,train
319,A girl helped the giraffe.,active,girl,giraffe,help,train
319,The giraffe was helped by a girl.,passive,girl,giraffe,help,train
320,The cat rolled Emma.,active,cat,Emma,roll,gen_test
320,Emma was rolled by the cat.,passive,cat,Emma,roll,gen_test
321,The girl snapped the rose.,active,girl,rose,snap,train
321,The rose was snaped by the girl.,passive,girl,rose,snap,train
322,A baby ate the jar.,active,baby,jar,eat,gen_test
322,The jar was eaten by a baby.,passive,baby,jar,eat,gen_test
323,A dog nursed the jigsaw.,active,dog,jigsaw,nurse,gen_test
323,The jigsaw was nursed by a dog.,passive,dog,jigsaw,nurse,gen_test
324,The boy slid William.,active,boy,William,slide,train
324,William was slided by the boy.,passive,boy,William,slide,train
325,A chicken rolled Emma.,active,chicken,Emma,roll,gen_test
325,Emma was rolled by a chicken.,passive,chicken,Emma,roll,gen_test
326,A boy painted a child.,active,boy,child,paint,train
326,A child was painted by a boy.,passive,boy,child,paint,train
327,A frog changed a nail.,active,frog,nail,change,train
327,A nail was changed by a frog.,passive,frog,nail,change,train
328,A bear painted the sweetcorn.,active,bear,sweetcorn,paint,gen_test
328,The sweetcorn was painted by a bear.,passive,bear,sweetcorn,paint,gen_test
329,A butterfly admired Emma.,active,butterfly,Emma,admire,train
329,Emma was admired by a butterfly.,passive,butterfly,Emma,admire,train
330,A boy drew the melon.,active,boy,melon,draw,test
330,The melon was drawn by a boy.,passive,boy,melon,draw,test
331,The baby missed the cake.,active,baby,cake,miss,gen_test
331,The cake was missed by the baby.,passive,baby,cake,miss,gen_test
332,The cat dusted the melon.,active,cat,melon,dust,gen_test
332,The melon was dusted by the cat.,passive,cat,melon,dust,gen_test
333,A girl shortened Mia.,active,girl,Mia,shorten,train
333,Mia was shortened by a girl.,passive,girl,Mia,shorten,train
334,A chicken ate the raisin.,active,chicken,raisin,eat,gen_test
334,The raisin was eaten by a chicken.,passive,chicken,raisin,eat,gen_test
335,A girl doubled Emma.,active,girl,Emma,double,val
335,Emma was doubled by a girl.,passive,girl,Emma,double,val
336,A cobra poked Olivia.,active,cobra,Olivia,poke,train
336,Olivia was poked by a cobra.,passive,cobra,Olivia,poke,train
337,The cobra liked Bella.,active,cobra,Bella,like,train
337,Bella was liked by the cobra.,passive,cobra,Bella,like,train
338,A driver painted a cockroach.,active,driver,cockroach,paint,train
338,A cockroach was painted by a driver.,passive,driver,cockroach,paint,train
339,A boy liked a cookie.,active,boy,cookie,like,val
339,A cookie was liked by a boy.,passive,boy,cookie,like,val
340,A dog liked the seed.,active,dog,seed,like,gen_test
340,The seed was liked by a dog.,passive,dog,seed,like,gen_test
341,The girl dusted a muffin.,active,girl,muffin,dust,val
341,A muffin was dusted by the girl.,passive,girl,muffin,dust,val
342,The girl slid Charlie.,active,girl,Charlie,slide,test
342,Charlie was slided by the girl.,passive,girl,Charlie,slide,test
343,The girl ate the game.,active,girl,game,eat,train
343,The game was eaten by the girl.,passive,girl,game,eat,train
344,The child rolled the tool.,active,child,tool,roll,gen_test
344,The tool was rolled by the child.,passive,child,tool,roll,gen_test
345,A girl admired a box.,active,girl,box,admire,train
345,A box was admired by a girl.,passive,girl,box,admire,train
346,A boy saw Jacob.,active,boy,Jacob,see,train
346,Jacob was seen by a boy.,passive,boy,Jacob,see,train
347,The girl examined James.,active,girl,James,examine,val
347,James was examined by the girl.,passive,girl,James,examine,val
348,The sailor rolled the girl.,active,sailor,girl,roll,train
348,The girl was rolled by the sailor.,passive,sailor,girl,roll,train
349,A boy rolled William.,active,boy,William,roll,train
349,William was rolled by a boy.,passive,boy,William,roll,train
350,A queen burned a moose.,active,queen,moose,burn,train
350,A moose was burned by a queen.,passive,queen,moose,burn,train
351,The girl shortened a baby.,active,girl,baby,shorten,train
351,A baby was shortened by the girl.,passive,girl,baby,shorten,train
352,The boy froze the rose.,active,boy,rose,freeze,train
352,The rose was freezed by the boy.,passive,boy,rose,freeze,train
353,A boy burned a bird.,active,boy,bird,burn,train
353,A bird was burned by a boy.,passive,boy,bird,burn,train
354,The dog rolled the boy.,active,dog,boy,roll,gen_test
354,The boy was rolled by the dog.,passive,dog,boy,roll,gen_test
355,A child drew Noah.,active,child,Noah,draw,gen_test
355,Noah was drawn by a child.,passive,child,Noah,draw,gen_test
356,A horse drew the cake.,active,horse,cake,draw,gen_test
356,The cake was drawn by a horse.,passive,horse,cake,draw,gen_test
357,The cat painted the biscuit.,active,cat,biscuit,paint,gen_test
357,The biscuit was painted by the cat.,passive,cat,biscuit,paint,gen_test
358,The penguin rolled Liam.,active,penguin,Liam,roll,train
358,Liam was rolled by the penguin.,passive,penguin,Liam,roll,train
359,A patient ate the cake.,active,patient,cake,eat,train
359,The cake was eaten by a patient.,passive,patient,cake,eat,train
360,The cobra helped Emma.,active,cobra,Emma,help,train
360,Emma was helped by the cobra.,passive,cobra,Emma,help,train
361,The tiger froze Sophia.,active,tiger,Sophia,freeze,test
361,Sophia was freezed by the tiger.,passive,tiger,Sophia,freeze,test
362,The child liked Noah.,active,child,Noah,like,gen_test
362,Noah was liked by the child.,passive,child,Noah,like,gen_test
363,A goose found Emma.,active,goose,Emma,find,train
363,Emma was found by a goose.,passive,goose,Emma,find,train
364,A girl grew the pizza.,active,girl,pizza,grow,train
364,The pizza was growed by a girl.,passive,girl,pizza,grow,train
365,The sheep rolled a researcher.,active,sheep,researcher,roll,train
365,A researcher was rolled by the sheep.,passive,sheep,researcher,roll,train
366,A girl liked the sailor.,active,girl,sailor,like,train
366,The sailor was liked by a girl.,passive,girl,sailor,like,train
367,The cobra found Emma.,active,cobra,Emma,find,test
367,Emma was found by the cobra.,passive,cobra,Emma,find,test
368,The cobra liked the pickle.,active,cobra,pickle,like,train
368,The pickle was liked by the cobra.,passive,cobra,pickle,like,train
369,A hero hunted a dog.,active,hero,dog,hunt,train
369,A dog was hunted by a hero.,passive,hero,dog,hunt,train
370,A cat froze Alexander.,active,cat,Alexander,freeze,gen_test
370,Alexander was freezed by a cat.,passive,cat,Alexander,freeze,gen_test
371,The zebra enlarged Emma.,active,zebra,Emma,enlarge,test
371,Emma was enlarged by the zebra.,passive,zebra,Emma,enlarge,test
372,The cat helped a cup.,active,cat,cup,help,gen_test
372,A cup was helped by the cat.,passive,cat,cup,help,gen_test
373,The governor ate a cookie.,active,governor,cookie,eat,val
373,A cookie was eaten by the governor.,passive,governor,cookie,eat,val
374,The boy rolled the radio.,active,boy,radio,roll,train
374,The radio was rolled by the boy.,passive,boy,radio,roll,train
375,The frog poked Abigail.,active,frog,Abigail,poke,train
375,Abigail was poked by the frog.,passive,frog,Abigail,poke,train
376,The girl ate the box.,active,girl,box,eat,train
376,The box was eaten by the girl.,passive,girl,box,eat,train
377,A tourist packed a box.,active,tourist,box,pack,train
377,A box was packed by a tourist.,passive,tourist,box,pack,train
378,A baby valued Noah.,active,baby,Noah,value,gen_test
378,Noah was valued by a baby.,passive,baby,Noah,value,gen_test
379,A monkey heard a frog.,active,monkey,frog,hear,train
379,A frog was heared by a monkey.,passive,monkey,frog,hear,train
380,The child blessed Emma.,active,child,Emma,bless,gen_test
380,Emma was blessed by the child.,passive,child,Emma,bless,gen_test
381,A baby helped a donut.,active,baby,donut,help,gen_test
381,A donut was helped by a baby.,passive,baby,donut,help,gen_test
382,A chief heard Charlie.,active,chief,Charlie,hear,train
382,Charlie was heared by a chief.,passive,chief,Charlie,hear,train
383,The baby reddened the girl.,active,baby,girl,redden,gen_test
383,The girl was reddened by the baby.,passive,baby,girl,redden,gen_test
384,A girl cooked a donut.,active,girl,donut,cook,train
384,A donut was cooked by a girl.,passive,girl,donut,cook,train
385,The hen liked the donut.,active,hen,donut,like,train
385,The donut was liked by the hen.,passive,hen,donut,like,train
386,The consumer valued the beer.,active,consumer,beer,value,train
386,The beer was valued by the consumer.,passive,consumer,beer,value,train
387,A girl liked the cat.,active,girl,cat,like,train
387,The cat was liked by a girl.,passive,girl,cat,like,train
388,A hedgehog rolled the jigsaw.,active,hedgehog,jigsaw,roll,train
388,The jigsaw was rolled by a hedgehog.,passive,hedgehog,jigsaw,roll,train
389,The boy blessed Emma.,active,boy,Emma,bless,train
389,Emma was blessed by the boy.,passive,boy,Emma,bless,train
390,The butterfly tossed a cookie.,active,butterfly,cookie,toss,train
390,A cookie was tossed by the butterfly.,passive,butterfly,cookie,toss,train
391,A fish liked the tenant.,active,fish,tenant,like,train
391,The tenant was liked by a fish.,passive,fish,tenant,like,train
392,A visitor burned the cake.,active,visitor,cake,burn,train
392,The cake was burned by a visitor.,passive,visitor,cake,burn,train
393,The girl poked Savannah.,active,girl,Savannah,poke,train
393,Savannah was poked by the girl.,passive,girl,Savannah,poke,train
394,The boy froze a baby.,active,boy,baby,freeze,train
394,A baby was freezed by the boy.,passive,boy,baby,freeze,train
395,A fly liked the duck.,active,fly,duck,like,val
395,The duck was liked by a fly.,passive,fly,duck,like,val
396,A deer snapped the cake.,active,deer,cake,snap,test
396,The cake was snaped by a deer.,passive,deer,cake,snap,test
397,A bee painted Charlie.,active,bee,Charlie,paint,val
397,Charlie was painted by a bee.,passive,bee,Charlie,paint,val
398,A girl liked Liam.,active,girl,Liam,like,val
398,Liam was liked by a girl.,passive,girl,Liam,like,val
399,A girl inflated the cake.,active,girl,cake,inflate,train
399,The cake was inflated by a girl.,passive,girl,cake,inflate,train
400,The girl split the donut.,active,girl,donut,split,test
400,The donut was splited by the girl.,passive,girl,donut,split,test
401,A boy burned a girl.,active,boy,girl,burn,train
401,A girl was burned by a boy.,passive,boy,girl,burn,train
402,A cobra discovered a chair.,active,cobra,chair,discover,train
402,A chair was discovered by a cobra.,passive,cobra,chair,discover,train
403,The boy adored the cake.,active,boy,cake,adore,train
403,The cake was adored by the boy.,passive,boy,cake,adore,train
404,The customer ate Emma.,active,customer,Emma,eat,train
404,Emma was eaten by the customer.,passive,customer,Emma,eat,train
405,A baby shortened Sophia.,active,baby,Sophia,shorten,gen_test
405,Sophia was shortened by a baby.,passive,baby,Sophia,shorten,gen_test
406,A baby helped the president.,active,baby,president,help,gen_test
406,The president was helped by a baby.,passive,baby,president,help,gen_test
407,The farmer froze the bat.,active,farmer,bat,freeze,train
407,The bat was freezed by the farmer.,passive,farmer,bat,freeze,train
408,A deer drew a girl.,active,deer,girl,draw,train
408,A girl was drawn by a deer.,passive,deer,girl,draw,train
409,A zebra tolerated a cake.,active,zebra,cake,tolerate,train
409,A cake was tolerated by a zebra.,passive,zebra,cake,tolerate,train
410,The princess ate Emma.,active,princess,Emma,eat,train
410,Emma was eaten by the princess.,passive,princess,Emma,eat,train
411,The baby ate Andrew.,active,baby,Andrew,eat,gen_test
411,Andrew was eaten by the baby.,passive,baby,Andrew,eat,gen_test
412,The cat liked the fly.,active,cat,fly,like,gen_test
412,The fly was liked by the cat.,passive,cat,fly,like,gen_test
413,A boy called a drink.,active,boy,drink,call,train
413,A drink was called by a boy.,passive,boy,drink,call,train
414,A child tolerated the raisin.,active,child,raisin,tolerate,gen_test
414,The raisin was tolerated by a child.,passive,child,raisin,tolerate,gen_test
415,A cat liked Olivia.,active,cat,Olivia,like,gen_test
415,Olivia was liked by a cat.,passive,cat,Olivia,like,gen_test
416,The duck loved Oliver.,active,duck,Oliver,love,train
416,Oliver was loved by the duck.,passive,duck,Oliver,love,train
417,The zebra liked the girl.,active,zebra,girl,like,val
417,The girl was liked by the zebra.,passive,zebra,girl,like,val
418,A cobra liked Evelyn.,active,cobra,Evelyn,like,train
418,Evelyn was liked by a cobra.,passive,cobra,Evelyn,like,train
419,The girl appreciated James.,active,girl,James,appreciate,train
419,James was appreciated by the girl.,passive,girl,James,appreciate,train
420,The squirrel ate the drink.,active,squirrel,drink,eat,train
420,The drink was eaten by the squirrel.,passive,squirrel,drink,eat,train
421,A cat cleaned a cake.,active,cat,cake,clean,gen_test
421,A cake was cleaned by a cat.,passive,cat,cake,clean,gen_test
422,The dog painted the bell.,active,dog,bell,paint,gen_test
422,The bell was painted by the dog.,passive,dog,bell,paint,gen_test
423,A cat admired Olivia.,active,cat,Olivia,admire,gen_test
423,Olivia was admired by a cat.,passive,cat,Olivia,admire,gen_test
424,The fly poked the cockroach.,active,fly,cockroach,poke,train
424,The cockroach was poked by the fly.,passive,fly,cockroach,poke,train
425,A girl ate Evelyn.,active,girl,Evelyn,eat,train
425,Evelyn was eaten by a girl.,passive,girl,Evelyn,eat,train
426,The cat reddened a cake.,active,cat,cake,redden,gen_test
426,A cake was reddened by the cat.,passive,cat,cake,redden,gen_test
427,A dog cooked the cookie.,active,dog,cookie,cook,gen_test
427,The cookie was cooked by a dog.,passive,dog,cookie,cook,gen_test
428,A cobra liked a cake.,active,cobra,cake,like,val
428,A cake was liked by a cobra.,passive,cobra,cake,like,val
429,A boy burned the prisoner.,active,boy,prisoner,burn,train
429,The prisoner was burned by a boy.,passive,boy,prisoner,burn,train
430,The frog tossed the game.,active,frog,game,toss,train
430,The game was tossed by the frog.,passive,frog,game,toss,train
431,The girl respected a game.,active,girl,game,respect,train
431,A game was respected by the girl.,passive,girl,game,respect,train
432,The girl missed Emma.,active,girl,Emma,miss,val
432,Emma was missed by the girl.,passive,girl,Emma,miss,val
433,A mother ate the cake.,active,mother,cake,eat,train
433,The cake was eaten by a mother.,passive,mother,cake,eat,train
434,The girl held Jack.,active,girl,Jack,hold,test
434,Jack was holded by the girl.,passive,girl,Jack,hold,test
435,The baby touched Elizabeth.,active,baby,Elizabeth,touch,gen_test
435,Elizabeth was touched by the baby.,passive,baby,Elizabeth,touch,gen_test
436,A cow observed the cake.,active,cow,cake,observe,train
436,The cake was observed by a cow.,passive,cow,cake,observe,train
437,A giraffe cooked Emma.,active,giraffe,Emma,cook,train
437,Emma was cooked by a giraffe.,passive,giraffe,Emma,cook,train
438,A dog rolled a cake.,active,dog,cake,roll,gen_test
438,A cake was rolled by a dog.,passive,dog,cake,roll,gen_test
439,A cobra helped Emma.,active,cobra,Emma,help,train
439,Emma was helped by a cobra.,passive,cobra,Emma,help,train
440,The cat ate a game.,active,cat,game,eat,gen_test
440,A game was eaten by the cat.,passive,cat,game,eat,gen_test
441,A boy decomposed a girl.,active,boy,girl,decompose,val
441,A girl was decomposed by a boy.,passive,boy,girl,decompose,val
442,The baby rolled Emma.,active,baby,Emma,roll,gen_test
442,Emma was rolled by the baby.,passive,baby,Emma,roll,gen_test
443,A politician found the girl.,active,politician,girl,find,train
443,The girl was found by a politician.,passive,politician,girl,find,train
444,A dog worshipped Liam.,active,dog,Liam,worship,gen_test
444,Liam was worshiped by a dog.,passive,dog,Liam,worship,gen_test
445,A dog liked the cake.,active,dog,cake,like,gen_test
445,The cake was liked by a dog.,passive,dog,cake,like,gen_test
446,A cat adored a cake.,active,cat,cake,adore,gen_test
446,A cake was adored by a cat.,passive,cat,cake,adore,gen_test
447,A cobra helped Isabella.,active,cobra,Isabella,help,train
447,Isabella was helped by a cobra.,passive,cobra,Isabella,help,train
448,A girl adored Jaxon.,active,girl,Jaxon,adore,train
448,Jaxon was adored by a girl.,passive,girl,Jaxon,adore,train
449,A girl painted the cat.,active,girl,cat,paint,train
449,The cat was painted by a girl.,passive,girl,cat,paint,train
450,The girl rolled Alexander.,active,girl,Alexander,roll,train
450,Alexander was rolled by the girl.,passive,girl,Alexander,roll,train
451,A boy rolled a raisin.,active,boy,raisin,roll,train
451,A raisin was rolled by a boy.,passive,boy,raisin,roll,train
452,A girl ate a boy.,active,girl,boy,eat,train
452,A boy was eaten by a girl.,passive,girl,boy,eat,train
453,The cat rolled Liam.,active,cat,Liam,roll,gen_test
453,Liam was rolled by the cat.,passive,cat,Liam,roll,gen_test
454,The king ate a cake.,active,king,cake,eat,val
454,A cake was eaten by the king.,passive,king,cake,eat,val
455,A lamb helped Emma.,active,lamb,Emma,help,train
455,Emma was helped by a lamb.,passive,lamb,Emma,help,train
456,The boy rolled Zoe.,active,boy,Zoe,roll,train
456,Zoe was rolled by the boy.,passive,boy,Zoe,roll,train
457,The girl enlarged a balloon.,active,girl,balloon,enlarge,train
457,A balloon was enlarged by the girl.,passive,girl,balloon,enlarge,train
458,A goose ate Elizabeth.,active,goose,Elizabeth,eat,train
458,Elizabeth was eaten by a goose.,passive,goose,Elizabeth,eat,train
459,A girl froze Liam.,active,girl,Liam,freeze,train
459,Liam was freezed by a girl.,passive,girl,Liam,freeze,train
460,A girl adored Emma.,active,girl,Emma,adore,train
460,Emma was adored by a girl.,passive,girl,Emma,adore,train
461,A baby shortened the box.,active,baby,box,shorten,gen_test
461,The box was shortened by a baby.,passive,baby,box,shorten,gen_test
462,A dog cooked Olivia.,active,dog,Olivia,cook,gen_test
462,Olivia was cooked by a dog.,passive,dog,Olivia,cook,gen_test
463,The girl painted William.,active,girl,William,paint,train
463,William was painted by the girl.,passive,girl,William,paint,train
464,A bunny admired the squirrel.,active,bunny,squirrel,admire,train
464,The squirrel was admired by a bunny.,passive,bunny,squirrel,admire,train
465,A girl found a sandwich.,active,girl,sandwich,find,test
465,A sandwich was found by a girl.,passive,girl,sandwich,find,test
466,The guy helped the producer.,active,guy,producer,help,train
466,The producer was helped by the guy.,passive,guy,producer,help,train
467,A boy knew Emma.,active,boy,Emma,know,train
467,Emma was knowed by a boy.,passive,boy,Emma,know,train
468,The girl rolled a duke.,active,girl,duke,roll,train
468,A duke was rolled by the girl.,passive,girl,duke,roll,train
469,The manager knew the basket.,active,manager,basket,know,train
469,The basket was knowed by the manager.,passive,manager,basket,know,train
470,A cat cleaned Emma.,active,cat,Emma,clean,gen_test
470,Emma was cleaned by a cat.,passive,cat,Emma,clean,gen_test
471,A cow drew a butterfly.,active,cow,butterfly,draw,train
471,A butterfly was drawn by a cow.,passive,cow,butterfly,draw,train
472,The king painted Mason.,active,king,Mason,paint,train
472,Mason was painted by the king.,passive,king,Mason,paint,train
473,A chicken painted the horse.,active,chicken,horse,paint,gen_test
473,The horse was painted by a chicken.,passive,chicken,horse,paint,gen_test
474,The patient worshipped a cat.,active,patient,cat,worship,train
474,A cat was worshiped by the patient.,passive,patient,cat,worship,train
475,A girl ate Emma.,active,girl,Emma,eat,train
475,Emma was eaten by a girl.,passive,girl,Emma,eat,train
476,A lawyer liked Olivia.,active,lawyer,Olivia,like,train
476,Olivia was liked by a lawyer.,passive,lawyer,Olivia,like,train
477,A tiger burned the cake.,active,tiger,cake,burn,train
477,The cake was burned by a tiger.,passive,tiger,cake,burn,train
478,The crocodile sketched the mother.,active,crocodile,mother,sketch,train
478,The mother was sketched by the crocodile.,passive,crocodile,mother,sketch,train
479,A boy nursed Ethan.,active,boy,Ethan,nurse,train
479,Ethan was nursed by a boy.,passive,boy,Ethan,nurse,train
480,A cat rolled the horse.,active,cat,horse,roll,gen_test
480,The horse was rolled by a cat.,passive,cat,horse,roll,gen_test
481,The girl froze a ball.,active,girl,ball,freeze,test
481,A ball was freezed by the girl.,passive,girl,ball,freeze,test
482,A girl cleaned the needle.,active,girl,needle,clean,train
482,The needle was cleaned by a girl.,passive,girl,needle,clean,train
483,The boy rolled Carter.,active,boy,Carter,roll,test
483,Carter was rolled by the boy.,passive,boy,Carter,roll,test
484,A girl ate Matthew.,active,girl,Matthew,eat,test
484,Matthew was eaten by a girl.,passive,girl,Matthew,eat,test
485,A dog shortened Noah.,active,dog,Noah,shorten,gen_test
485,Noah was shortened by a dog.,passive,dog,Noah,shorten,gen_test
486,The zebra froze a sandwich.,active,zebra,sandwich,freeze,test
486,A sandwich was freezed by the zebra.,passive,zebra,sandwich,freeze,test
487,The sailor called a box.,active,sailor,box,call,train
487,A box was called by the sailor.,passive,sailor,box,call,train
488,A child liked the cake.,active,child,cake,like,gen_test
488,The cake was liked by a child.,passive,child,cake,like,gen_test
489,The cat studied the donut.,active,cat,donut,study,gen_test
489,The donut was studyed by the cat.,passive,cat,donut,study,gen_test
490,A student ate Emma.,active,student,Emma,eat,val
490,Emma was eaten by a student.,passive,student,Emma,eat,val
491,The boy rolled Amelia.,active,boy,Amelia,roll,train
491,Amelia was rolled by the boy.,passive,boy,Amelia,roll,train
492,A prisoner loved the box.,active,prisoner,box,love,train
492,The box was loved by a prisoner.,passive,prisoner,box,love,train
493,A girl liked a student.,active,girl,student,like,train
493,A student was liked by a girl.,passive,girl,student,like,train
494,A boy appreciated the girl.,active,boy,girl,appreciate,train
494,The girl was appreciated by a boy.,passive,boy,girl,appreciate,train
495,The girl heard a pretzel.,active,girl,pretzel,hear,train
495,A pretzel was heared by the girl.,passive,girl,pretzel,hear,train
496,A farmer helped a girl.,active,farmer,girl,help,train
496,A girl was helped by a farmer.,passive,farmer,girl,help,train
497,A girl missed a donut.,active,girl,donut,miss,val
497,A donut was missed by a girl.,passive,girl,donut,miss,val
498,The hedgehog adored a cake.,active,hedgehog,cake,adore,train
498,A cake was adored by the hedgehog.,passive,hedgehog,cake,adore,train
499,A girl found a weapon.,active,girl,weapon,find,train
499,A weapon was found by a girl.,passive,girl,weapon,find,train
500,A girl painted the chicken.,active,girl,chicken,paint,train
500,The chicken was painted by a girl.,passive,girl,chicken,paint,train
501,The girl investigated the purse.,active,girl,purse,investigate,train
501,The purse was investigated by the girl.,passive,girl,purse,investigate,train
502,The lion tolerated the girl.,active,lion,girl,tolerate,gen_test
502,The girl was tolerated by the lion.,passive,lion,girl,tolerate,gen_test
503,A girl painted a tenant.,active,girl,tenant,paint,train
503,A tenant was painted by a girl.,passive,girl,tenant,paint,train
504,A boy collapsed Liam.,active,boy,Liam,collapse,test
504,Liam was collapsed by a boy.,passive,boy,Liam,collapse,test
505,The girl drew a bat.,active,girl,bat,draw,val
505,A bat was drawn by the girl.,passive,girl,bat,draw,val
506,A hedgehog painted the donut.,active,hedgehog,donut,paint,train
506,The donut was painted by a hedgehog.,passive,hedgehog,donut,paint,train
507,A girl nursed a cake.,active,girl,cake,nurse,val
507,A cake was nursed by a girl.,passive,girl,cake,nurse,val
508,The mouse painted a cake.,active,mouse,cake,paint,train
508,A cake was painted by the mouse.,passive,mouse,cake,paint,train
509,The boy cooked Elijah.,active,boy,Elijah,cook,train
509,Elijah was cooked by the boy.,passive,boy,Elijah,cook,train
510,The governor rolled the child.,active,governor,child,roll,val
510,The child was rolled by the governor.,passive,governor,child,roll,val
511,The penguin discovered Charlie.,active,penguin,Charlie,discover,train
511,Charlie was discovered by the penguin.,passive,penguin,Charlie,discover,train
512,A cat liked the girl.,active,cat,girl,like,gen_test
512,The girl was liked by a cat.,passive,cat,girl,like,gen_test
513,The girl missed the kitty.,active,girl,kitty,miss,train
513,The kitty was missed by the girl.,passive,girl,kitty,miss,train
514,A child rolled the girl.,active,child,girl,roll,gen_test
514,The girl was rolled by a child.,passive,child,girl,roll,gen_test
515,A hedgehog drew Liam.,active,hedgehog,Liam,draw,train
515,Liam was drawn by a hedgehog.,passive,hedgehog,Liam,draw,train
516,The girl called a cockroach.,active,girl,cockroach,call,train
516,A cockroach was called by the girl.,passive,girl,cockroach,call,train
517,The girl collapsed the cake.,active,girl,cake,collapse,train
517,The cake was collapsed by the girl.,passive,girl,cake,collapse,train
518,The teacher rolled Olivia.,active,teacher,Olivia,roll,train
518,Olivia was rolled by the teacher.,passive,teacher,Olivia,roll,train
519,A boy adored Emma.,active,boy,Emma,adore,train
519,Emma was adored by a boy.,passive,boy,Emma,adore,train
520,A spokesman painted the crayon.,active,spokesman,crayon,paint,train
520,The crayon was painted by a spokesman.,passive,spokesman,crayon,paint,train
521,A cobra liked the tourist.,active,cobra,tourist,like,train
521,The tourist was liked by a cobra.,passive,cobra,tourist,like,train
522,A girl rolled the hat.,active,girl,hat,roll,train
522,The hat was rolled by a girl.,passive,girl,hat,roll,train
523,The girl studied Emma.,active,girl,Emma,study,train
523,Emma was studyed by the girl.,passive,girl,Emma,study,train
524,A girl threw Emma.,active,girl,Emma,throw,val
524,Emma was throwed by a girl.,passive,girl,Emma,throw,val
525,The bird crumpled a strawberry.,active,bird,strawberry,crumple,train
525,A strawberry was crumpled by the bird.,passive,bird,strawberry,crumple,train
526,The girl hunted the bird.,active,girl,bird,hunt,val
526,The bird was hunted by the girl.,passive,girl,bird,hunt,val
527,The boy loved a girl.,active,boy,girl,love,train
527,A girl was loved by the boy.,passive,boy,girl,love,train
528,A girl cleaned a pretzel.,active,girl,pretzel,clean,train
528,A pretzel was cleaned by a girl.,passive,girl,pretzel,clean,train
529,The cat drew Mia.,active,cat,Mia,draw,gen_test
529,Mia was drawn by the cat.,passive,cat,Mia,draw,gen_test
530,The cobra held Daniel.,active,cobra,Daniel,hold,train
530,Daniel was holded by the cobra.,passive,cobra,Daniel,hold,train
531,The boy juggled Aria.,active,boy,Aria,juggle,train
531,Aria was juggled by the boy.,passive,boy,Aria,juggle,train
532,A girl shortened a sandwich.,active,girl,sandwich,shorten,train
532,A sandwich was shortened by a girl.,passive,girl,sandwich,shorten,train
533,A horse helped Ava.,active,horse,Ava,help,gen_test
533,Ava was helped by a horse.,passive,horse,Ava,help,gen_test
534,The boy rolled a rose.,active,boy,rose,roll,val
534,A rose was rolled by the boy.,passive,boy,rose,roll,val
535,The pig liked Brooklyn.,active,pig,Brooklyn,like,train
535,Brooklyn was liked by the pig.,passive,pig,Brooklyn,like,train
536,The girl liked a priest.,active,girl,priest,like,train
536,A priest was liked by the girl.,passive,girl,priest,like,train
537,A mouse appreciated Olivia.,active,mouse,Olivia,appreciate,train
537,Olivia was appreciated by a mouse.,passive,mouse,Olivia,appreciate,train
538,A driver rolled a girl.,active,driver,girl,roll,train
538,A girl was rolled by a driver.,passive,driver,girl,roll,train
539,The penguin touched the raisin.,active,penguin,raisin,touch,val
539,The raisin was touched by the penguin.,passive,penguin,raisin,touch,val
540,A girl grew a melon.,active,girl,melon,grow,test
540,A melon was growed by a girl.,passive,girl,melon,grow,test
541,The girl tossed the donut.,active,girl,donut,toss,train
541,The donut was tossed by the girl.,passive,girl,donut,toss,train
542,A father helped a chicken.,active,father,chicken,help,train
542,A chicken was helped by a father.,passive,father,chicken,help,train
543,A teacher liked the dog.,active,teacher,dog,like,train
543,The dog was liked by a teacher.,passive,teacher,dog,like,train
544,The girl froze Lily.,active,girl,Lily,freeze,train
544,Lily was freezed by the girl.,passive,girl,Lily,freeze,train
545,A cat saw Christopher.,active,cat,Christopher,see,gen_test
545,Christopher was seen by a cat.,passive,cat,Christopher,see,gen_test
546,A girl liked the chemical.,active,girl,chemical,like,val
546,The chemical was liked by a girl.,passive,girl,chemical,like,val
547,The boy painted a cake.,active,boy,cake,paint,val
547,A cake was painted by the boy.,passive,boy,cake,paint,val
548,A girl rolled the scientist.,active,girl,scientist,roll,train
548,The scientist was rolled by a girl.,passive,girl,scientist,roll,train
549,The president blessed Emma.,active,president,Emma,bless,train
549,Emma was blessed by the president.,passive,president,Emma,bless,train
550,A guy ate Penelope.,active,guy,Penelope,eat,train
550,Penelope was eaten by a guy.,passive,guy,Penelope,eat,train
551,The moose floated a cake.,active,moose,cake,float,train
551,A cake was floated by the moose.,passive,moose,cake,float,train
552,A boy studied a cake.,active,boy,cake,study,train
552,A cake was studyed by a boy.,passive,boy,cake,study,train
553,The mouse changed Emma.,active,mouse,Emma,change,val
553,Emma was changed by the mouse.,passive,mouse,Emma,change,val
554,A teacher rolled a melon.,active,teacher,melon,roll,train
554,A melon was rolled by a teacher.,passive,teacher,melon,roll,train
555,A monkey pierced a girl.,active,monkey,girl,pierce,train
555,A girl was pierced by a monkey.,passive,monkey,girl,pierce,train
556,The girl dusted the rose.,active,girl,rose,dust,train
556,The rose was dusted by the girl.,passive,girl,rose,dust,train
557,A consumer helped the dog.,active,consumer,dog,help,train
557,The dog was helped by a consumer.,passive,consumer,dog,help,train
558,The girl sketched Charlie.,active,girl,Charlie,sketch,train
558,Charlie was sketched by the girl.,passive,girl,Charlie,sketch,train
559,A horse rolled Emma.,active,horse,Emma,roll,gen_test
559,Emma was rolled by a horse.,passive,horse,Emma,roll,gen_test
560,The girl found a spoon.,active,girl,spoon,find,train
560,A spoon was found by the girl.,passive,girl,spoon,find,train
561,A horse ate the bat.,active,horse,bat,eat,gen_test
561,The bat was eaten by a horse.,passive,horse,bat,eat,gen_test
562,A lawyer pierced a cake.,active,lawyer,cake,pierce,train
562,A cake was pierced by a lawyer.,passive,lawyer,cake,pierce,train
563,The duck cleaned Emma.,active,duck,Emma,clean,val
563,Emma was cleaned by the duck.,passive,duck,Emma,clean,val
564,A mouse rolled a box.,active,mouse,box,roll,train
564,A box was rolled by a mouse.,passive,mouse,box,roll,train
565,The girl appreciated the dog.,active,girl,dog,appreciate,test
565,The dog was appreciated by the girl.,passive,girl,dog,appreciate,test
566,The girl valued Charlie.,active,girl,Charlie,value,train
566,Charlie was valued by the girl.,passive,girl,Charlie,value,train
567,The president painted a molecule.,active,president,molecule,paint,train
567,A molecule was painted by the president.,passive,president,molecule,paint,train
568,The dog split the tool.,active,dog,tool,split,gen_test
568,The tool was splited by the dog.,passive,dog,tool,split,gen_test
569,A governor collapsed a girl.,active,governor,girl,collapse,train
569,A girl was collapsed by a governor.,passive,governor,girl,collapse,train
570,The teacher slid a pumpkin.,active,teacher,pumpkin,slide,train
570,A pumpkin was slided by the teacher.,passive,teacher,pumpkin,slide,train
571,A baby snapped a bottle.,active,baby,bottle,snap,gen_test
571,A bottle was snaped by a baby.,passive,baby,bottle,snap,gen_test
572,The duck painted the frog.,active,duck,frog,paint,train
572,The frog was painted by the duck.,passive,duck,frog,paint,train
573,A girl grew the box.,active,girl,box,grow,train
573,The box was growed by a girl.,passive,girl,box,grow,train
574,The fish cleaned Olivia.,active,fish,Olivia,clean,train
574,Olivia was cleaned by the fish.,passive,fish,Olivia,clean,train
575,The girl respected the boy.,active,girl,boy,respect,train
575,The boy was respected by the girl.,passive,girl,boy,respect,train
576,A cobra liked a jigsaw.,active,cobra,jigsaw,like,train
576,A jigsaw was liked by a cobra.,passive,cobra,jigsaw,like,train
577,The penguin liked a baby.,active,penguin,baby,like,train
577,A baby was liked by the penguin.,passive,penguin,baby,like,train
578,The boy liked the girl.,active,boy,girl,like,train
578,The girl was liked by the boy.,passive,boy,girl,like,train
579,A teacher noticed a chicken.,active,teacher,chicken,notice,train
579,A chicken was noticed by a teacher.,passive,teacher,chicken,notice,train
580,The cobra touched Noah.,active,cobra,Noah,touch,val
580,Noah was touched by the cobra.,passive,cobra,Noah,touch,val
581,A dog liked a book.,active,dog,book,like,gen_test
581,A book was liked by a dog.,passive,dog,book,like,gen_test
582,A tiger admired Emma.,active,tiger,Emma,admire,train
582,Emma was admired by a tiger.,passive,tiger,Emma,admire,train
583,A boy liked Emma.,active,boy,Emma,like,train
583,Emma was liked by a boy.,passive,boy,Emma,like,train
584,A girl rolled the tool.,active,girl,tool,roll,train
584,The tool was rolled by a girl.,passive,girl,tool,roll,train
585,The girl saw a bucket.,active,girl,bucket,see,train
585,A bucket was seen by the girl.,passive,girl,bucket,see,train
586,The boy respected Olivia.,active,boy,Olivia,respect,test
586,Olivia was respected by the boy.,passive,boy,Olivia,respect,test
587,A boy ate the block.,active,boy,block,eat,train
587,The block was eaten by a boy.,passive,boy,block,eat,train
588,The bird drew a cat.,active,bird,cat,draw,train
588,A cat was drawn by the bird.,passive,bird,cat,draw,train
589,A girl cleaned a cake.,active,girl,cake,clean,train
589,A cake was cleaned by a girl.,passive,girl,cake,clean,train
590,A queen held the boy.,active,queen,boy,hold,train
590,The boy was holded by a queen.,passive,queen,boy,hold,train
591,A boy painted Emma.,active,boy,Emma,paint,train
591,Emma was painted by a boy.,passive,boy,Emma,paint,train
592,A girl collapsed Ava.,active,girl,Ava,collapse,train
592,Ava was collapsed by a girl.,passive,girl,Ava,collapse,train
593,The girl shortened a cookie.,active,girl,cookie,shorten,val
593,A cookie was shortened by the girl.,passive,girl,cookie,shorten,val
594,A cat rolled a deer.,active,cat,deer,roll,gen_test
594,A deer was rolled by a cat.,passive,cat,deer,roll,gen_test
595,A dog painted a child.,active,dog,child,paint,gen_test
595,A child was painted by a dog.,passive,dog,child,paint,gen_test
596,A cat snapped the newspaper.,active,cat,newspaper,snap,gen_test
596,The newspaper was snaped by a cat.,passive,cat,newspaper,snap,gen_test
597,A cow froze a bunny.,active,cow,bunny,freeze,train
597,A bunny was freezed by a cow.,passive,cow,bunny,freeze,train
598,The girl enlarged the donut.,active,girl,donut,enlarge,train
598,The donut was enlarged by the girl.,passive,girl,donut,enlarge,train
599,A prisoner burned a shoe.,active,prisoner,shoe,burn,test
599,A shoe was burned by a prisoner.,passive,prisoner,shoe,burn,test
600,The cobra liked the fish.,active,cobra,fish,like,train
600,The fish was liked by the cobra.,passive,cobra,fish,like,train
601,The girl liked the goose.,active,girl,goose,like,train
601,The goose was liked by the girl.,passive,girl,goose,like,train
602,The cat loved a professor.,active,cat,professor,love,gen_test
602,A professor was loved by the cat.,passive,cat,professor,love,gen_test
603,The girl respected a sandwich.,active,girl,sandwich,respect,train
603,A sandwich was respected by the girl.,passive,girl,sandwich,respect,train
604,A boy grew Olivia.,active,boy,Olivia,grow,train
604,Olivia was growed by a boy.,passive,boy,Olivia,grow,train
605,A baby liked a girl.,active,baby,girl,like,gen_test
605,A girl was liked by a baby.,passive,baby,girl,like,gen_test
606,The girl nursed a cake.,active,girl,cake,nurse,val
606,A cake was nursed by the girl.,passive,girl,cake,nurse,val
607,A boy ate Benjamin.,active,boy,Benjamin,eat,train
607,Benjamin was eaten by a boy.,passive,boy,Benjamin,eat,train
608,A monkey broke Liam.,active,monkey,Liam,break,train
608,Liam was broken by a monkey.,passive,monkey,Liam,break,train
609,A tenant saw Charlie.,active,tenant,Charlie,see,train
609,Charlie was seen by a tenant.,passive,tenant,Charlie,see,train
610,A cat nursed the cake.,active,cat,cake,nurse,gen_test
610,The cake was nursed by a cat.,passive,cat,cake,nurse,gen_test
611,The boy called a rose.,active,boy,rose,call,train
611,A rose was called by the boy.,passive,boy,rose,call,train
612,A frog cooked Amelia.,active,frog,Amelia,cook,train
612,Amelia is cooked by a frog.,passive,frog,Amelia,cook,train
613,The dog cooked Addison.,active,dog,Addison,cook,gen_test
613,Addison was cooked by the dog.,passive,dog,Addison,cook,gen_test
614,The boy investigated Charlie.,active,boy,Charlie,investigate,train
614,Charlie was investigated by the boy.,passive,boy,Charlie,investigate,train
615,The girl painted the cake.,active,girl,cake,paint,train
615,The cake was painted by the girl.,passive,girl,cake,paint,train
616,The teacher liked a cookie.,active,teacher,cookie,like,test
616,A cookie was liked by the teacher.,passive,teacher,cookie,like,test
617,A mother ate Emma.,active,mother,Emma,eat,train
617,Emma was eaten by a mother.,passive,mother,Emma,eat,train
618,The cobra helped a girl.,active,cobra,girl,help,train
618,A girl was helped by the cobra.,passive,cobra,girl,help,train
619,A cow froze Ava.,active,cow,Ava,freeze,train
619,Ava was freezed by a cow.,passive,cow,Ava,freeze,train
620,A dog valued Charlotte.,active,dog,Charlotte,value,gen_test
620,Charlotte was valued by a dog.,passive,dog,Charlotte,value,gen_test
621,The lion rolled the wine.,active,lion,wine,roll,gen_test
621,The wine was rolled by the lion.,passive,lion,wine,roll,gen_test
622,A citizen hunted Emma.,active,citizen,Emma,hunt,train
622,Emma was hunted by a citizen.,passive,citizen,Emma,hunt,train
623,The dog examined Emma.,active,dog,Emma,examine,gen_test
623,Emma was examined by the dog.,passive,dog,Emma,examine,gen_test
624,The boy rolled the gumball.,active,boy,gumball,roll,train
624,The gumball was rolled by the boy.,passive,boy,gumball,roll,train
625,The goose ate the bear.,active,goose,bear,eat,val
625,The bear was eaten by the goose.,passive,goose,bear,eat,val
626,A girl found the donut.,active,girl,donut,find,train
626,The donut was found by a girl.,passive,girl,donut,find,train
627,A sheep cooked the donut.,active,sheep,donut,cook,train
627,The donut was cooked by a sheep.,passive,sheep,donut,cook,train
628,The boy ate Emma.,active,boy,Emma,eat,train
628,Emma was eaten by the boy.,passive,boy,Emma,eat,train
629,The producer shortened a boy.,active,producer,boy,shorten,train
629,A boy was shortened by the producer.,passive,producer,boy,shorten,train
630,The turkey rolled Liam.,active,turkey,Liam,roll,train
630,Liam was rolled by the turkey.,passive,turkey,Liam,roll,train
631,A girl saw Logan.,active,girl,Logan,see,val
631,Logan was seen by a girl.,passive,girl,Logan,see,val
632,The baby appreciated the donut.,active,baby,donut,appreciate,gen_test
632,The donut was appreciated by the baby.,passive,baby,donut,appreciate,gen_test
633,The girl blessed a cake.,active,girl,cake,bless,test
633,A cake was blessed by the girl.,passive,girl,cake,bless,test
634,A girl helped Charlie.,active,girl,Charlie,help,train
634,Charlie was helped by a girl.,passive,girl,Charlie,help,train
635,The cat floated a frog.,active,cat,frog,float,gen_test
635,A frog was floated by the cat.,passive,cat,frog,float,gen_test
636,A girl rolled the muffin.,active,girl,muffin,roll,test
636,The muffin was rolled by a girl.,passive,girl,muffin,roll,test
637,A baby froze the cake.,active,baby,cake,freeze,gen_test
637,The cake was freezed by a baby.,passive,baby,cake,freeze,gen_test
638,The boy loved Emma.,active,boy,Emma,love,val
638,Emma was loved by the boy.,passive,boy,Emma,love,val
639,The bear liked a cake.,active,bear,cake,like,gen_test
639,A cake was liked by the bear.,passive,bear,cake,like,gen_test
640,A girl dusted Olivia.,active,girl,Olivia,dust,train
640,Olivia was dusted by a girl.,passive,girl,Olivia,dust,train
641,A customer studied the girl.,active,customer,girl,study,train
641,The girl was studyed by a customer.,passive,customer,girl,study,train
642,A girl slid a drink.,active,girl,drink,slide,train
642,A drink was slided by a girl.,passive,girl,drink,slide,train
643,A girl poked Emma.,active,girl,Emma,poke,train
643,Emma was poked by a girl.,passive,girl,Emma,poke,train
644,A student froze Brooklyn.,active,student,Brooklyn,freeze,train
644,Brooklyn was freezed by a student.,passive,student,Brooklyn,freeze,train
645,A boy froze a ball.,active,boy,ball,freeze,val
645,A ball was freezed by a boy.,passive,boy,ball,freeze,val
646,The wolf helped a cake.,active,wolf,cake,help,test
646,A cake was helped by the wolf.,passive,wolf,cake,help,test
647,The driver floated Olivia.,active,driver,Olivia,float,test
647,Olivia was floated by the driver.,passive,driver,Olivia,float,test
648,The giraffe cooked a cow.,active,giraffe,cow,cook,train
648,A cow was cooked by the giraffe.,passive,giraffe,cow,cook,train
649,The monster froze Liam.,active,monster,Liam,freeze,train
649,Liam was freezed by the monster.,passive,monster,Liam,freeze,train
650,The boy cleaned a cake.,active,boy,cake,clean,train
650,A cake was cleaned by the boy.,passive,boy,cake,clean,train
651,A cat rolled the strawberry.,active,cat,strawberry,roll,gen_test
651,The strawberry was rolled by a cat.,passive,cat,strawberry,roll,gen_test
652,The girl grew the rose.,active,girl,rose,grow,train
652,The rose was growed by the girl.,passive,girl,rose,grow,train
653,The girl examined Samuel.,active,girl,Samuel,examine,train
653,Samuel was examined by the girl.,passive,girl,Samuel,examine,train
654,The servant nursed a cake.,active,servant,cake,nurse,train
654,A cake was nursed by the servant.,passive,servant,cake,nurse,train
655,A cat painted a cake.,active,cat,cake,paint,gen_test
655,A cake was painted by a cat.,passive,cat,cake,paint,gen_test
656,A cobra helped Noah.,active,cobra,Noah,help,train
656,Noah was helped by a cobra.,passive,cobra,Noah,help,train
657,A cat cleaned a donut.,active,cat,donut,clean,gen_test
657,A donut was cleaned by a cat.,passive,cat,donut,clean,gen_test
658,The consumer rolled Emma.,active,consumer,Emma,roll,train
658,Emma was rolled by the consumer.,passive,consumer,Emma,roll,train
659,A bear helped the mouse.,active,bear,mouse,help,gen_test
659,The mouse was helped by a bear.,passive,bear,mouse,help,gen_test
660,The baby froze the spokesman.,active,baby,spokesman,freeze,gen_test
660,The spokesman was freezed by the baby.,passive,baby,spokesman,freeze,gen_test
661,The judge ate the girl.,active,judge,girl,eat,train
661,The girl was eaten by the judge.,passive,judge,girl,eat,train
662,The bird liked Emma.,active,bird,Emma,like,train
662,Emma was liked by the bird.,passive,bird,Emma,like,train
663,The boy ate a key.,active,boy,key,eat,train
663,A key was eaten by the boy.,passive,boy,key,eat,train
664,The penguin valued a doll.,active,penguin,doll,value,train
664,A doll was valued by the penguin.,passive,penguin,doll,value,train
665,The girl helped a baby.,active,girl,baby,help,train
665,A baby was helped by the girl.,passive,girl,baby,help,train
666,The girl liked a chicken.,active,girl,chicken,like,train
666,A chicken was liked by the girl.,passive,girl,chicken,like,train
667,The frog burned Emma.,active,frog,Emma,burn,train
667,Emma was burned by the frog.,passive,frog,Emma,burn,train
668,A dog ate the cockroach.,active,dog,cockroach,eat,gen_test
668,The cockroach was eaten by a dog.,passive,dog,cockroach,eat,gen_test
669,The mouse loved the cloud.,active,mouse,cloud,love,train
669,The cloud was loved by the mouse.,passive,mouse,cloud,love,train
670,The girl grew Emma.,active,girl,Emma,grow,train
670,Emma was growed by the girl.,passive,girl,Emma,grow,train
671,A dog helped the girl.,active,dog,girl,help,gen_test
671,The girl was helped by a dog.,passive,dog,girl,help,gen_test
672,A mouse split a pickle.,active,mouse,pickle,split,train
672,A pickle was splited by a mouse.,passive,mouse,pickle,split,train
673,The boy drew a book.,active,boy,book,draw,train
673,A book was drawn by the boy.,passive,boy,book,draw,train
674,The baby hunted Theodore.,active,baby,Theodore,hunt,gen_test
674,Theodore was hunted by the baby.,passive,baby,Theodore,hunt,gen_test
675,The boy painted the raisin.,active,boy,raisin,paint,train
675,The raisin was painted by the boy.,passive,boy,raisin,paint,train
676,The child rolled a bear.,active,child,bear,roll,gen_test
676,A bear was rolled by the child.,passive,child,bear,roll,gen_test
677,A boy painted the donkey.,active,boy,donkey,paint,val
677,The donkey was painted by a boy.,passive,boy,donkey,paint,val
678,A guy burned Emma.,active,guy,Emma,burn,train
678,Emma was burned by a guy.,passive,guy,Emma,burn,train
679,The girl froze Emma.,active,girl,Emma,freeze,train
679,Emma was freezed by the girl.,passive,girl,Emma,freeze,train
680,A fish helped the boy.,active,fish,boy,help,train
680,The boy was helped by a fish.,passive,fish,boy,help,train
681,A girl improved a guitar.,active,girl,guitar,improve,train
681,A guitar was improved by a girl.,passive,girl,guitar,improve,train
682,A monkey cleaned the cake.,active,monkey,cake,clean,train
682,The cake was cleaned by a monkey.,passive,monkey,cake,clean,train
683,The dog doubled Charlie.,active,dog,Charlie,double,gen_test
683,Charlie was doubled by the dog.,passive,dog,Charlie,double,gen_test
684,The girl froze a cookie.,active,girl,cookie,freeze,train
684,A cookie was freezed by the girl.,passive,girl,cookie,freeze,train
685,A bunny dusted the crocodile.,active,bunny,crocodile,dust,test
685,The crocodile was dusted by a bunny.,passive,bunny,crocodile,dust,test
686,The girl grew Charlotte.,active,girl,Charlotte,grow,train
686,Charlotte was growed by the girl.,passive,girl,Charlotte,grow,train
687,The boy examined Emma.,active,boy,Emma,examine,train
687,Emma was examined by the boy.,passive,boy,Emma,examine,train
688,The girl burned a resident.,active,girl,resident,burn,test
688,A resident was burned by the girl.,passive,girl,resident,burn,test
689,A cobra discovered the pancake.,active,cobra,pancake,discover,train
689,The pancake was discovered by a cobra.,passive,cobra,pancake,discover,train
690,The donkey rolled a cake.,active,donkey,cake,roll,val
690,A cake was rolled by the donkey.,passive,donkey,cake,roll,val
691,The mouse threw the cat.,active,mouse,cat,throw,train
691,The cat was throwed by the mouse.,passive,mouse,cat,throw,train
692,A chicken drew the cookie.,active,chicken,cookie,draw,gen_test
692,The cookie was drawn by a chicken.,passive,chicken,cookie,draw,gen_test
693,A girl noticed Charlie.,active,girl,Charlie,notice,train
693,Charlie was noticed by a girl.,passive,girl,Charlie,notice,train
694,A cat heard a hero.,active,cat,hero,hear,gen_test
694,A hero was heared by a cat.,passive,cat,hero,hear,gen_test
695,A doctor rolled the cake.,active,doctor,cake,roll,train
695,The cake was rolled by a doctor.,passive,doctor,cake,roll,train
696,A princess changed a boy.,active,princess,boy,change,train
696,A boy was changed by a princess.,passive,princess,boy,change,train
697,The boy rolled a sandwich.,active,boy,sandwich,roll,train
697,A sandwich was rolled by the boy.,passive,boy,sandwich,roll,train
698,A girl froze Emma.,active,girl,Emma,freeze,train
698,Emma was freezed by a girl.,passive,girl,Emma,freeze,train
699,A turkey cleaned the donut.,active,turkey,donut,clean,train
699,The donut was cleaned by a turkey.,passive,turkey,donut,clean,train
700,The girl examined Emma.,active,girl,Emma,examine,train
700,Emma was examined by the girl.,passive,girl,Emma,examine,train
701,A girl froze the game.,active,girl,game,freeze,train
701,The game was freezed by a girl.,passive,girl,game,freeze,train
702,The cobra helped Michael.,active,cobra,Michael,help,train
702,Michael was helped by the cobra.,passive,cobra,Michael,help,train
703,A girl floated a fly.,active,girl,fly,float,train
703,A fly was floated by a girl.,passive,girl,fly,float,train
704,A cobra appreciated Emma.,active,cobra,Emma,appreciate,train
704,Emma was appreciated by a cobra.,passive,cobra,Emma,appreciate,train
705,A sailor found a girl.,active,sailor,girl,find,train
705,A girl was found by a sailor.,passive,sailor,girl,find,train
706,A girl rolled Michael.,active,girl,Michael,roll,test
706,Michael was rolled by a girl.,passive,girl,Michael,roll,test
707,The girl shortened a boy.,active,girl,boy,shorten,train
707,A boy was shortened by the girl.,passive,girl,boy,shorten,train
708,The cat rolled the girl.,active,cat,girl,roll,gen_test
708,The girl was rolled by the cat.,passive,cat,girl,roll,gen_test
709,The duck ate Zoe.,active,duck,Zoe,eat,train
709,Zoe was eaten by the duck.,passive,duck,Zoe,eat,train
710,A girl rolled Noah.,active,girl,Noah,roll,train
710,Noah was rolled by a girl.,passive,girl,Noah,roll,train
711,The teacher floated the rose.,active,teacher,rose,float,train
711,The rose was floated by the teacher.,passive,teacher,rose,float,train
712,The teacher liked the lawyer.,active,teacher,lawyer,like,train
712,The lawyer was liked by the teacher.,passive,teacher,lawyer,like,train
713,The lion ate a boy.,active,lion,boy,eat,gen_test
713,A boy was eaten by the lion.,passive,lion,boy,eat,gen_test
714,The penguin disintegrated a girl.,active,penguin,girl,disintegrate,train
714,A girl was disintegrated by the penguin.,passive,penguin,girl,disintegrate,train
715,The hen burned a present.,active,hen,present,burn,train
715,A present was burned by the hen.,passive,hen,present,burn,train
716,The lion drew a cookie.,active,lion,cookie,draw,gen_test
716,A cookie was drawn by the lion.,passive,lion,cookie,draw,gen_test
717,A wolf poked Charlie.,active,wolf,Charlie,poke,train
717,Charlie was poked by a wolf.,passive,wolf,Charlie,poke,train
718,The student rolled a kitty.,active,student,kitty,roll,val
718,A kitty was rolled by the student.,passive,student,kitty,roll,val
719,A chicken found Charlie.,active,chicken,Charlie,find,gen_test
719,Charlie was found by a chicken.,passive,chicken,Charlie,find,gen_test
720,The boy tossed Logan.,active,boy,Logan,toss,train
720,Logan was tossed by the boy.,passive,boy,Logan,toss,train
721,The butterfly ate Emma.,active,butterfly,Emma,eat,train
721,Emma was eaten by the butterfly.,passive,butterfly,Emma,eat,train
722,The cat ate the radio.,active,cat,radio,eat,gen_test
722,The radio was eaten by the cat.,passive,cat,radio,eat,gen_test
723,A girl cooked Ava.,active,girl,Ava,cook,train
723,Ava was cooked by a girl.,passive,girl,Ava,cook,train
724,The duck helped the boy.,active,duck,boy,help,train
724,The boy was helped by the duck.,passive,duck,boy,help,train
725,The girl blessed Alexander.,active,girl,Alexander,bless,train
725,Alexander was blessed by the girl.,passive,girl,Alexander,bless,train
726,The girl cooked a donut.,active,girl,donut,cook,train
726,A donut was cooked by the girl.,passive,girl,donut,cook,train
727,A cat disintegrated a girl.,active,cat,girl,disintegrate,gen_test
727,A girl was disintegrated by a cat.,passive,cat,girl,disintegrate,gen_test
728,A dog admired the boy.,active,dog,boy,admire,gen_test
728,The boy was admired by a dog.,passive,dog,boy,admire,gen_test
729,The boy dusted Liam.,active,boy,Liam,dust,train
729,Liam was dusted by the boy.,passive,boy,Liam,dust,train
730,A creature rolled a yogurt.,active,creature,yogurt,roll,train
730,A yogurt was rolled by a creature.,passive,creature,yogurt,roll,train
731,The pony rolled the cake.,active,pony,cake,roll,train
731,The cake was rolled by the pony.,passive,pony,cake,roll,train
732,The boy ate Noah.,active,boy,Noah,eat,train
732,Noah was eaten by the boy.,passive,boy,Noah,eat,train
733,The girl broke the cake.,active,girl,cake,break,train
733,The cake was broken by the girl.,passive,girl,cake,break,train
734,A girl froze the pickle.,active,girl,pickle,freeze,train
734,The pickle was freezed by a girl.,passive,girl,pickle,freeze,train
735,The dog froze the lawyer.,active,dog,lawyer,freeze,gen_test
735,The lawyer was freezed by the dog.,passive,dog,lawyer,freeze,gen_test
736,The girl found the horse.,active,girl,horse,find,train
736,The horse was found by the girl.,passive,girl,horse,find,train
737,The sailor rolled the cake.,active,sailor,cake,roll,train
737,The cake was rolled by the sailor.,passive,sailor,cake,roll,train
738,A hero cleaned a hat.,active,hero,hat,clean,train
738,A hat was cleaned by a hero.,passive,hero,hat,clean,train
739,The cat froze a donut.,active,cat,donut,freeze,gen_test
739,A donut was freezed by the cat.,passive,cat,donut,freeze,gen_test
740,The cat shortened the donut.,active,cat,donut,shorten,gen_test
740,The donut was shortened by the cat.,passive,cat,donut,shorten,gen_test
741,The boy ate a chair.,active,boy,chair,eat,val
741,A chair was eaten by the boy.,passive,boy,chair,eat,val
742,A pupil inflated the kid.,active,pupil,kid,inflate,train
742,The kid was inflated by a pupil.,passive,pupil,kid,inflate,train
743,A girl rolled the box.,active,girl,box,roll,test
743,The box was rolled by a girl.,passive,girl,box,roll,test
744,The chicken helped a cat.,active,chicken,cat,help,gen_test
744,A cat was helped by the chicken.,passive,chicken,cat,help,gen_test
745,A girl ate the lawyer.,active,girl,lawyer,eat,test
745,The lawyer was eaten by a girl.,passive,girl,lawyer,eat,test
746,A boy threw the girl.,active,boy,girl,throw,train
746,The girl was throwed by a boy.,passive,boy,girl,throw,train
747,The sailor drew a girl.,active,sailor,girl,draw,train
747,A girl was drawn by the sailor.,passive,sailor,girl,draw,train
748,A girl drew the boy.,active,girl,boy,draw,train
748,The boy was drawn by a girl.,passive,girl,boy,draw,train
749,The horse worshipped Isabella.,active,horse,Isabella,worship,gen_test
749,Isabella was worshiped by the horse.,passive,horse,Isabella,worship,gen_test
750,The hedgehog ate the girl.,active,hedgehog,girl,eat,train
750,The girl was eaten by the hedgehog.,passive,hedgehog,girl,eat,train
751,A driver liked Emma.,active,driver,Emma,like,train
751,Emma was liked by a driver.,passive,driver,Emma,like,train
752,A cat rolled the girl.,active,cat,girl,roll,gen_test
752,The girl was rolled by a cat.,passive,cat,girl,roll,gen_test
753,A cat ate the raisin.,active,cat,raisin,eat,gen_test
753,The raisin was eaten by a cat.,passive,cat,raisin,eat,gen_test
754,A squirrel pierced a game.,active,squirrel,game,pierce,test
754,A game was pierced by a squirrel.,passive,squirrel,game,pierce,test
755,The girl observed Ava.,active,girl,Ava,observe,train
755,Ava was observed by the girl.,passive,girl,Ava,observe,train
756,A girl froze the donut.,active,girl,donut,freeze,train
756,The donut was freezed by a girl.,passive,girl,donut,freeze,train
757,A monkey rolled a pretzel.,active,monkey,pretzel,roll,test
757,A pretzel was rolled by a monkey.,passive,monkey,pretzel,roll,test
758,The sheep froze a rose.,active,sheep,rose,freeze,test
758,A rose was freezed by the sheep.,passive,sheep,rose,freeze,test
759,A monster held the balloon.,active,monster,balloon,hold,train
759,The balloon was holded by a monster.,passive,monster,balloon,hold,train
760,The chicken cleaned a horse.,active,chicken,horse,clean,gen_test
760,A horse was cleaned by the chicken.,passive,chicken,horse,clean,gen_test
761,A girl rolled Alexander.,active,girl,Alexander,roll,train
761,Alexander was rolled by a girl.,passive,girl,Alexander,roll,train
762,The girl knew the pen.,active,girl,pen,know,train
762,The pen was knowed by the girl.,passive,girl,pen,know,train
763,A cat pierced the girl.,active,cat,girl,pierce,gen_test
763,The girl was pierced by a cat.,passive,cat,girl,pierce,gen_test
764,The girl rolled a baby.,active,girl,baby,roll,val
764,A baby was rolled by the girl.,passive,girl,baby,roll,val
765,The girl helped the mouse.,active,girl,mouse,help,train
765,The mouse was helped by the girl.,passive,girl,mouse,help,train
766,The cobra admired the guard.,active,cobra,guard,admire,train
766,The guard was admired by the cobra.,passive,cobra,guard,admire,train
767,The passenger found the pizza.,active,passenger,pizza,find,train
767,The pizza was found by the passenger.,passive,passenger,pizza,find,train
768,The horse disintegrated the cake.,active,horse,cake,disintegrate,gen_test
768,The cake was disintegrated by the horse.,passive,horse,cake,disintegrate,gen_test
769,A cobra missed a boy.,active,cobra,boy,miss,test
769,A boy was missed by a cobra.,passive,cobra,boy,miss,test
770,A boy cleaned Emma.,active,boy,Emma,clean,train
770,Emma was cleaned by a boy.,passive,boy,Emma,clean,train
771,A cat investigated Liam.,active,cat,Liam,investigate,gen_test
771,Liam was investigated by a cat.,passive,cat,Liam,investigate,gen_test
772,A passenger rolled the donut.,active,passenger,donut,roll,val
772,The donut was rolled by a passenger.,passive,passenger,donut,roll,val
773,A girl ate Liam.,active,girl,Liam,eat,train
773,Liam was eaten by a girl.,passive,girl,Liam,eat,train
774,A penguin burned Olivia.,active,penguin,Olivia,burn,val
774,Olivia was burned by a penguin.,passive,penguin,Olivia,burn,val
775,A landlord liked Sophia.,active,landlord,Sophia,like,train
775,Sophia was liked by a landlord.,passive,landlord,Sophia,like,train
776,The girl rolled Victoria.,active,girl,Victoria,roll,train
776,Victoria was rolled by the girl.,passive,girl,Victoria,roll,train
777,The cow touched a hero.,active,cow,hero,touch,train
777,A hero was touched by the cow.,passive,cow,hero,touch,train
778,The boy adored Aria.,active,boy,Aria,adore,train
778,Aria was adored by the boy.,passive,boy,Aria,adore,train
779,The bear liked a girl.,active,bear,girl,like,gen_test
779,A girl was liked by the bear.,passive,bear,girl,like,gen_test
780,The girl liked a sweetcorn.,active,girl,sweetcorn,like,train
780,A sweetcorn was liked by the girl.,passive,girl,sweetcorn,like,train
781,The hedgehog worshipped Emma.,active,hedgehog,Emma,worship,train
781,Emma was worshiped by the hedgehog.,passive,hedgehog,Emma,worship,train
782,The boy ate Mason.,active,boy,Mason,eat,train
782,Mason was eaten by the boy.,passive,boy,Mason,eat,train
783,The dog collapsed a bunny.,active,dog,bunny,collapse,gen_test
783,A bunny was collapsed by the dog.,passive,dog,bunny,collapse,gen_test
784,The cobra admired the rose.,active,cobra,rose,admire,train
784,The rose was admired by the cobra.,passive,cobra,rose,admire,train
785,The girl helped the boy.,active,girl,boy,help,train
785,The boy was helped by the girl.,passive,girl,boy,help,train
786,The lion poked Liam.,active,lion,Liam,poke,gen_test
786,Liam was poked by the lion.,passive,lion,Liam,poke,gen_test
787,A manager inflated a coach.,active,manager,coach,inflate,val
787,A coach was inflated by a manager.,passive,manager,coach,inflate,val
788,A girl ate a sandwich.,active,girl,sandwich,eat,train
788,A sandwich was eaten by a girl.,passive,girl,sandwich,eat,train
789,The bird ate the cockroach.,active,bird,cockroach,eat,train
789,The cockroach was eaten by the bird.,passive,bird,cockroach,eat,train
790,The girl hunted the donut.,active,girl,donut,hunt,test
790,The donut was hunted by the girl.,passive,girl,donut,hunt,test
791,A girl drew the cake.,active,girl,cake,draw,train
791,The cake was drawn by a girl.,passive,girl,cake,draw,train
792,The cobra tolerated a donut.,active,cobra,donut,tolerate,train
792,A donut was tolerated by the cobra.,passive,cobra,donut,tolerate,train
793,A lion froze Emma.,active,lion,Emma,freeze,gen_test
793,Emma was freezed by a lion.,passive,lion,Emma,freeze,gen_test
794,A dog improved the cake.,active,dog,cake,improve,gen_test
794,The cake was improved by a dog.,passive,dog,cake,improve,gen_test
795,A doctor crumpled a donut.,active,doctor,donut,crumple,test
795,A donut was crumpled by a doctor.,passive,doctor,donut,crumple,test
796,A girl burned Emma.,active,girl,Emma,burn,train
796,Emma was burned by a girl.,passive,girl,Emma,burn,train
797,A mouse hunted a boy.,active,mouse,boy,hunt,train
797,A boy was hunted by a mouse.,passive,mouse,boy,hunt,train
798,A wolf found a girl.,active,wolf,girl,find,train
798,A girl was found by a wolf.,passive,wolf,girl,find,train
799,A cat burned a chicken.,active,cat,chicken,burn,gen_test
799,A chicken was burned by a cat.,passive,cat,chicken,burn,gen_test
800,The frog stabbed Charlie.,active,frog,Charlie,stab,train
800,Charlie was stabed by the frog.,passive,frog,Charlie,stab,train
801,The girl liked a boy.,active,girl,boy,like,train
801,A boy was liked by the girl.,passive,girl,boy,like,train
802,A cobra threw a politician.,active,cobra,politician,throw,train
802,A politician was throwed by a cobra.,passive,cobra,politician,throw,train
803,A pig liked a donut.,active,pig,donut,like,train
803,A donut was liked by a pig.,passive,pig,donut,like,train
804,The cat liked Theodore.,active,cat,Theodore,like,gen_test
804,Theodore was liked by the cat.,passive,cat,Theodore,like,gen_test
805,The mouse ate Emma.,active,mouse,Emma,eat,test
805,Emma was eaten by the mouse.,passive,mouse,Emma,eat,test
806,A girl ate Samuel.,active,girl,Samuel,eat,train
806,Samuel was eaten by a girl.,passive,girl,Samuel,eat,train
807,The baby poked a resident.,active,baby,resident,poke,gen_test
807,A resident was poked by the baby.,passive,baby,resident,poke,gen_test
808,The champion burned a lion.,active,champion,lion,burn,train
808,A lion was burned by the champion.,passive,champion,lion,burn,train
809,A hedgehog helped a raisin.,active,hedgehog,raisin,help,train
809,A raisin was helped by a hedgehog.,passive,hedgehog,raisin,help,train
810,A cobra helped a donut.,active,cobra,donut,help,train
810,A donut was helped by a cobra.,passive,cobra,donut,help,train
811,A horse rolled Liam.,active,horse,Liam,roll,gen_test
811,Liam was rolled by a horse.,passive,horse,Liam,roll,gen_test
812,A horse burned Isabella.,active,horse,Isabella,burn,gen_test
812,Isabella was burned by a horse.,passive,horse,Isabella,burn,gen_test
813,The horse pierced the donut.,active,horse,donut,pierce,gen_test
813,The donut was pierced by the horse.,passive,horse,donut,pierce,gen_test
814,A boy ate Ryan.,active,boy,Ryan,eat,train
814,Ryan was eaten by a boy.,passive,boy,Ryan,eat,train
815,A girl rolled a dog.,active,girl,dog,roll,val
815,A dog was rolled by a girl.,passive,girl,dog,roll,val
816,A puppy helped a donut.,active,puppy,donut,help,train
816,A donut was helped by a puppy.,passive,puppy,donut,help,train
817,A girl blessed a sandwich.,active,girl,sandwich,bless,train
817,A sandwich was blessed by a girl.,passive,girl,sandwich,bless,train
818,A soldier liked the mouse.,active,soldier,mouse,like,test
818,The mouse was liked by a soldier.,passive,soldier,mouse,like,test
819,A student adored Leah.,active,student,Leah,adore,train
819,Leah was adored by a student.,passive,student,Leah,adore,train
820,A monkey respected a donut.,active,monkey,donut,respect,train
820,A donut was respected by a monkey.,passive,monkey,donut,respect,train
821,A girl saw Elijah.,active,girl,Elijah,see,val
821,Elijah was seen by a girl.,passive,girl,Elijah,see,val
822,The writer cleaned the beer.,active,writer,beer,clean,test
822,The beer was cleaned by the writer.,passive,writer,beer,clean,test
823,The girl adored a donut.,active,girl,donut,adore,val
823,A donut was adored by the girl.,passive,girl,donut,adore,val
824,The cat missed the cake.,active,cat,cake,miss,gen_test
824,The cake was missed by the cat.,passive,cat,cake,miss,gen_test
825,The student shortened a lamb.,active,student,lamb,shorten,val
825,A lamb was shortened by the student.,passive,student,lamb,shorten,val
826,The cat liked the cake.,active,cat,cake,like,gen_test
826,The cake was liked by the cat.,passive,cat,cake,like,gen_test
827,A girl improved a donut.,active,girl,donut,improve,train
827,A donut was improved by a girl.,passive,girl,donut,improve,train
828,A bunny ate the cake.,active,bunny,cake,eat,val
828,The cake was eaten by a bunny.,passive,bunny,cake,eat,val
829,A girl helped the politician.,active,girl,politician,help,train
829,The politician was helped by a girl.,passive,girl,politician,help,train
830,A girl cooked Emma.,active,girl,Emma,cook,test
830,Emma was cooked by a girl.,passive,girl,Emma,cook,test
831,The cat juggled a giraffe.,active,cat,giraffe,juggle,gen_test
831,A giraffe was juggled by the cat.,passive,cat,giraffe,juggle,gen_test
832,A cat found a girl.,active,cat,girl,find,gen_test
832,A girl was found by a cat.,passive,cat,girl,find,gen_test
833,The girl called a cookie.,active,girl,cookie,call,train
833,A cookie was called by the girl.,passive,girl,cookie,call,train
834,The child helped the cake.,active,child,cake,help,gen_test
834,The cake was helped by the child.,passive,child,cake,help,gen_test
835,The baby liked the box.,active,baby,box,like,gen_test
835,The box was liked by the baby.,passive,baby,box,like,gen_test
836,A lion dusted the jigsaw.,active,lion,jigsaw,dust,gen_test
836,The jigsaw was dusted by a lion.,passive,lion,jigsaw,dust,gen_test
837,The farmer rolled the cake.,active,farmer,cake,roll,train
837,The cake was rolled by the farmer.,passive,farmer,cake,roll,train
838,A writer painted the strawberry.,active,writer,strawberry,paint,test
838,The strawberry was painted by a writer.,passive,writer,strawberry,paint,test
839,A coach drew a donut.,active,coach,donut,draw,val
839,A donut was drawn by a coach.,passive,coach,donut,draw,val
840,The teacher liked Amelia.,active,teacher,Amelia,like,test
840,Amelia was liked by the teacher.,passive,teacher,Amelia,like,test
841,A princess snapped Liam.,active,princess,Liam,snap,train
841,Liam was snaped by a princess.,passive,princess,Liam,snap,train
842,The boy hunted Sebastian.,active,boy,Sebastian,hunt,train
842,Sebastian was hunted by the boy.,passive,boy,Sebastian,hunt,train
843,A girl nursed the boy.,active,girl,boy,nurse,train
843,The boy was nursed by a girl.,passive,girl,boy,nurse,train
844,The girl liked a cat.,active,girl,cat,like,train
844,A cat was liked by the girl.,passive,girl,cat,like,train
845,The teacher liked the rose.,active,teacher,rose,like,val
845,The rose was liked by the teacher.,passive,teacher,rose,like,val
846,A governor rolled a donut.,active,governor,donut,roll,train
846,A donut was rolled by a governor.,passive,governor,donut,roll,train
847,A creature liked the boy.,active,creature,boy,like,train
847,The boy was liked by a creature.,passive,creature,boy,like,train
848,A hero rolled Emma.,active,hero,Emma,roll,train
848,Emma was rolled by a hero.,passive,hero,Emma,roll,train
849,A hen ate the bell.,active,hen,bell,eat,test
849,The bell was eaten by a hen.,passive,hen,bell,eat,test
850,The girl disintegrated Henry.,active,girl,Henry,disintegrate,val
850,Henry was disintegrated by the girl.,passive,girl,Henry,disintegrate,val
851,A girl cleaned a boy.,active,girl,boy,clean,train
851,A boy was cleaned by a girl.,passive,girl,boy,clean,train
852,A girl packed Ava.,active,girl,Ava,pack,val
852,Ava was packed by a girl.,passive,girl,Ava,pack,val
853,The boy painted the visitor.,active,boy,visitor,paint,train
853,The visitor was painted by the boy.,passive,boy,visitor,paint,train
854,A cat hunted the glue.,active,cat,glue,hunt,gen_test
854,The glue was hunted by a cat.,passive,cat,glue,hunt,gen_test
855,The girl liked the bowl.,active,girl,bowl,like,train
855,The bowl was liked by the girl.,passive,girl,bowl,like,train
856,The girl cooked the lion.,active,girl,lion,cook,train
856,The lion was cooked by the girl.,passive,girl,lion,cook,train
857,The girl drew Harper.,active,girl,Harper,draw,train
857,Harper was drawn by the girl.,passive,girl,Harper,draw,train
858,A cat rolled Noah.,active,cat,Noah,roll,gen_test
858,Noah was rolled by a cat.,passive,cat,Noah,roll,gen_test
859,The princess dusted the cake.,active,princess,cake,dust,train
859,The cake was dusted by the princess.,passive,princess,cake,dust,train
860,A girl froze a donut.,active,girl,donut,freeze,train
860,A donut was freezed by a girl.,passive,girl,donut,freeze,train
861,A cat grew a yogurt.,active,cat,yogurt,grow,gen_test
861,A yogurt was growed by a cat.,passive,cat,yogurt,grow,gen_test
862,A girl shortened Sofia.,active,girl,Sofia,shorten,train
862,Sofia was shortened by a girl.,passive,girl,Sofia,shorten,train
863,The girl shortened Emma.,active,girl,Emma,shorten,test
863,Emma was shortened by the girl.,passive,girl,Emma,shorten,test
864,A girl loved Emma.,active,girl,Emma,love,train
864,Emma was loved by a girl.,passive,girl,Emma,love,train
865,The girl drew the giraffe.,active,girl,giraffe,draw,train
865,The giraffe was drawn by the girl.,passive,girl,giraffe,draw,train
866,The girl tolerated a student.,active,girl,student,tolerate,val
866,A student was tolerated by the girl.,passive,girl,student,tolerate,val
867,The lawyer snapped a rose.,active,lawyer,rose,snap,test
867,A rose was snaped by the lawyer.,passive,lawyer,rose,snap,test
868,A dog held a moose.,active,dog,moose,hold,gen_test
868,A moose was holded by a dog.,passive,dog,moose,hold,gen_test
869,A girl improved Liam.,active,girl,Liam,improve,train
869,Liam was improved by a girl.,passive,girl,Liam,improve,train
870,A cat rolled a box.,active,cat,box,roll,gen_test
870,A box was rolled by a cat.,passive,cat,box,roll,gen_test
871,The giraffe froze James.,active,giraffe,James,freeze,train
871,James was freezed by the giraffe.,passive,giraffe,James,freeze,train
872,The chicken helped Noah.,active,chicken,Noah,help,gen_test
872,Noah was helped by the chicken.,passive,chicken,Noah,help,gen_test
873,The mouse liked Emma.,active,mouse,Emma,like,train
873,Emma was liked by the mouse.,passive,mouse,Emma,like,train
874,A lamb decomposed a cake.,active,lamb,cake,decompose,val
874,A cake was decomposed by a lamb.,passive,lamb,cake,decompose,val
875,The girl ate William.,active,girl,William,eat,train
875,William was eaten by the girl.,passive,girl,William,eat,train
876,The boy drew a girl.,active,boy,girl,draw,train
876,A girl was drawn by the boy.,passive,boy,girl,draw,train
877,A patient discovered a fruit.,active,patient,fruit,discover,val
877,A fruit was discovered by a patient.,passive,patient,fruit,discover,val
878,A dog helped the raisin.,active,dog,raisin,help,gen_test
878,The raisin was helped by a dog.,passive,dog,raisin,help,gen_test
879,A lion floated the leaf.,active,lion,leaf,float,gen_test
879,The leaf was floated by a lion.,passive,lion,leaf,float,gen_test
880,The bunny rolled a cake.,active,bunny,cake,roll,train
880,A cake was rolled by the bunny.,passive,bunny,cake,roll,train
881,A cat loved a cake.,active,cat,cake,love,gen_test
881,A cake was loved by a cat.,passive,cat,cake,love,gen_test
882,The dog painted Sophia.,active,dog,Sophia,paint,gen_test
882,Sophia was painted by the dog.,passive,dog,Sophia,paint,gen_test
883,The horse liked a rose.,active,horse,rose,like,gen_test
883,A rose was liked by the horse.,passive,horse,rose,like,gen_test
884,The girl adored a cake.,active,girl,cake,adore,val
884,A cake was adored by the girl.,passive,girl,cake,adore,val
885,The girl decomposed the chicken.,active,girl,chicken,decompose,train
885,The chicken was decomposed by the girl.,passive,girl,chicken,decompose,train
886,A girl ate a muffin.,active,girl,muffin,eat,val
886,A muffin was eaten by a girl.,passive,girl,muffin,eat,val
887,The teacher hunted the bear.,active,teacher,bear,hunt,train
887,The bear was hunted by the teacher.,passive,teacher,bear,hunt,train
888,A cat liked Emma.,active,cat,Emma,like,gen_test
888,Emma was liked by a cat.,passive,cat,Emma,like,gen_test
889,A goose blessed a cake.,active,goose,cake,bless,test
889,A cake was blessed by a goose.,passive,goose,cake,bless,test
890,The friend packed the boy.,active,friend,boy,pack,train
890,The boy was packed by the friend.,passive,friend,boy,pack,train
891,A child nursed a boy.,active,child,boy,nurse,gen_test
891,A boy was nursed by a child.,passive,child,boy,nurse,gen_test
892,A customer rolled a girl.,active,customer,girl,roll,train
892,A girl was rolled by a customer.,passive,customer,girl,roll,train
893,The girl ate Olivia.,active,girl,Olivia,eat,test
893,Olivia was eaten by the girl.,passive,girl,Olivia,eat,test
894,The boy helped the box.,active,boy,box,help,train
894,The box was helped by the boy.,passive,boy,box,help,train
895,The child broke the duck.,active,child,duck,break,gen_test
895,The duck was broken by the child.,passive,child,duck,break,gen_test
896,A dog dusted the cake.,active,dog,cake,dust,gen_test
896,The cake was dusted by a dog.,passive,dog,cake,dust,gen_test
897,A girl cleaned the doll.,active,girl,doll,clean,train
897,The doll was cleaned by a girl.,passive,girl,doll,clean,train
898,A girl sketched a cake.,active,girl,cake,sketch,train
898,A cake was sketched by a girl.,passive,girl,cake,sketch,train
899,A boy blessed the pumpkin.,active,boy,pumpkin,bless,test
899,The pumpkin was blessed by a boy.,passive,boy,pumpkin,bless,test
900,The boy dusted the sandwich.,active,boy,sandwich,dust,train
900,The sandwich was dusted by the boy.,passive,boy,sandwich,dust,train
901,The teacher shortened a game.,active,teacher,game,shorten,train
901,A game was shortened by the teacher.,passive,teacher,game,shorten,train
902,A girl appreciated the cat.,active,girl,cat,appreciate,train
902,The cat was appreciated by a girl.,passive,girl,cat,appreciate,train
903,A prince liked the shell.,active,prince,shell,like,train
903,The shell was liked by a prince.,passive,prince,shell,like,train
904,A fly packed a cockroach.,active,fly,cockroach,pack,train
904,A cockroach was packed by a fly.,passive,fly,cockroach,pack,train
905,The lamb touched Harper.,active,lamb,Harper,touch,train
905,Harper was touched by the lamb.,passive,lamb,Harper,touch,train
906,The moose ate a donut.,active,moose,donut,eat,train
906,A donut was eaten by the moose.,passive,moose,donut,eat,train
907,A passenger rolled a lion.,active,passenger,lion,roll,train
907,A lion was rolled by a passenger.,passive,passenger,lion,roll,train
908,The judge split Emma.,active,judge,Emma,split,train
908,Emma was splited by the judge.,passive,judge,Emma,split,train
909,A lawyer valued the boy.,active,lawyer,boy,value,train
909,The boy was valued by a lawyer.,passive,lawyer,boy,value,train
910,A cat ate a girl.,active,cat,girl,eat,gen_test
910,A girl was eaten by a cat.,passive,cat,girl,eat,gen_test
911,The cobra respected James.,active,cobra,James,respect,train
911,James was respected by the cobra.,passive,cobra,James,respect,train
912,A girl dusted Mia.,active,girl,Mia,dust,train
912,Mia was dusted by a girl.,passive,girl,Mia,dust,train
913,The lawyer missed a cake.,active,lawyer,cake,miss,train
913,A cake was missed by the lawyer.,passive,lawyer,cake,miss,train
914,The girl reddened Olivia.,active,girl,Olivia,redden,train
914,Olivia was reddened by the girl.,passive,girl,Olivia,redden,train
915,A hero liked the girl.,active,hero,girl,like,test
915,The girl was liked by a hero.,passive,hero,girl,like,test
916,The teacher ate the molecule.,active,teacher,molecule,eat,train
916,The molecule was eaten by the teacher.,passive,teacher,molecule,eat,train
917,The girl dusted Ava.,active,girl,Ava,dust,train
917,Ava was dusted by the girl.,passive,girl,Ava,dust,train
918,The cat ate a jacket.,active,cat,jacket,eat,gen_test
918,A jacket was eaten by the cat.,passive,cat,jacket,eat,gen_test
919,A dog rolled the fish.,active,dog,fish,roll,gen_test
919,The fish was rolled by a dog.,passive,dog,fish,roll,gen_test
920,A baby rolled the girl.,active,baby,girl,roll,gen_test
920,The girl was rolled by a baby.,passive,baby,girl,roll,gen_test
921,A duck painted Ava.,active,duck,Ava,paint,train
921,Ava was painted by a duck.,passive,duck,Ava,paint,train
922,The girl painted Sophia.,active,girl,Sophia,paint,train
922,Sophia was painted by the girl.,passive,girl,Sophia,paint,train
923,The girl liked Hazel.,active,girl,Hazel,like,test
923,Hazel was liked by the girl.,passive,girl,Hazel,like,test
924,A girl appreciated the brush.,active,girl,brush,appreciate,train
924,The brush was appreciated by a girl.,passive,girl,brush,appreciate,train
925,A cat painted the cake.,active,cat,cake,paint,gen_test
925,The cake was painted by a cat.,passive,cat,cake,paint,gen_test
926,The girl found the guy.,active,girl,guy,find,train
926,The guy was found by the girl.,passive,girl,guy,find,train
927,A chicken valued a girl.,active,chicken,girl,value,gen_test
927,A girl was valued by a chicken.,passive,chicken,girl,value,gen_test
928,The girl froze the boy.,active,girl,boy,freeze,train
928,The boy was freezed by the girl.,passive,girl,boy,freeze,train
929,A girl liked Isabella.,active,girl,Isabella,like,train
929,Isabella was liked by a girl.,passive,girl,Isabella,like,train
930,A dog noticed a glue.,active,dog,glue,notice,gen_test
930,A glue was noticed by a dog.,passive,dog,glue,notice,gen_test
931,A lion froze the balloon.,active,lion,balloon,freeze,gen_test
931,The balloon was freezed by a lion.,passive,lion,balloon,freeze,gen_test
932,The mouse admired the knife.,active,mouse,knife,admire,train
932,The knife was admired by the mouse.,passive,mouse,knife,admire,train
933,The duke examined a cake.,active,duke,cake,examine,train
933,A cake was examined by the duke.,passive,duke,cake,examine,train
934,The girl painted Isabella.,active,girl,Isabella,paint,val
934,Isabella was painted by the girl.,passive,girl,Isabella,paint,val
935,The girl studied a banana.,active,girl,banana,study,train
935,A banana was studyed by the girl.,passive,girl,banana,study,train
936,The girl saw the donut.,active,girl,donut,see,train
936,The donut was seen by the girl.,passive,girl,donut,see,train
937,A boy slid a cat.,active,boy,cat,slide,train
937,A cat was slided by a boy.,passive,boy,cat,slide,train
938,A goose drew the cockroach.,active,goose,cockroach,draw,train
938,The cockroach was drawn by a goose.,passive,goose,cockroach,draw,train
939,The boy drew Charlotte.,active,boy,Charlotte,draw,train
939,Charlotte was drawn by the boy.,passive,boy,Charlotte,draw,train
940,The girl crumpled the coach.,active,girl,coach,crumple,train
940,The coach was crumpled by the girl.,passive,girl,coach,crumple,train
941,The monster disintegrated a cake.,active,monster,cake,disintegrate,train
941,A cake was disintegrated by the monster.,passive,monster,cake,disintegrate,train
942,The mouse ate the donut.,active,mouse,donut,eat,train
942,The donut was eaten by the mouse.,passive,mouse,donut,eat,train
943,A frog ate Olivia.,active,frog,Olivia,eat,train
943,Olivia was eaten by a frog.,passive,frog,Olivia,eat,train
944,A girl rolled Emma.,active,girl,Emma,roll,train
944,Emma was rolled by a girl.,passive,girl,Emma,roll,train
945,The pig liked the zebra.,active,pig,zebra,like,test
945,The zebra was liked by the pig.,passive,pig,zebra,like,test
946,The girl ate a strawberry.,active,girl,strawberry,eat,train
946,A strawberry was eaten by the girl.,passive,girl,strawberry,eat,train
947,The hedgehog rolled Benjamin.,active,hedgehog,Benjamin,roll,train
947,Benjamin was rolled by the hedgehog.,passive,hedgehog,Benjamin,roll,train
948,A goose inflated Charlotte.,active,goose,Charlotte,inflate,train
948,Charlotte was inflated by a goose.,passive,goose,Charlotte,inflate,train
949,The director ate the raisin.,active,director,raisin,eat,test
949,The raisin was eaten by the director.,passive,director,raisin,eat,test
950,A girl liked a boy.,active,girl,boy,like,train
950,A boy was liked by a girl.,passive,girl,boy,like,train
951,A creature shortened Logan.,active,creature,Logan,shorten,train
951,Logan was shortened by a creature.,passive,creature,Logan,shorten,train
952,The student crumpled a girl.,active,student,girl,crumple,train
952,A girl was crumpled by the student.,passive,student,girl,crumple,train
953,The cobra liked a chalk.,active,cobra,chalk,like,val
953,A chalk was liked by the cobra.,passive,cobra,chalk,like,val
954,A teacher respected a cookie.,active,teacher,cookie,respect,train
954,A cookie was respected by a teacher.,passive,teacher,cookie,respect,train
955,The cobra loved a cake.,active,cobra,cake,love,train
955,A cake was loved by the cobra.,passive,cobra,cake,love,train
956,A girl rolled the cat.,active,girl,cat,roll,train
956,The cat was rolled by a girl.,passive,girl,cat,roll,train
957,A boy studied the donut.,active,boy,donut,study,train
957,The donut was studyed by a boy.,passive,boy,donut,study,train
958,A girl helped a toothbrush.,active,girl,toothbrush,help,train
958,A toothbrush was helped by a girl.,passive,girl,toothbrush,help,train
959,The horse poked the box.,active,horse,box,poke,gen_test
959,The box was poked by the horse.,passive,horse,box,poke,gen_test
960,The bird drew Amelia.,active,bird,Amelia,draw,train
960,Amelia was drawn by the bird.,passive,bird,Amelia,draw,train
961,A girl liked the pencil.,active,girl,pencil,like,train
961,The pencil was liked by a girl.,passive,girl,pencil,like,train
963,The girl admired the donut.,active,girl,donut,admire,train
963,The donut was admired by the girl.,passive,girl,donut,admire,train
964,A visitor split a cake.,active,visitor,cake,split,train
964,A cake was splited by a visitor.,passive,visitor,cake,split,train
965,A boy poked a raisin.,active,boy,raisin,poke,train
965,A raisin was poked by a boy.,passive,boy,raisin,poke,train
966,The consumer decomposed a cookie.,active,consumer,cookie,decompose,train
966,A cookie was decomposed by the consumer.,passive,consumer,cookie,decompose,train
967,The hedgehog rolled a professor.,active,hedgehog,professor,roll,train
967,A professor was rolled by the hedgehog.,passive,hedgehog,professor,roll,train
968,The cat crumpled Charlie.,active,cat,Charlie,crumple,gen_test
968,Charlie was crumpled by the cat.,passive,cat,Charlie,crumple,gen_test
969,A hedgehog liked the girl.,active,hedgehog,girl,like,train
969,The girl was liked by a hedgehog.,passive,hedgehog,girl,like,train
970,The girl blessed Emma.,active,girl,Emma,bless,train
970,Emma was blessed by the girl.,passive,girl,Emma,bless,train
971,A frog tossed the crayon.,active,frog,crayon,toss,train
971,The crayon was tossed by a frog.,passive,frog,crayon,toss,train
972,The politician enlarged Emma.,active,politician,Emma,enlarge,train
972,Emma was enlarged by the politician.,passive,politician,Emma,enlarge,train
973,A girl hunted a donut.,active,girl,donut,hunt,test
973,A donut was hunted by a girl.,passive,girl,donut,hunt,test
974,A queen worshipped a box.,active,queen,box,worship,train
974,A box was worshiped by a queen.,passive,queen,box,worship,train
975,A boy cleaned a scarf.,active,boy,scarf,clean,test
975,A scarf was cleaned by a boy.,passive,boy,scarf,clean,test
976,The president enlarged a cake.,active,president,cake,enlarge,train
976,A cake was enlarged by the president.,passive,president,cake,enlarge,train
977,The boy collapsed the cloud.,active,boy,cloud,collapse,train
977,The cloud was collapsed by the boy.,passive,boy,cloud,collapse,train
978,A girl painted the bucket.,active,girl,bucket,paint,train
978,The bucket was painted by a girl.,passive,girl,bucket,paint,train
979,A girl blessed Ava.,active,girl,Ava,bless,val
979,Ava was blessed by a girl.,passive,girl,Ava,bless,val
980,A girl froze a friend.,active,girl,friend,freeze,train
980,A friend was freezed by a girl.,passive,girl,friend,freeze,train
981,The boy drew a cookie.,active,boy,cookie,draw,train
981,A cookie was drawn by the boy.,passive,boy,cookie,draw,train
982,A cat found Camila.,active,cat,Camila,find,gen_test
982,Camila were found by a cat.,passive,cat,Camila,find,gen_test
983,A judge liked Liam.,active,judge,Liam,like,train
983,Liam was liked by a judge.,passive,judge,Liam,like,train
984,A girl shortened the baby.,active,girl,baby,shorten,train
984,The baby was shortened by a girl.,passive,girl,baby,shorten,train
985,A girl painted Alexander.,active,girl,Alexander,paint,train
985,Alexander was painted by a girl.,passive,girl,Alexander,paint,train
986,The girl called a gumball.,active,girl,gumball,call,train
986,A gumball was called by the girl.,passive,girl,gumball,call,train
987,A cobra liked a girl.,active,cobra,girl,like,train
987,A girl was liked by a cobra.,passive,cobra,girl,like,train
988,A teacher rolled Isabella.,active,teacher,Isabella,roll,train
988,Isabella was rolled by a teacher.,passive,teacher,Isabella,roll,train
989,A patient observed Olivia.,active,patient,Olivia,observe,val
989,Olivia was observed by a patient.,passive,patient,Olivia,observe,val
990,The lion ate Brooklyn.,active,lion,Brooklyn,eat,gen_test
990,Brooklyn was eaten by the lion.,passive,lion,Brooklyn,eat,gen_test
991,A girl doubled a cake.,active,girl,cake,double,test
991,A cake was doubled by a girl.,passive,girl,cake,double,test
992,The bunny ate a cake.,active,bunny,cake,eat,val
992,A cake was eaten by the bunny.,passive,bunny,cake,eat,val
993,A cat found a boy.,active,cat,boy,find,gen_test
993,A boy was found by a cat.,passive,cat,boy,find,gen_test
994,The girl ate Victoria.,active,girl,Victoria,eat,train
994,Victoria was eaten by the girl.,passive,girl,Victoria,eat,train
995,The boy snapped the cracker.,active,boy,cracker,snap,train
995,The cracker was snaped by the boy.,passive,boy,cracker,snap,train
996,A girl liked a bunny.,active,girl,bunny,like,train
996,A bunny was liked by a girl.,passive,girl,bunny,like,train
997,A boy ate the girl.,active,boy,girl,eat,val
997,The girl was eaten by a boy.,passive,boy,girl,eat,val
998,A girl ate the chicken.,active,girl,chicken,eat,train
998,The chicken was eaten by a girl.,passive,girl,chicken,eat,train
999,The guest touched Emma.,active,guest,Emma,touch,train
999,Emma was touched by the guest.,passive,guest,Emma,touch,train
1000,A boy liked the brain.,active,boy,brain,like,test
1000,The brain was liked by a boy.,passive,boy,brain,like,test
1001,A boy heard a girl.,active,boy,girl,hear,test
1001,A girl was heared by a boy.,passive,boy,girl,hear,test
1002,A hedgehog ate the box.,active,hedgehog,box,eat,train
1002,The box was eaten by a hedgehog.,passive,hedgehog,box,eat,train
1003,A creature found the sandwich.,active,creature,sandwich,find,train
1003,The sandwich was found by a creature.,passive,creature,sandwich,find,train
1004,A dog juggled the cake.,active,dog,cake,juggle,gen_test
1004,The cake was juggled by a dog.,passive,dog,cake,juggle,gen_test
1005,A cow appreciated the cake.,active,cow,cake,appreciate,train
1005,The cake was appreciated by a cow.,passive,cow,cake,appreciate,train
1006,The girl crumpled the cake.,active,girl,cake,crumple,train
1006,The cake was crumpled by the girl.,passive,girl,cake,crumple,train
1007,The baby decomposed a cake.,active,baby,cake,decompose,gen_test
1007,A cake was decomposed by the baby.,passive,baby,cake,decompose,gen_test
1008,A cobra liked Emma.,active,cobra,Emma,like,train
1008,Emma was liked by a cobra.,passive,cobra,Emma,like,train
1009,A professor threw the glue.,active,professor,glue,throw,train
1009,The glue was throwed by a professor.,passive,professor,glue,throw,train
1010,The boy doubled a cake.,active,boy,cake,double,train
1010,A cake was doubled by the boy.,passive,boy,cake,double,train
1011,A girl poked the donut.,active,girl,donut,poke,train
1011,The donut was poked by a girl.,passive,girl,donut,poke,train
1012,A frog poked the boy.,active,frog,boy,poke,train
1012,The boy was poked by a frog.,passive,frog,boy,poke,train
1013,The boy doubled Charlie.,active,boy,Charlie,double,train
1013,Charlie was doubled by the boy.,passive,boy,Charlie,double,train
1014,The pupil nursed a fruit.,active,pupil,fruit,nurse,train
1014,A fruit was nursed by the pupil.,passive,pupil,fruit,nurse,train
1015,The mouse rolled a lion.,active,mouse,lion,roll,train
1015,A lion was rolled by the mouse.,passive,mouse,lion,roll,train
1016,A goose liked a box.,active,goose,box,like,train
1016,A box was liked by a goose.,passive,goose,box,like,train
1017,A child found the clock.,active,child,clock,find,gen_test
1017,The clock was found by a child.,passive,child,clock,find,gen_test
1018,A buyer helped a cake.,active,buyer,cake,help,train
1018,A cake was helped by a buyer.,passive,buyer,cake,help,train
1019,The boy ate Olivia.,active,boy,Olivia,eat,val
1019,Olivia was eaten by the boy.,passive,boy,Olivia,eat,val
1020,The girl nursed the child.,active,girl,child,nurse,test
1020,The child was nursed by the girl.,passive,girl,child,nurse,test
1021,A patient cleaned Evelyn.,active,patient,Evelyn,clean,train
1021,Evelyn is cleaned by a patient.,passive,patient,Evelyn,clean,train
1022,The girl rolled a journalist.,active,girl,journalist,roll,train
1022,A journalist was rolled by the girl.,passive,girl,journalist,roll,train
1023,The girl liked the cat.,active,girl,cat,like,train
1023,The cat was liked by the girl.,passive,girl,cat,like,train
1024,A boy found William.,active,boy,William,find,train
1024,William was found by a boy.,passive,boy,William,find,train
1025,A boy drew a dog.,active,boy,dog,draw,train
1025,A dog was drawn by a boy.,passive,boy,dog,draw,train
1026,The teacher ate the girl.,active,teacher,girl,eat,train
1026,The girl was eaten by the teacher.,passive,teacher,girl,eat,train
1027,The baby rolled Noah.,active,baby,Noah,roll,gen_test
1027,Noah was rolled by the baby.,passive,baby,Noah,roll,gen_test
1028,The girl rolled a guest.,active,girl,guest,roll,train
1028,A guest was rolled by the girl.,passive,girl,guest,roll,train
1029,A teacher tolerated a bucket.,active,teacher,bucket,tolerate,val
1029,A bucket was tolerated by a teacher.,passive,teacher,bucket,tolerate,val
1030,A girl blessed a cake.,active,girl,cake,bless,test
1030,A cake was blessed by a girl.,passive,girl,cake,bless,test
1031,The resident froze a box.,active,resident,box,freeze,train
1031,A box was freezed by the resident.,passive,resident,box,freeze,train
1032,A dog dusted Olivia.,active,dog,Olivia,dust,gen_test
1032,Olivia was dusted by a dog.,passive,dog,Olivia,dust,gen_test
1033,A girl tolerated Emma.,active,girl,Emma,tolerate,val
1033,Emma was tolerated by a girl.,passive,girl,Emma,tolerate,val
1034,A butterfly broke a guy.,active,butterfly,guy,break,test
1034,A guy was broken by a butterfly.,passive,butterfly,guy,break,test
1035,The frog disintegrated the boy.,active,frog,boy,disintegrate,train
1035,The boy was disintegrated by the frog.,passive,frog,boy,disintegrate,train
1036,A dog tossed the lollipop.,active,dog,lollipop,toss,gen_test
1036,The lollipop was tossed by a dog.,passive,dog,lollipop,toss,gen_test
1037,A dog helped the host.,active,dog,host,help,gen_test
1037,The host was helped by a dog.,passive,dog,host,help,gen_test
1038,A cobra liked the cookie.,active,cobra,cookie,like,train
1038,The cookie was liked by a cobra.,passive,cobra,cookie,like,train
1039,A boy liked Benjamin.,active,boy,Benjamin,like,train
1039,Benjamin was liked by a boy.,passive,boy,Benjamin,like,train
1040,A girl helped the cake.,active,girl,cake,help,train
1040,The cake was helped by a girl.,passive,girl,cake,help,train
1041,A girl appreciated a monkey.,active,girl,monkey,appreciate,train
1041,A monkey was appreciated by a girl.,passive,girl,monkey,appreciate,train
1042,The cobra pierced Olivia.,active,cobra,Olivia,pierce,val
1042,Olivia was pierced by the cobra.,passive,cobra,Olivia,pierce,val
1043,The girl ate Lincoln.,active,girl,Lincoln,eat,train
1043,Lincoln was eaten by the girl.,passive,girl,Lincoln,eat,train
1044,The professor shortened Anthony.,active,professor,Anthony,shorten,train
1044,Anthony was shortened by the professor.,passive,professor,Anthony,shorten,train
1045,A child broke Olivia.,active,child,Olivia,break,gen_test
1045,Olivia was broken by a child.,passive,child,Olivia,break,gen_test
1046,The girl drew a butterfly.,active,girl,butterfly,draw,train
1046,A butterfly was drawn by the girl.,passive,girl,butterfly,draw,train
1047,A cobra helped Logan.,active,cobra,Logan,help,train
1047,Logan was helped by a cobra.,passive,cobra,Logan,help,train
1048,A boy helped a box.,active,boy,box,help,train
1048,A box was helped by a boy.,passive,boy,box,help,train
1049,A girl grew the prince.,active,girl,prince,grow,val
1049,The prince was growed by a girl.,passive,girl,prince,grow,val
1050,The boy rolled a bowl.,active,boy,bowl,roll,train
1050,A bowl was rolled by the boy.,passive,boy,bowl,roll,train
1051,The buyer helped a girl.,active,buyer,girl,help,train
1051,A girl was helped by the buyer.,passive,buyer,girl,help,train
1052,The dog respected Noah.,active,dog,Noah,respect,gen_test
1052,Noah was respected by the dog.,passive,dog,Noah,respect,gen_test
1053,A driver noticed Olivia.,active,driver,Olivia,notice,test
1053,Olivia was noticed by a driver.,passive,driver,Olivia,notice,test
1054,A boy respected Luna.,active,boy,Luna,respect,train
1054,Luna was respected by a boy.,passive,boy,Luna,respect,train
1055,The cobra helped the hammer.,active,cobra,hammer,help,train
1055,The hammer was helped by the cobra.,passive,cobra,hammer,help,train
1056,The priest froze the cake.,active,priest,cake,freeze,train
1056,The cake was freezed by the priest.,passive,priest,cake,freeze,train
1057,The baby grew Emma.,active,baby,Emma,grow,gen_test
1057,Emma was growed by the baby.,passive,baby,Emma,grow,gen_test
1058,The girl blessed a pretzel.,active,girl,pretzel,bless,train
1058,A pretzel was blessed by the girl.,passive,girl,pretzel,bless,train
1059,A hedgehog disintegrated the chair.,active,hedgehog,chair,disintegrate,train
1059,The chair was disintegrated by a hedgehog.,passive,hedgehog,chair,disintegrate,train
1060,A teacher studied a ball.,active,teacher,ball,study,train
1060,A ball was studyed by a teacher.,passive,teacher,ball,study,train
1061,A teacher rolled the cake.,active,teacher,cake,roll,train
1061,The cake was rolled by a teacher.,passive,teacher,cake,roll,train
1062,The horse helped a gumball.,active,horse,gumball,help,gen_test
1062,A gumball was helped by the horse.,passive,horse,gumball,help,gen_test
1063,The chicken blessed the boy.,active,chicken,boy,bless,gen_test
1063,The boy was blessed by the chicken.,passive,chicken,boy,bless,gen_test
1064,The boy poked a hero.,active,boy,hero,poke,train
1064,A hero was poked by the boy.,passive,boy,hero,poke,train
1065,The scientist dusted Sophia.,active,scientist,Sophia,dust,train
1065,Sophia was dusted by the scientist.,passive,scientist,Sophia,dust,train
1066,A girl broke Olivia.,active,girl,Olivia,break,train
1066,Olivia was broken by a girl.,passive,girl,Olivia,break,train
1067,A girl found a strawberry.,active,girl,strawberry,find,train
1067,A strawberry was found by a girl.,passive,girl,strawberry,find,train
1068,A mouse examined the girl.,active,mouse,girl,examine,train
1068,The girl was examined by a mouse.,passive,mouse,girl,examine,train
1069,A director painted a cake.,active,director,cake,paint,train
1069,A cake was painted by a director.,passive,director,cake,paint,train
1070,A queen liked a cookie.,active,queen,cookie,like,train
1070,A cookie was liked by a queen.,passive,queen,cookie,like,train
1071,The mother burned the cockroach.,active,mother,cockroach,burn,train
1071,The cockroach was burned by the mother.,passive,mother,cockroach,burn,train
1072,A judge burned a rose.,active,judge,rose,burn,train
1072,A rose was burned by a judge.,passive,judge,rose,burn,train
1073,The boy investigated a girl.,active,boy,girl,investigate,train
1073,A girl was investigated by the boy.,passive,boy,girl,investigate,train
1074,A baby found the cake.,active,baby,cake,find,gen_test
1074,The cake was found by a baby.,passive,baby,cake,find,gen_test
1075,A cat floated the cake.,active,cat,cake,float,gen_test
1075,The cake was floated by a cat.,passive,cat,cake,float,gen_test
1076,A mouse painted Emma.,active,mouse,Emma,paint,train
1076,Emma was painted by a mouse.,passive,mouse,Emma,paint,train
1077,The boy changed Emma.,active,boy,Emma,change,train
1077,Emma was changed by the boy.,passive,boy,Emma,change,train
1078,The cat painted the box.,active,cat,box,paint,gen_test
1078,The box was painted by the cat.,passive,cat,box,paint,gen_test
1079,The cat shortened a girl.,active,cat,girl,shorten,gen_test
1079,A girl was shortened by the cat.,passive,cat,girl,shorten,gen_test
1080,A girl burned Joseph.,active,girl,Joseph,burn,train
1080,Joseph was burned by a girl.,passive,girl,Joseph,burn,train
1081,A cobra liked the raisin.,active,cobra,raisin,like,test
1081,The raisin was liked by a cobra.,passive,cobra,raisin,like,test
1082,The bear found Savannah.,active,bear,Savannah,find,gen_test
1082,Savannah was found by the bear.,passive,bear,Savannah,find,gen_test
1083,A frog ate a box.,active,frog,box,eat,train
1083,A box was eaten by a frog.,passive,frog,box,eat,train
1084,A hedgehog split the baby.,active,hedgehog,baby,split,train
1084,The baby was splited by a hedgehog.,passive,hedgehog,baby,split,train
1085,A guest valued the potato.,active,guest,potato,value,train
1085,The potato was valued by a guest.,passive,guest,potato,value,train
1086,The girl cleaned the donut.,active,girl,donut,clean,train
1086,The donut was cleaned by the girl.,passive,girl,donut,clean,train
1087,The girl liked the queen.,active,girl,queen,like,train
1087,The queen was liked by the girl.,passive,girl,queen,like,train
1088,The hero ate a shirt.,active,hero,shirt,eat,train
1088,A shirt was eaten by the hero.,passive,hero,shirt,eat,train
1089,A girl drew a cracker.,active,girl,cracker,draw,train
1089,A cracker was drawn by a girl.,passive,girl,cracker,draw,train
1090,A boy painted Daniel.,active,boy,Daniel,paint,train
1090,Daniel was painted by a boy.,passive,boy,Daniel,paint,train
1091,A girl drew the bear.,active,girl,bear,draw,test
1091,The bear was drawn by a girl.,passive,girl,bear,draw,test
1092,The girl appreciated the cockroach.,active,girl,cockroach,appreciate,train
1092,The cockroach was appreciated by the girl.,passive,girl,cockroach,appreciate,train
1093,A child found the box.,active,child,box,find,gen_test
1093,The box was found by a child.,passive,child,box,find,gen_test
1094,A cobra valued the boy.,active,cobra,boy,value,train
1094,The boy was valued by a cobra.,passive,cobra,boy,value,train
1095,A customer decomposed the balloon.,active,customer,balloon,decompose,test
1095,The balloon was decomposed by a customer.,passive,customer,balloon,decompose,test
1096,A cat liked the pancake.,active,cat,pancake,like,gen_test
1096,The pancake was liked by a cat.,passive,cat,pancake,like,gen_test
1097,The boy painted a donut.,active,boy,donut,paint,train
1097,A donut was painted by the boy.,passive,boy,donut,paint,train
1098,The boy burned a priest.,active,boy,priest,burn,train
1098,A priest was burned by the boy.,passive,boy,priest,burn,train
1099,A cat ate Henry.,active,cat,Henry,eat,gen_test
1099,Henry was eaten by a cat.,passive,cat,Henry,eat,gen_test
1100,The child rolled the donut.,active,child,donut,roll,gen_test
1100,The donut was rolled by the child.,passive,child,donut,roll,gen_test
1101,A boy hunted Olivia.,active,boy,Olivia,hunt,val
1101,Olivia was hunted by a boy.,passive,boy,Olivia,hunt,val
1102,The boy discovered the cake.,active,boy,cake,discover,test
1102,The cake was discovered by the boy.,passive,boy,cake,discover,test
1103,The butterfly rolled the donut.,active,butterfly,donut,roll,train
1103,The donut was rolled by the butterfly.,passive,butterfly,donut,roll,train
1104,A girl froze a chicken.,active,girl,chicken,freeze,train
1104,A chicken was freezed by a girl.,passive,girl,chicken,freeze,train
1105,A dog slid a girl.,active,dog,girl,slide,gen_test
1105,A girl was slided by a dog.,passive,dog,girl,slide,gen_test
1106,A boy ate Emma.,active,boy,Emma,eat,train
1106,Emma was eaten by a boy.,passive,boy,Emma,eat,train
1107,The cat drew the sailor.,active,cat,sailor,draw,gen_test
1107,The sailor was drawn by the cat.,passive,cat,sailor,draw,gen_test
1108,A cobra liked Sophia.,active,cobra,Sophia,like,train
1108,Sophia was liked by a cobra.,passive,cobra,Sophia,like,train
1109,A coach froze a boy.,active,coach,boy,freeze,test
1109,A boy was freezed by a coach.,passive,coach,boy,freeze,test
1110,A girl ate Mia.,active,girl,Mia,eat,train
1110,Mia was eaten by a girl.,passive,girl,Mia,eat,train
1111,A girl loved Ethan.,active,girl,Ethan,love,train
1111,Ethan was loved by a girl.,passive,girl,Ethan,love,train
1112,The boy helped a strawberry.,active,boy,strawberry,help,train
1112,A strawberry was helped by the boy.,passive,boy,strawberry,help,train
1113,The boy valued the melon.,active,boy,melon,value,train
1113,The melon was valued by the boy.,passive,boy,melon,value,train
1114,The girl decomposed a cake.,active,girl,cake,decompose,test
1114,A cake was decomposed by the girl.,passive,girl,cake,decompose,test
1115,A chicken helped the cake.,active,chicken,cake,help,gen_test
1115,The cake was helped by a chicken.,passive,chicken,cake,help,gen_test
1116,A professor helped the melon.,active,professor,melon,help,train
1116,The melon was helped by a professor.,passive,professor,melon,help,train
1117,A girl painted William.,active,girl,William,paint,train
1117,William was painted by a girl.,passive,girl,William,paint,train
1118,The girl rolled the writer.,active,girl,writer,roll,test
1118,The writer was rolled by the girl.,passive,girl,writer,roll,test
1119,The girl observed a ball.,active,girl,ball,observe,test
1119,A ball was observed by the girl.,passive,girl,ball,observe,test
1120,The lion rolled a bear.,active,lion,bear,roll,gen_test
1120,A bear was rolled by the lion.,passive,lion,bear,roll,gen_test
1121,The mouse appreciated Olivia.,active,mouse,Olivia,appreciate,train
1121,Olivia was appreciated by the mouse.,passive,mouse,Olivia,appreciate,train
1122,A boy floated a melon.,active,boy,melon,float,test
1122,A melon was floated by a boy.,passive,boy,melon,float,test
1123,The baby held Liam.,active,baby,Liam,hold,gen_test
1123,Liam was holded by the baby.,passive,baby,Liam,hold,gen_test
1124,A patient broke Emma.,active,patient,Emma,break,train
1124,Emma was broken by a patient.,passive,patient,Emma,break,train
1125,A child nursed a dog.,active,child,dog,nurse,gen_test
1125,A dog was nursed by a child.,passive,child,dog,nurse,gen_test
1126,The hero burned a doll.,active,hero,doll,burn,train
1126,A doll was burned by the hero.,passive,hero,doll,burn,train
1127,A boy ate the lollipop.,active,boy,lollipop,eat,train
1127,The lollipop was eaten by a boy.,passive,boy,lollipop,eat,train
1128,The friend liked the donut.,active,friend,donut,like,train
1128,The donut was liked by the friend.,passive,friend,donut,like,train
1129,The student respected the mother.,active,student,mother,respect,train
1129,The mother was respected by the student.,passive,student,mother,respect,train
1130,A cat loved the cockroach.,active,cat,cockroach,love,gen_test
1130,The cockroach was loved by a cat.,passive,cat,cockroach,love,gen_test
1131,The cobra helped Ava.,active,cobra,Ava,help,train
1131,Ava was helped by the cobra.,passive,cobra,Ava,help,train
1132,The doctor liked a donut.,active,doctor,donut,like,test
1132,A donut was liked by the doctor.,passive,doctor,donut,like,test
1133,The lawyer ate Olivia.,active,lawyer,Olivia,eat,train
1133,Olivia was eaten by the lawyer.,passive,lawyer,Olivia,eat,train
1134,The penguin doubled a boy.,active,penguin,boy,double,train
1134,A boy was doubled by the penguin.,passive,penguin,boy,double,train
1135,A cat froze Bella.,active,cat,Bella,freeze,gen_test
1135,Bella was freezed by a cat.,passive,cat,Bella,freeze,gen_test
1136,The pupil heard a donut.,active,pupil,donut,hear,train
1136,A donut was heared by the pupil.,passive,pupil,donut,hear,train
1137,The cat ate the ball.,active,cat,ball,eat,gen_test
1137,The ball was eaten by the cat.,passive,cat,ball,eat,gen_test
1138,The girl burned Emma.,active,girl,Emma,burn,train
1138,Emma was burned by the girl.,passive,girl,Emma,burn,train
1139,A cat rolled Liam.,active,cat,Liam,roll,gen_test
1139,Liam was rolled by a cat.,passive,cat,Liam,roll,gen_test
1140,The monkey rolled the box.,active,monkey,box,roll,train
1140,The box was rolled by the monkey.,passive,monkey,box,roll,train
1141,The dog ate a girl.,active,dog,girl,eat,gen_test
1141,A girl was eaten by the dog.,passive,dog,girl,eat,gen_test
1142,A hero froze a sweetcorn.,active,hero,sweetcorn,freeze,train
1142,A sweetcorn was freezed by a hero.,passive,hero,sweetcorn,freeze,train
1143,A giraffe decomposed a cookie.,active,giraffe,cookie,decompose,train
1143,A cookie was decomposed by a giraffe.,passive,giraffe,cookie,decompose,train
1144,The girl discovered a cockroach.,active,girl,cockroach,discover,train
1144,A cockroach was discovered by the girl.,passive,girl,cockroach,discover,train
1145,A doctor worshipped a giraffe.,active,doctor,giraffe,worship,train
1145,A giraffe was worshiped by a doctor.,passive,doctor,giraffe,worship,train
1146,The bird helped Liam.,active,bird,Liam,help,train
1146,Liam was helped by the bird.,passive,bird,Liam,help,train
1147,A girl improved a patient.,active,girl,patient,improve,train
1147,A patient was improved by a girl.,passive,girl,patient,improve,train
1148,The girl ate a lion.,active,girl,lion,eat,train
1148,A lion was eaten by the girl.,passive,girl,lion,eat,train
1149,The girl painted the boy.,active,girl,boy,paint,train
1149,The boy was painted by the girl.,passive,girl,boy,paint,train
1150,A boy appreciated the cloud.,active,boy,cloud,appreciate,test
1150,The cloud was appreciated by a boy.,passive,boy,cloud,appreciate,test
1151,A boy sketched Olivia.,active,boy,Olivia,sketch,train
1151,Olivia was sketched by a boy.,passive,boy,Olivia,sketch,train
1152,A bear helped a horse.,active,bear,horse,help,gen_test
1152,A horse was helped by a bear.,passive,bear,horse,help,gen_test
1153,The turkey froze Emma.,active,turkey,Emma,freeze,train
1153,Emma was freezed by the turkey.,passive,turkey,Emma,freeze,train
1154,A hero shortened Charlie.,active,hero,Charlie,shorten,train
1154,Charlie was shortened by a hero.,passive,hero,Charlie,shorten,train
1155,The girl rolled the flag.,active,girl,flag,roll,train
1155,The flag was rolled by the girl.,passive,girl,flag,roll,train
1156,A girl drew a cake.,active,girl,cake,draw,train
1156,A cake was drawn by a girl.,passive,girl,cake,draw,train
1157,A cat burned the balloon.,active,cat,balloon,burn,gen_test
1157,The balloon was burned by a cat.,passive,cat,balloon,burn,gen_test
1158,The girl froze a strawberry.,active,girl,strawberry,freeze,train
1158,A strawberry was freezed by the girl.,passive,girl,strawberry,freeze,train
1159,The girl rolled Madison.,active,girl,Madison,roll,train
1159,Madison was rolled by the girl.,passive,girl,Madison,roll,train
1160,The chicken ate the cake.,active,chicken,cake,eat,gen_test
1160,The cake was eaten by the chicken.,passive,chicken,cake,eat,gen_test
1161,The girl slid the basket.,active,girl,basket,slide,test
1161,The basket was slided by the girl.,passive,girl,basket,slide,test
1162,The bird observed a girl.,active,bird,girl,observe,test
1162,A girl was observed by the bird.,passive,bird,girl,observe,test
1163,A girl changed a bear.,active,girl,bear,change,train
1163,A bear was changed by a girl.,passive,girl,bear,change,train
1164,A chicken poked Emma.,active,chicken,Emma,poke,gen_test
1164,Emma was poked by a chicken.,passive,chicken,Emma,poke,gen_test
1165,The boy noticed Emma.,active,boy,Emma,notice,train
1165,Emma was noticed by the boy.,passive,boy,Emma,notice,train
1166,The girl burned William.,active,girl,William,burn,train
1166,William was burned by the girl.,passive,girl,William,burn,train
1167,A politician dusted a dog.,active,politician,dog,dust,train
1167,A dog was dusted by a politician.,passive,politician,dog,dust,train
1168,The cat missed a writer.,active,cat,writer,miss,gen_test
1168,A writer was missed by the cat.,passive,cat,writer,miss,gen_test
1169,The sailor dusted a boy.,active,sailor,boy,dust,train
1169,A boy was dusted by the sailor.,passive,sailor,boy,dust,train
1170,The cow painted a cake.,active,cow,cake,paint,train
1170,A cake was painted by the cow.,passive,cow,cake,paint,train
1171,The girl nursed the sandwich.,active,girl,sandwich,nurse,train
1171,The sandwich was nursed by the girl.,passive,girl,sandwich,nurse,train
1172,A girl rolled a cake.,active,girl,cake,roll,train
1172,A cake was rolled by a girl.,passive,girl,cake,roll,train
1173,A boy drew a politician.,active,boy,politician,draw,train
1173,A politician was drawn by a boy.,passive,boy,politician,draw,train
1174,A lawyer liked William.,active,lawyer,William,like,train
1174,William was liked by a lawyer.,passive,lawyer,William,like,train
1175,A dog ate a ball.,active,dog,ball,eat,gen_test
1175,A ball was eaten by a dog.,passive,dog,ball,eat,gen_test
1176,A mouse liked William.,active,mouse,William,like,train
1176,William was liked by a mouse.,passive,mouse,William,like,train
1177,A girl painted the boy.,active,girl,boy,paint,train
1177,The boy was painted by a girl.,passive,girl,boy,paint,train
1178,A boy painted a box.,active,boy,box,paint,train
1178,A box was painted by a boy.,passive,boy,box,paint,train
1179,A bear poked Liam.,active,bear,Liam,poke,gen_test
1179,Liam was poked by a bear.,passive,bear,Liam,poke,gen_test
1180,A boy sketched a donut.,active,boy,donut,sketch,test
1180,A donut was sketched by a boy.,passive,boy,donut,sketch,test
1181,The duck ate Evelyn.,active,duck,Evelyn,eat,train
1181,Evelyn was eaten by the duck.,passive,duck,Evelyn,eat,train
1182,A lawyer grew Amelia.,active,lawyer,Amelia,grow,train
1182,Amelia was growed by a lawyer.,passive,lawyer,Amelia,grow,train
1183,A moose rolled the donut.,active,moose,donut,roll,train
1183,The donut was rolled by a moose.,passive,moose,donut,roll,train
1184,The girl found Mila.,active,girl,Mila,find,train
1184,Mila were found by the girl.,passive,girl,Mila,find,train
1185,A girl liked Joshua.,active,girl,Joshua,like,val
1185,Joshua was liked by a girl.,passive,girl,Joshua,like,val
1186,The boy liked the drink.,active,boy,drink,like,val
1186,The drink was liked by the boy.,passive,boy,drink,like,val
1187,The girl drew the raisin.,active,girl,raisin,draw,train
1187,The raisin was drawn by the girl.,passive,girl,raisin,draw,train
1188,The boy painted the cake.,active,boy,cake,paint,val
1188,The cake was painted by the boy.,passive,boy,cake,paint,val
1189,The hedgehog admired William.,active,hedgehog,William,admire,train
1189,William was admired by the hedgehog.,passive,hedgehog,William,admire,train
1190,A boy shortened the crown.,active,boy,crown,shorten,train
1190,The crown was shortened by a boy.,passive,boy,crown,shorten,train
1191,The pony ate the bowl.,active,pony,bowl,eat,train
1191,The bowl was eaten by the pony.,passive,pony,bowl,eat,train
1192,The dog packed a cake.,active,dog,cake,pack,gen_test
1192,A cake was packed by the dog.,passive,dog,cake,pack,gen_test
1193,The girl reddened Liam.,active,girl,Liam,redden,train
1193,Liam was reddened by the girl.,passive,girl,Liam,redden,train
1194,A cat painted Sofia.,active,cat,Sofia,paint,gen_test
1194,Sofia was painted by a cat.,passive,cat,Sofia,paint,gen_test
1195,A baby nursed Emma.,active,baby,Emma,nurse,gen_test
1195,Emma was nursed by a baby.,passive,baby,Emma,nurse,gen_test
1196,A teacher ate a cake.,active,teacher,cake,eat,test
1196,A cake was eaten by a teacher.,passive,teacher,cake,eat,test
1197,The cat froze the poet.,active,cat,poet,freeze,gen_test
1197,The poet was freezed by the cat.,passive,cat,poet,freeze,gen_test
1198,A girl froze the cookie.,active,girl,cookie,freeze,train
1198,The cookie was freezed by a girl.,passive,girl,cookie,freeze,train
1199,A dog doubled a girl.,active,dog,girl,double,gen_test
1199,A girl was doubled by a dog.,passive,dog,girl,double,gen_test
1200,A baby painted the goose.,active,baby,goose,paint,gen_test
1200,The goose was painted by a baby.,passive,baby,goose,paint,gen_test
1201,A girl threw a cake.,active,girl,cake,throw,train
1201,A cake was throwed by a girl.,passive,girl,cake,throw,train
1202,The cat found the girl.,active,cat,girl,find,gen_test
1202,The girl was found by the cat.,passive,cat,girl,find,gen_test
1203,A hedgehog painted the cookie.,active,hedgehog,cookie,paint,train
1203,The cookie was painted by a hedgehog.,passive,hedgehog,cookie,paint,train
1204,The teacher liked a monkey.,active,teacher,monkey,like,val
1204,A monkey was liked by the teacher.,passive,teacher,monkey,like,val
1205,A cat ate Emma.,active,cat,Emma,eat,gen_test
1205,Emma was eaten by a cat.,passive,cat,Emma,eat,gen_test
1206,The girl enlarged the dog.,active,girl,dog,enlarge,train
1206,The dog was enlarged by the girl.,passive,girl,dog,enlarge,train
1207,A child grew the lion.,active,child,lion,grow,gen_test
1207,The lion was growed by a child.,passive,child,lion,grow,gen_test
1208,A horse liked Ava.,active,horse,Ava,like,gen_test
1208,Ava was liked by a horse.,passive,horse,Ava,like,gen_test
1209,A soldier helped the cat.,active,soldier,cat,help,train
1209,The cat was helped by a soldier.,passive,soldier,cat,help,train
1210,The cobra liked a cookie.,active,cobra,cookie,like,train
1210,A cookie was liked by the cobra.,passive,cobra,cookie,like,train
1211,The bird liked Caleb.,active,bird,Caleb,like,val
1211,Caleb was liked by the bird.,passive,bird,Caleb,like,val
1212,A baby rolled Elijah.,active,baby,Elijah,roll,gen_test
1212,Elijah was rolled by a baby.,passive,baby,Elijah,roll,gen_test
1213,A lawyer liked a molecule.,active,lawyer,molecule,like,train
1213,A molecule was liked by a lawyer.,passive,lawyer,molecule,like,train
1214,A girl helped Emma.,active,girl,Emma,help,test
1214,Emma was helped by a girl.,passive,girl,Emma,help,test
1215,The girl ate the boy.,active,girl,boy,eat,train
1215,The boy was eaten by the girl.,passive,girl,boy,eat,train
1216,A girl packed the cat.,active,girl,cat,pack,train
1216,The cat was packed by a girl.,passive,girl,cat,pack,train
1217,The poet helped the penguin.,active,poet,penguin,help,train
1217,The penguin was helped by the poet.,passive,poet,penguin,help,train
1218,A cat ate a cake.,active,cat,cake,eat,gen_test
1218,A cake was eaten by a cat.,passive,cat,cake,eat,gen_test
1219,A boy helped the girl.,active,boy,girl,help,train
1219,The girl was helped by a boy.,passive,boy,girl,help,train
1220,A girl appreciated the cake.,active,girl,cake,appreciate,train
1220,The cake was appreciated by a girl.,passive,girl,cake,appreciate,train
1221,A girl noticed Olivia.,active,girl,Olivia,notice,train
1221,Olivia was noticed by a girl.,passive,girl,Olivia,notice,train
1222,The cobra loved William.,active,cobra,William,love,train
1222,William was loved by the cobra.,passive,cobra,William,love,train
1223,A hedgehog ate the crayon.,active,hedgehog,crayon,eat,train
1223,The crayon was eaten by a hedgehog.,passive,hedgehog,crayon,eat,train
1224,The cobra respected a cake.,active,cobra,cake,respect,train
1224,A cake was respected by the cobra.,passive,cobra,cake,respect,train
1225,A dog painted a donut.,active,dog,donut,paint,gen_test
1225,A donut was painted by a dog.,passive,dog,donut,paint,gen_test
1226,The butterfly slid the cockroach.,active,butterfly,cockroach,slide,test
1226,The cockroach was slided by the butterfly.,passive,butterfly,cockroach,slide,test
1227,The friend saw Liam.,active,friend,Liam,see,train
1227,Liam was seen by the friend.,passive,friend,Liam,see,train
1228,A girl ate a father.,active,girl,father,eat,train
1228,A father was eaten by a girl.,passive,girl,father,eat,train
1229,The frog painted a lollipop.,active,frog,lollipop,paint,test
1229,A lollipop was painted by the frog.,passive,frog,lollipop,paint,test
1230,A doctor adored the balloon.,active,doctor,balloon,adore,train
1230,The balloon was adored by a doctor.,passive,doctor,balloon,adore,train
1231,The monster froze the cat.,active,monster,cat,freeze,train
1231,The cat was freezed by the monster.,passive,monster,cat,freeze,train
1232,The girl juggled a rose.,active,girl,rose,juggle,train
1232,A rose was juggled by the girl.,passive,girl,rose,juggle,train
1233,A cat ate the sandwich.,active,cat,sandwich,eat,gen_test
1233,The sandwich was eaten by a cat.,passive,cat,sandwich,eat,gen_test
1234,A child ate the girl.,active,child,girl,eat,gen_test
1234,The girl was eaten by a child.,passive,child,girl,eat,gen_test
1235,The girl split the box.,active,girl,box,split,val
1235,The box was splited by the girl.,passive,girl,box,split,val
1236,A girl painted a chicken.,active,girl,chicken,paint,train
1236,A chicken was painted by a girl.,passive,girl,chicken,paint,train
1237,The doctor ate a girl.,active,doctor,girl,eat,train
1237,A girl was eaten by the doctor.,passive,doctor,girl,eat,train
1238,A lion rolled Charlie.,active,lion,Charlie,roll,gen_test
1238,Charlie was rolled by a lion.,passive,lion,Charlie,roll,gen_test
1239,A boy rolled Chloe.,active,boy,Chloe,roll,train
1239,Chloe was rolled by a boy.,passive,boy,Chloe,roll,train
1240,The judge loved the strawberry.,active,judge,strawberry,love,train
1240,The strawberry was loved by the judge.,passive,judge,strawberry,love,train
1241,A boy ate the penguin.,active,boy,penguin,eat,train
1241,The penguin was eaten by a boy.,passive,boy,penguin,eat,train
1242,A cat decomposed Ava.,active,cat,Ava,decompose,gen_test
1242,Ava was decomposed by a cat.,passive,cat,Ava,decompose,gen_test
1243,A girl admired the doll.,active,girl,doll,admire,train
1243,The doll was admired by a girl.,passive,girl,doll,admire,train
1244,The boy disintegrated Olivia.,active,boy,Olivia,disintegrate,test
1244,Olivia was disintegrated by the boy.,passive,boy,Olivia,disintegrate,test
1245,A dog liked a tool.,active,dog,tool,like,gen_test
1245,A tool was liked by a dog.,passive,dog,tool,like,gen_test
1246,A director liked a cookie.,active,director,cookie,like,train
1246,A cookie was liked by a director.,passive,director,cookie,like,train
1247,The teacher called the cat.,active,teacher,cat,call,train
1247,The cat was called by the teacher.,passive,teacher,cat,call,train
1248,A giraffe cleaned the girl.,active,giraffe,girl,clean,train
1248,The girl was cleaned by a giraffe.,passive,giraffe,girl,clean,train
1249,A frog improved the girl.,active,frog,girl,improve,train
1249,The girl was improved by a frog.,passive,frog,girl,improve,train
1250,A turtle found Liam.,active,turtle,Liam,find,train
1250,Liam was found by a turtle.,passive,turtle,Liam,find,train
1251,The girl juggled the bat.,active,girl,bat,juggle,train
1251,The bat was juggled by the girl.,passive,girl,bat,juggle,train
1252,A boy rolled a captain.,active,boy,captain,roll,train
1252,A captain was rolled by a boy.,passive,boy,captain,roll,train
1253,A boy painted the girl.,active,boy,girl,paint,train
1253,The girl was painted by a boy.,passive,boy,girl,paint,train
1254,The baby doubled the cat.,active,baby,cat,double,gen_test
1254,The cat was doubled by the baby.,passive,baby,cat,double,gen_test
1255,The giraffe blessed Emma.,active,giraffe,Emma,bless,train
1255,Emma was blessed by the giraffe.,passive,giraffe,Emma,bless,train
1256,The frog valued a pizza.,active,frog,pizza,value,train
1256,A pizza was valued by the frog.,passive,frog,pizza,value,train
1257,The boy called a girl.,active,boy,girl,call,val
1257,A girl was called by the boy.,passive,boy,girl,call,val
1258,A girl painted Liam.,active,girl,Liam,paint,train
1258,Liam was painted by a girl.,passive,girl,Liam,paint,train
1259,A girl ate the cat.,active,girl,cat,eat,train
1259,The cat was eaten by a girl.,passive,girl,cat,eat,train
1260,A boy studied Emma.,active,boy,Emma,study,train
1260,Emma was studyed by a boy.,passive,boy,Emma,study,train
1261,A girl shortened the cake.,active,girl,cake,shorten,train
1261,The cake was shortened by a girl.,passive,girl,cake,shorten,train
1262,A bear rolled Emma.,active,bear,Emma,roll,gen_test
1262,Emma was rolled by a bear.,passive,bear,Emma,roll,gen_test
1263,A goose broke a fig.,active,goose,fig,break,train
1263,A fig was broken by a goose.,passive,goose,fig,break,train
1264,The girl burned Mateo.,active,girl,Mateo,burn,train
1264,Mateo was burned by the girl.,passive,girl,Mateo,burn,train
1265,The boy helped a lion.,active,boy,lion,help,train
1265,A lion was helped by the boy.,passive,boy,lion,help,train
1266,The girl helped Emma.,active,girl,Emma,help,test
1266,Emma was helped by the girl.,passive,girl,Emma,help,test
1267,A frog dusted a beer.,active,frog,beer,dust,train
1267,A beer was dusted by a frog.,passive,frog,beer,dust,train
1268,The chicken disintegrated the weapon.,active,chicken,weapon,disintegrate,gen_test
1268,The weapon was disintegrated by the chicken.,passive,chicken,weapon,disintegrate,gen_test
1269,The dog split the cake.,active,dog,cake,split,gen_test
1269,The cake was splited by the dog.,passive,dog,cake,split,gen_test
1270,The dog dusted the horse.,active,dog,horse,dust,gen_test
1270,The horse was dusted by the dog.,passive,dog,horse,dust,gen_test
1271,The dog studied the cookie.,active,dog,cookie,study,gen_test
1271,The cookie was studyed by the dog.,passive,dog,cookie,study,gen_test
1272,The chicken reddened the cake.,active,chicken,cake,redden,gen_test
1272,The cake was reddened by the chicken.,passive,chicken,cake,redden,gen_test
1273,A zebra dusted a cookie.,active,zebra,cookie,dust,test
1273,A cookie was dusted by a zebra.,passive,zebra,cookie,dust,test
1274,The monkey liked a cow.,active,monkey,cow,like,train
1274,A cow was liked by the monkey.,passive,monkey,cow,like,train
1275,The horse froze a donut.,active,horse,donut,freeze,gen_test
1275,A donut was freezed by the horse.,passive,horse,donut,freeze,gen_test
1276,A duck shortened a rose.,active,duck,rose,shorten,train
1276,A rose was shortened by a duck.,passive,duck,rose,shorten,train
1277,A girl reddened a baby.,active,girl,baby,redden,test
1277,A baby was reddened by a girl.,passive,girl,baby,redden,test
1278,The teacher found a girl.,active,teacher,girl,find,test
1278,A girl was found by the teacher.,passive,teacher,girl,find,test
1279,A girl drew a newspaper.,active,girl,newspaper,draw,train
1279,A newspaper was drawn by a girl.,passive,girl,newspaper,draw,train
1280,A boy rolled Olivia.,active,boy,Olivia,roll,train
1280,Olivia was rolled by a boy.,passive,boy,Olivia,roll,train
1281,The landlord burned a raisin.,active,landlord,raisin,burn,train
1281,A raisin was burned by the landlord.,passive,landlord,raisin,burn,train
1282,The princess shortened the cake.,active,princess,cake,shorten,train
1282,The cake was shortened by the princess.,passive,princess,cake,shorten,train
1283,A guy loved the cake.,active,guy,cake,love,train
1283,The cake was loved by a guy.,passive,guy,cake,love,train
1284,A girl helped a donut.,active,girl,donut,help,train
1284,A donut was helped by a girl.,passive,girl,donut,help,train
1285,A girl admired the drink.,active,girl,drink,admire,train
1285,The drink was admired by a girl.,passive,girl,drink,admire,train
1286,A resident ate a donut.,active,resident,donut,eat,train
1286,A donut was eaten by a resident.,passive,resident,donut,eat,train
1287,A pupil held Sebastian.,active,pupil,Sebastian,hold,train
1287,Sebastian was holded by a pupil.,passive,pupil,Sebastian,hold,train
1288,A cat rolled a cake.,active,cat,cake,roll,gen_test
1288,A cake was rolled by a cat.,passive,cat,cake,roll,gen_test
1289,A landlord adored a tool.,active,landlord,tool,adore,train
1289,A tool was adored by a landlord.,passive,landlord,tool,adore,train
1290,The girl discovered the hamburger.,active,girl,hamburger,discover,test
1290,The hamburger was discovered by the girl.,passive,girl,hamburger,discover,test
1291,The fly froze a plate.,active,fly,plate,freeze,train
1291,A plate was freezed by the fly.,passive,fly,plate,freeze,train
1292,A queen loved a sandwich.,active,queen,sandwich,love,train
1292,A sandwich was loved by a queen.,passive,queen,sandwich,love,train
1293,The girl examined the rose.,active,girl,rose,examine,test
1293,The rose was examined by the girl.,passive,girl,rose,examine,test
1294,The child noticed a cake.,active,child,cake,notice,gen_test
1294,A cake was noticed by the child.,passive,child,cake,notice,gen_test
1295,The hedgehog slid a guest.,active,hedgehog,guest,slide,test
1295,A guest was slided by the hedgehog.,passive,hedgehog,guest,slide,test
1296,The bear disintegrated a baby.,active,bear,baby,disintegrate,gen_test
1296,A baby was disintegrated by the bear.,passive,bear,baby,disintegrate,gen_test
1297,A girl liked a box.,active,girl,box,like,train
1297,A box was liked by a girl.,passive,girl,box,like,train
1298,A girl ate the host.,active,girl,host,eat,train
1298,The host was eaten by a girl.,passive,girl,host,eat,train
1299,A boy dusted Emma.,active,boy,Emma,dust,train
1299,Emma was dusted by a boy.,passive,boy,Emma,dust,train
1300,A girl rolled a block.,active,girl,block,roll,train
1300,A block was rolled by a girl.,passive,girl,block,roll,train
1301,A baby rolled a cake.,active,baby,cake,roll,gen_test
1301,A cake was rolled by a baby.,passive,baby,cake,roll,gen_test
1302,A turkey helped the cake.,active,turkey,cake,help,test
1302,The cake was helped by a turkey.,passive,turkey,cake,help,test
1303,A boy ate a cookie.,active,boy,cookie,eat,val
1303,A cookie was eaten by a boy.,passive,boy,cookie,eat,val
1304,The scientist found Hannah.,active,scientist,Hannah,find,train
1304,Hannah was found by the scientist.,passive,scientist,Hannah,find,train
1305,The chicken liked the rose.,active,chicken,rose,like,gen_test
1305,The rose was liked by the chicken.,passive,chicken,rose,like,gen_test
1306,The butterfly rolled the raisin.,active,butterfly,raisin,roll,train
1306,The raisin was rolled by the butterfly.,passive,butterfly,raisin,roll,train
1307,A customer shortened a cake.,active,customer,cake,shorten,train
1307,A cake was shortened by a customer.,passive,customer,cake,shorten,train
1308,A baby froze Brooklyn.,active,baby,Brooklyn,freeze,gen_test
1308,Brooklyn was freezed by a baby.,passive,baby,Brooklyn,freeze,gen_test
1309,The boy ate Evelyn.,active,boy,Evelyn,eat,train
1309,Evelyn was eaten by the boy.,passive,boy,Evelyn,eat,train
1310,A boy inflated a cake.,active,boy,cake,inflate,train
1310,A cake was inflated by a boy.,passive,boy,cake,inflate,train
1311,A consumer drew Ella.,active,consumer,Ella,draw,train
1311,Ella was drawn by a consumer.,passive,consumer,Ella,draw,train
1312,A girl stabbed the pizza.,active,girl,pizza,stab,test
1312,The pizza was stabed by a girl.,passive,girl,pizza,stab,test
1313,The girl valued Emma.,active,girl,Emma,value,train
1313,Emma was valued by the girl.,passive,girl,Emma,value,train
1314,The cat burned Victoria.,active,cat,Victoria,burn,gen_test
1314,Victoria was burned by the cat.,passive,cat,Victoria,burn,gen_test
1315,The wolf rolled the cake.,active,wolf,cake,roll,train
1315,The cake was rolled by the wolf.,passive,wolf,cake,roll,train
1316,The butterfly helped the box.,active,butterfly,box,help,train
1316,The box was helped by the butterfly.,passive,butterfly,box,help,train
1317,The chief rolled Dylan.,active,chief,Dylan,roll,train
1317,Dylan was rolled by the chief.,passive,chief,Dylan,roll,train
1318,A student ate the lion.,active,student,lion,eat,train
1318,The lion was eaten by a student.,passive,student,lion,eat,train
1319,The boy liked Liam.,active,boy,Liam,like,test
1319,Liam was liked by the boy.,passive,boy,Liam,like,test
1320,A girl helped John.,active,girl,John,help,train
1320,John was helped by a girl.,passive,girl,John,help,train
1321,A child adored a human.,active,child,human,adore,gen_test
1321,A human was adored by a child.,passive,child,human,adore,gen_test
1322,A cat hunted Emma.,active,cat,Emma,hunt,gen_test
1322,Emma was hunted by a cat.,passive,cat,Emma,hunt,gen_test
1323,The cat snapped Sebastian.,active,cat,Sebastian,snap,gen_test
1323,Sebastian was snaped by the cat.,passive,cat,Sebastian,snap,gen_test
1324,The cobra found the boy.,active,cobra,boy,find,train
1324,The boy was found by the cobra.,passive,cobra,boy,find,train
1325,The cat painted the president.,active,cat,president,paint,gen_test
1325,The president was painted by the cat.,passive,cat,president,paint,gen_test
1326,The soldier rolled a donut.,active,soldier,donut,roll,train
1326,A donut was rolled by the soldier.,passive,soldier,donut,roll,train
1327,The girl investigated Emma.,active,girl,Emma,investigate,train
1327,Emma was investigated by the girl.,passive,girl,Emma,investigate,train
1328,A boy froze a cake.,active,boy,cake,freeze,test
1328,A cake was freezed by a boy.,passive,boy,cake,freeze,test
1329,The boy ate the rose.,active,boy,rose,eat,train
1329,The rose was eaten by the boy.,passive,boy,rose,eat,train
1330,A child painted Liam.,active,child,Liam,paint,gen_test
1330,Liam was painted by a child.,passive,child,Liam,paint,gen_test
1331,The butterfly drew Charlie.,active,butterfly,Charlie,draw,train
1331,Charlie was drawn by the butterfly.,passive,butterfly,Charlie,draw,train
1332,A boy drew the penguin.,active,boy,penguin,draw,train
1332,The penguin was drawn by a boy.,passive,boy,penguin,draw,train
1333,The sailor cleaned the student.,active,sailor,student,clean,train
1333,The student was cleaned by the sailor.,passive,sailor,student,clean,train
1334,A girl enlarged a soldier.,active,girl,soldier,enlarge,train
1334,A soldier was enlarged by a girl.,passive,girl,soldier,enlarge,train
1335,The baby discovered a cake.,active,baby,cake,discover,gen_test
1335,A cake was discovered by the baby.,passive,baby,cake,discover,gen_test
1336,The girl touched Emma.,active,girl,Emma,touch,train
1336,Emma was touched by the girl.,passive,girl,Emma,touch,train
1337,A girl liked Emma.,active,girl,Emma,like,test
1337,Emma was liked by a girl.,passive,girl,Emma,like,test
1338,The baby rolled the melon.,active,baby,melon,roll,gen_test
1338,The melon was rolled by the baby.,passive,baby,melon,roll,gen_test
1339,A priest pierced Jacob.,active,priest,Jacob,pierce,train
1339,Jacob was pierced by a priest.,passive,priest,Jacob,pierce,train
1340,A girl froze a chalk.,active,girl,chalk,freeze,train
1340,A chalk was freezed by a girl.,passive,girl,chalk,freeze,train
1341,A cat rolled a baby.,active,cat,baby,roll,gen_test
1341,A baby was rolled by a cat.,passive,cat,baby,roll,gen_test
1342,The citizen hunted a dog.,active,citizen,dog,hunt,train
1342,A dog was hunted by the citizen.,passive,citizen,dog,hunt,train
1343,A boy drew a teacher.,active,boy,teacher,draw,train
1343,A teacher was drawn by a boy.,passive,boy,teacher,draw,train
1344,A boy ate a sandwich.,active,boy,sandwich,eat,test
1344,A sandwich was eaten by a boy.,passive,boy,sandwich,eat,test
1345,The boy ate Sofia.,active,boy,Sofia,eat,train
1345,Sofia was eaten by the boy.,passive,boy,Sofia,eat,train
1346,The dog drew Emma.,active,dog,Emma,draw,gen_test
1346,Emma was drawn by the dog.,passive,dog,Emma,draw,gen_test
1347,A girl helped a cake.,active,girl,cake,help,train
1347,A cake was helped by a girl.,passive,girl,cake,help,train
1348,A girl tolerated the cake.,active,girl,cake,tolerate,train
1348,The cake was tolerated by a girl.,passive,girl,cake,tolerate,train
1349,A girl shortened the raisin.,active,girl,raisin,shorten,train
1349,The raisin was shortened by a girl.,passive,girl,raisin,shorten,train
1350,The girl loved Evelyn.,active,girl,Evelyn,love,test
1350,Evelyn was loved by the girl.,passive,girl,Evelyn,love,test
1351,The mouse admired Lucas.,active,mouse,Lucas,admire,train
1351,Lucas was admired by the mouse.,passive,mouse,Lucas,admire,train
1352,The cat worshipped Aiden.,active,cat,Aiden,worship,gen_test
1352,Aiden was worshiped by the cat.,passive,cat,Aiden,worship,gen_test
1353,A horse admired Oliver.,active,horse,Oliver,admire,gen_test
1353,Oliver was admired by a horse.,passive,horse,Oliver,admire,gen_test
1354,The tiger ate a crocodile.,active,tiger,crocodile,eat,val
1354,A crocodile was eaten by the tiger.,passive,tiger,crocodile,eat,val
1355,A dog ate Ryan.,active,dog,Ryan,eat,gen_test
1355,Ryan was eaten by a dog.,passive,dog,Ryan,eat,gen_test
1356,The girl liked a researcher.,active,girl,researcher,like,train
1356,A researcher was liked by the girl.,passive,girl,researcher,like,train
1357,The girl drew a pen.,active,girl,pen,draw,train
1357,A pen was drawn by the girl.,passive,girl,pen,draw,train
1358,A boy loved Charlie.,active,boy,Charlie,love,train
1358,Charlie was loved by a boy.,passive,boy,Charlie,love,train
1359,The monkey rolled the girl.,active,monkey,girl,roll,train
1359,The girl was rolled by the monkey.,passive,monkey,girl,roll,train
1360,A boy loved a cookie.,active,boy,cookie,love,train
1360,A cookie was loved by a boy.,passive,boy,cookie,love,train
1361,A girl floated a cake.,active,girl,cake,float,train
1361,A cake was floated by a girl.,passive,girl,cake,float,train
1362,The boy froze a lollipop.,active,boy,lollipop,freeze,train
1362,A lollipop was freezed by the boy.,passive,boy,lollipop,freeze,train
1363,A turtle liked the donut.,active,turtle,donut,like,val
1363,The donut was liked by a turtle.,passive,turtle,donut,like,val
1364,A cobra held Noah.,active,cobra,Noah,hold,train
1364,Noah was holded by a cobra.,passive,cobra,Noah,hold,train
1365,A chicken snapped Emma.,active,chicken,Emma,snap,gen_test
1365,Emma was snaped by a chicken.,passive,chicken,Emma,snap,gen_test
1366,The cat floated Jackson.,active,cat,Jackson,float,gen_test
1366,Jackson was floated by the cat.,passive,cat,Jackson,float,gen_test
1367,The boy reddened the cake.,active,boy,cake,redden,train
1367,The cake was reddened by the boy.,passive,boy,cake,redden,train
1368,The cobra stabbed a needle.,active,cobra,needle,stab,train
1368,A needle was stabed by the cobra.,passive,cobra,needle,stab,train
1369,The professor ate a rose.,active,professor,rose,eat,train
1369,A rose was eaten by the professor.,passive,professor,rose,eat,train
1370,A lion appreciated Leah.,active,lion,Leah,appreciate,gen_test
1370,Leah was appreciated by a lion.,passive,lion,Leah,appreciate,gen_test
1371,The girl helped Asher.,active,girl,Asher,help,val
1371,Asher was helped by the girl.,passive,girl,Asher,help,val
1372,The boy painted the dealer.,active,boy,dealer,paint,train
1372,The dealer was painted by the boy.,passive,boy,dealer,paint,train
1373,The girl disintegrated the donut.,active,girl,donut,disintegrate,train
1373,The donut was disintegrated by the girl.,passive,girl,donut,disintegrate,train
1374,A girl froze a game.,active,girl,game,freeze,train
1374,A game was freezed by a girl.,passive,girl,game,freeze,train
1375,A girl liked a flower.,active,girl,flower,like,train
1375,A flower was liked by a girl.,passive,girl,flower,like,train
1376,A deer ate the politician.,active,deer,politician,eat,train
1376,The politician was eaten by a deer.,passive,deer,politician,eat,train
1377,The cat rolled a boy.,active,cat,boy,roll,gen_test
1377,A boy was rolled by the cat.,passive,cat,boy,roll,gen_test
1378,The king called a bowl.,active,king,bowl,call,train
1378,A bowl was called by the king.,passive,king,bowl,call,train
1379,A girl pierced Emma.,active,girl,Emma,pierce,train
1379,Emma was pierced by a girl.,passive,girl,Emma,pierce,train
1380,The giraffe held Liam.,active,giraffe,Liam,hold,train
1380,Liam was holded by the giraffe.,passive,giraffe,Liam,hold,train
1381,A consumer rolled Emma.,active,consumer,Emma,roll,train
1381,Emma was rolled by a consumer.,passive,consumer,Emma,roll,train
1382,The girl froze Liam.,active,girl,Liam,freeze,train
1382,Liam was freezed by the girl.,passive,girl,Liam,freeze,train
1383,The patient burned the donut.,active,patient,donut,burn,train
1383,The donut was burned by the patient.,passive,patient,donut,burn,train
1384,The girl painted a boy.,active,girl,boy,paint,train
1384,A boy was painted by the girl.,passive,girl,boy,paint,train
1385,A princess rolled a girl.,active,princess,girl,roll,train
1385,A girl was rolled by a princess.,passive,princess,girl,roll,train
1386,The boy dusted a cat.,active,boy,cat,dust,train
1386,A cat was dusted by the boy.,passive,boy,cat,dust,train
1387,A dog froze the box.,active,dog,box,freeze,gen_test
1387,The box was freezed by a dog.,passive,dog,box,freeze,gen_test
1388,The girl froze a pen.,active,girl,pen,freeze,train
1388,A pen was freezed by the girl.,passive,girl,pen,freeze,train
1389,The lawyer drew a baby.,active,lawyer,baby,draw,train
1389,A baby was drawn by the lawyer.,passive,lawyer,baby,draw,train
1390,A dog painted Liam.,active,dog,Liam,paint,gen_test
1390,Liam was painted by a dog.,passive,dog,Liam,paint,gen_test
1391,A dog rolled the girl.,active,dog,girl,roll,gen_test
1391,The girl was rolled by a dog.,passive,dog,girl,roll,gen_test
1392,A teacher discovered a boy.,active,teacher,boy,discover,test
1392,A boy was discovered by a teacher.,passive,teacher,boy,discover,test
1393,The girl heard Liam.,active,girl,Liam,hear,val
1393,Liam was heared by the girl.,passive,girl,Liam,hear,val
1394,A hedgehog liked a scarf.,active,hedgehog,scarf,like,test
1394,A scarf was liked by a hedgehog.,passive,hedgehog,scarf,like,test
1395,A human juggled a girl.,active,human,girl,juggle,val
1395,A girl was juggled by a human.,passive,human,girl,juggle,val
1396,A princess froze a box.,active,princess,box,freeze,train
1396,A box was freezed by a princess.,passive,princess,box,freeze,train
1397,The dog ate a researcher.,active,dog,researcher,eat,gen_test
1397,A researcher was eaten by the dog.,passive,dog,researcher,eat,gen_test
1398,A cobra liked Hazel.,active,cobra,Hazel,like,train
1398,Hazel was liked by a cobra.,passive,cobra,Hazel,like,train
1399,The hen noticed a boy.,active,hen,boy,notice,val
1399,A boy was noticed by the hen.,passive,hen,boy,notice,val
1400,A princess ate a baby.,active,princess,baby,eat,test
1400,A baby was eaten by a princess.,passive,princess,baby,eat,test
1401,The fly threw a rose.,active,fly,rose,throw,train
1401,A rose was throwed by the fly.,passive,fly,rose,throw,train
1402,The politician painted Olivia.,active,politician,Olivia,paint,train
1402,Olivia was painted by the politician.,passive,politician,Olivia,paint,train
1403,A girl changed a donut.,active,girl,donut,change,val
1403,A donut was changed by a girl.,passive,girl,donut,change,val
1404,A cobra liked a duck.,active,cobra,duck,like,train
1404,A duck was liked by a cobra.,passive,cobra,duck,like,train
1405,The girl admired Emma.,active,girl,Emma,admire,test
1405,Emma was admired by the girl.,passive,girl,Emma,admire,test
1406,The queen dusted the cat.,active,queen,cat,dust,train
1406,The cat was dusted by the queen.,passive,queen,cat,dust,train
1407,The duck ate the rose.,active,duck,rose,eat,train
1407,The rose was eaten by the duck.,passive,duck,rose,eat,train
1408,The boy found a cookie.,active,boy,cookie,find,train
1408,A cookie was found by the boy.,passive,boy,cookie,find,train
1409,The lamb helped the raisin.,active,lamb,raisin,help,train
1409,The raisin was helped by the lamb.,passive,lamb,raisin,help,train
1410,The turtle missed Emily.,active,turtle,Emily,miss,train
1410,Emily was missed by the turtle.,passive,turtle,Emily,miss,train
1411,A girl blessed the cake.,active,girl,cake,bless,test
1411,The cake was blessed by a girl.,passive,girl,cake,bless,test
1412,A girl liked the raisin.,active,girl,raisin,like,train
1412,The raisin was liked by a girl.,passive,girl,raisin,like,train
1413,The child liked the box.,active,child,box,like,gen_test
1413,The box was liked by the child.,passive,child,box,like,gen_test
1414,A girl enlarged the balloon.,active,girl,balloon,enlarge,train
1414,The balloon was enlarged by a girl.,passive,girl,balloon,enlarge,train
1415,A patient ate Olivia.,active,patient,Olivia,eat,train
1415,Olivia was eaten by a patient.,passive,patient,Olivia,eat,train
1416,The sailor broke Emma.,active,sailor,Emma,break,train
1416,Emma was broken by the sailor.,passive,sailor,Emma,break,train
1417,A dog juggled a cake.,active,dog,cake,juggle,gen_test
1417,A cake was juggled by a dog.,passive,dog,cake,juggle,gen_test
1418,The baby rolled the girl.,active,baby,girl,roll,gen_test
1418,The girl was rolled by the baby.,passive,baby,girl,roll,gen_test
1419,A crocodile blessed William.,active,crocodile,William,bless,train
1419,William was blessed by a crocodile.,passive,crocodile,William,bless,train
1420,The frog held Liam.,active,frog,Liam,hold,train
1420,Liam was holded by the frog.,passive,frog,Liam,hold,train
1421,The manager slid the shirt.,active,manager,shirt,slide,train
1421,The shirt was slided by the manager.,passive,manager,shirt,slide,train
1422,The lion blessed a cake.,active,lion,cake,bless,gen_test
1422,A cake was blessed by the lion.,passive,lion,cake,bless,gen_test
1423,A girl tossed a boy.,active,girl,boy,toss,train
1423,A boy was tossed by a girl.,passive,girl,boy,toss,train
1424,A boy helped the melon.,active,boy,melon,help,train
1424,The melon was helped by a boy.,passive,boy,melon,help,train
1425,A pig enlarged a donut.,active,pig,donut,enlarge,train
1425,A donut was enlarged by a pig.,passive,pig,donut,enlarge,train
1426,The girl ate the driver.,active,girl,driver,eat,test
1426,The driver was eaten by the girl.,passive,girl,driver,eat,test
1427,A girl ate Olivia.,active,girl,Olivia,eat,test
1427,Olivia was eaten by a girl.,passive,girl,Olivia,eat,test
1428,The goose poked Olivia.,active,goose,Olivia,poke,train
1428,Olivia was poked by the goose.,passive,goose,Olivia,poke,train
1429,The teacher hunted Emma.,active,teacher,Emma,hunt,train
1429,Emma was hunted by the teacher.,passive,teacher,Emma,hunt,train
1430,A buyer froze the bat.,active,buyer,bat,freeze,train
1430,The bat was freezed by a buyer.,passive,buyer,bat,freeze,train
1431,The champion helped the donut.,active,champion,donut,help,val
1431,The donut was helped by the champion.,passive,champion,donut,help,val
1432,A butterfly appreciated a cake.,active,butterfly,cake,appreciate,train
1432,A cake was appreciated by a butterfly.,passive,butterfly,cake,appreciate,train
1433,A cat drew Emma.,active,cat,Emma,draw,gen_test
1433,Emma was drawn by a cat.,passive,cat,Emma,draw,gen_test
1434,The baby broke the donut.,active,baby,donut,break,gen_test
1434,The donut was broken by the baby.,passive,baby,donut,break,gen_test
1435,A boy ate a girl.,active,boy,girl,eat,val
1435,A girl was eaten by a boy.,passive,boy,girl,eat,val
1436,The boy hunted Emma.,active,boy,Emma,hunt,val
1436,Emma was hunted by the boy.,passive,boy,Emma,hunt,val
1437,A cat pierced Daniel.,active,cat,Daniel,pierce,gen_test
1437,Daniel was pierced by a cat.,passive,cat,Daniel,pierce,gen_test
1438,A cat liked the lion.,active,cat,lion,like,gen_test
1438,The lion was liked by a cat.,passive,cat,lion,like,gen_test
1439,The zebra admired a donut.,active,zebra,donut,admire,val
1439,A donut was admired by the zebra.,passive,zebra,donut,admire,val
1440,The teacher ate the crayon.,active,teacher,crayon,eat,train
1440,The crayon was eaten by the teacher.,passive,teacher,crayon,eat,train
1441,A girl broke a lion.,active,girl,lion,break,train
1441,A lion was broken by a girl.,passive,girl,lion,break,train
1442,A horse nursed the cake.,active,horse,cake,nurse,gen_test
1442,The cake was nursed by a horse.,passive,horse,cake,nurse,gen_test
1443,A boy hunted the box.,active,boy,box,hunt,train
1443,The box was hunted by a boy.,passive,boy,box,hunt,train
1444,The child threw the cake.,active,child,cake,throw,gen_test
1444,The cake was throwed by the child.,passive,child,cake,throw,gen_test
1445,A teacher shortened the can.,active,teacher,can,shorten,train
1445,The can was shortened by a teacher.,passive,teacher,can,shorten,train
1446,The boy ate the crocodile.,active,boy,crocodile,eat,train
1446,The crocodile was eaten by the boy.,passive,boy,crocodile,eat,train
1447,A baby rolled Emma.,active,baby,Emma,roll,gen_test
1447,Emma was rolled by a baby.,passive,baby,Emma,roll,gen_test
1448,A girl ate a cat.,active,girl,cat,eat,train
1448,A cat was eaten by a girl.,passive,girl,cat,eat,train
1449,The horse valued a sheep.,active,horse,sheep,value,gen_test
1449,A sheep was valued by the horse.,passive,horse,sheep,value,gen_test
1450,A girl liked a champion.,active,girl,champion,like,train
1450,A champion was liked by a girl.,passive,girl,champion,like,train
1451,The cobra appreciated Liam.,active,cobra,Liam,appreciate,train
1451,Liam was appreciated by the cobra.,passive,cobra,Liam,appreciate,train
1452,The sheep studied a boy.,active,sheep,boy,study,train
1452,A boy was studyed by the sheep.,passive,sheep,boy,study,train
1453,A poet ate a cat.,active,poet,cat,eat,val
1453,A cat was eaten by a poet.,passive,poet,cat,eat,val
1454,The girl slid a cake.,active,girl,cake,slide,train
1454,A cake was slided by the girl.,passive,girl,cake,slide,train
1455,A mouse helped Emma.,active,mouse,Emma,help,train
1455,Emma was helped by a mouse.,passive,mouse,Emma,help,train
1456,The girl adored the cake.,active,girl,cake,adore,val
1456,The cake was adored by the girl.,passive,girl,cake,adore,val
1457,The boy liked a cat.,active,boy,cat,like,train
1457,A cat was liked by the boy.,passive,boy,cat,like,train
1458,A child split Liam.,active,child,Liam,split,gen_test
1458,Liam was splited by a child.,passive,child,Liam,split,gen_test
1459,The boy tolerated the cake.,active,boy,cake,tolerate,train
1459,The cake was tolerated by the boy.,passive,boy,cake,tolerate,train
1460,The girl hunted Emma.,active,girl,Emma,hunt,train
1460,Emma was hunted by the girl.,passive,girl,Emma,hunt,train
1461,A girl liked the cake.,active,girl,cake,like,train
1461,The cake was liked by a girl.,passive,girl,cake,like,train
1462,A penguin knew the girl.,active,penguin,girl,know,train
1462,The girl was knowed by a penguin.,passive,penguin,girl,know,train
1463,A girl noticed Ava.,active,girl,Ava,notice,train
1463,Ava was noticed by a girl.,passive,girl,Ava,notice,train
1464,A mouse drew a girl.,active,mouse,girl,draw,train
1464,A girl was drawn by a mouse.,passive,mouse,girl,draw,train
1465,The princess helped a soap.,active,princess,soap,help,train
1465,A soap was helped by the princess.,passive,princess,soap,help,train
1466,A cat tolerated Violet.,active,cat,Violet,tolerate,gen_test
1466,Violet was tolerated by a cat.,passive,cat,Violet,tolerate,gen_test
1467,The girl froze Noah.,active,girl,Noah,freeze,train
1467,Noah was freezed by the girl.,passive,girl,Noah,freeze,train
1468,A monster helped a cup.,active,monster,cup,help,train
1468,A cup was helped by a monster.,passive,monster,cup,help,train
1469,The duck liked Liam.,active,duck,Liam,like,train
1469,Liam was liked by the duck.,passive,duck,Liam,like,train
1470,The girl saw a balloon.,active,girl,balloon,see,train
1470,A balloon was seen by the girl.,passive,girl,balloon,see,train
1471,The teacher loved Emma.,active,teacher,Emma,love,val
1471,Emma was loved by the teacher.,passive,teacher,Emma,love,val
1472,A bee helped Ava.,active,bee,Ava,help,train
1472,Ava was helped by a bee.,passive,bee,Ava,help,train
1473,A teacher shortened the potato.,active,teacher,potato,shorten,train
1473,The potato was shortened by a teacher.,passive,teacher,potato,shorten,train
1474,A manager liked Emma.,active,manager,Emma,like,train
1474,Emma was liked by a manager.,passive,manager,Emma,like,train
1475,A frog cooked the cake.,active,frog,cake,cook,train
1475,The cake was cooked by a frog.,passive,frog,cake,cook,train
1476,The girl nursed a rose.,active,girl,rose,nurse,train
1476,A rose was nursed by the girl.,passive,girl,rose,nurse,train
1477,The hedgehog rolled a ball.,active,hedgehog,ball,roll,train
1477,A ball was rolled by the hedgehog.,passive,hedgehog,ball,roll,train
1478,The teacher shortened William.,active,teacher,William,shorten,train
1478,William was shortened by the teacher.,passive,teacher,William,shorten,train
1479,The bird disintegrated the cake.,active,bird,cake,disintegrate,train
1479,The cake was disintegrated by the bird.,passive,bird,cake,disintegrate,train
1480,The girl drew a block.,active,girl,block,draw,train
1480,A block was drawn by the girl.,passive,girl,block,draw,train
1481,The crocodile liked a girl.,active,crocodile,girl,like,train
1481,A girl was liked by the crocodile.,passive,crocodile,girl,like,train
1482,A cow liked the baby.,active,cow,baby,like,train
1482,The baby was liked by a cow.,passive,cow,baby,like,train
1483,The girl froze the sandwich.,active,girl,sandwich,freeze,train
1483,The sandwich was freezed by the girl.,passive,girl,sandwich,freeze,train
1484,A girl froze the cat.,active,girl,cat,freeze,train
1484,The cat was freezed by a girl.,passive,girl,cat,freeze,train
1485,A girl slid the raisin.,active,girl,raisin,slide,train
1485,The raisin was slided by a girl.,passive,girl,raisin,slide,train
1486,The tiger admired Charlie.,active,tiger,Charlie,admire,train
1486,Charlie was admired by the tiger.,passive,tiger,Charlie,admire,train
1487,The girl adored Ella.,active,girl,Ella,adore,train
1487,Ella was adored by the girl.,passive,girl,Ella,adore,train
1488,The girl decomposed Charlie.,active,girl,Charlie,decompose,train
1488,Charlie was decomposed by the girl.,passive,girl,Charlie,decompose,train
1489,The dog painted the boy.,active,dog,boy,paint,gen_test
1489,The boy was painted by the dog.,passive,dog,boy,paint,gen_test
1490,A baby slid a girl.,active,baby,girl,slide,gen_test
1490,A girl was slided by a baby.,passive,baby,girl,slide,gen_test
1491,The girl dusted the box.,active,girl,box,dust,train
1491,The box was dusted by the girl.,passive,girl,box,dust,train
1492,The sailor ate a donut.,active,sailor,donut,eat,train
1492,A donut was eaten by the sailor.,passive,sailor,donut,eat,train
1493,A child floated the cookie.,active,child,cookie,float,gen_test
1493,The cookie was floated by a child.,passive,child,cookie,float,gen_test
1494,The child valued a strawberry.,active,child,strawberry,value,gen_test
1494,A strawberry was valued by the child.,passive,child,strawberry,value,gen_test
1495,A girl rolled the lion.,active,girl,lion,roll,train
1495,The lion was rolled by a girl.,passive,girl,lion,roll,train
1496,A princess rolled Alexander.,active,princess,Alexander,roll,val
1496,Alexander was rolled by a princess.,passive,princess,Alexander,roll,val
1497,A child found the student.,active,child,student,find,gen_test
1497,The student was found by a child.,passive,child,student,find,gen_test
1498,A girl grew the guard.,active,girl,guard,grow,train
1498,The guard was growed by a girl.,passive,girl,guard,grow,train
1499,The girl froze a donut.,active,girl,donut,freeze,train
1499,A donut was freezed by the girl.,passive,girl,donut,freeze,train
1500,A soldier rolled a girl.,active,soldier,girl,roll,val
1500,A girl was rolled by a soldier.,passive,soldier,girl,roll,val
1501,A girl studied Liam.,active,girl,Liam,study,val
1501,Liam was studyed by a girl.,passive,girl,Liam,study,val
1502,A boy ate a donut.,active,boy,donut,eat,train
1502,A donut was eaten by a boy.,passive,boy,donut,eat,train
1503,The cat rolled a girl.,active,cat,girl,roll,gen_test
1503,A girl was rolled by the cat.,passive,cat,girl,roll,gen_test
1504,The goose tossed the girl.,active,goose,girl,toss,train
1504,The girl was tossed by the goose.,passive,goose,girl,toss,train
1505,A girl liked Ethan.,active,girl,Ethan,like,train
1505,Ethan was liked by a girl.,passive,girl,Ethan,like,train
1506,A girl rolled Stella.,active,girl,Stella,roll,train
1506,Stella was rolled by a girl.,passive,girl,Stella,roll,train
1507,The fish froze the boy.,active,fish,boy,freeze,train
1507,The boy was freezed by the fish.,passive,fish,boy,freeze,train
1508,A girl missed a cat.,active,girl,cat,miss,train
1508,A cat was missed by a girl.,passive,girl,cat,miss,train
1509,The girl changed a cookie.,active,girl,cookie,change,train
1509,A cookie was changed by the girl.,passive,girl,cookie,change,train
1510,A zebra admired a donut.,active,zebra,donut,admire,val
1510,A donut was admired by a zebra.,passive,zebra,donut,admire,val
1511,A girl missed a baby.,active,girl,baby,miss,train
1511,A baby was missed by a girl.,passive,girl,baby,miss,train
1512,A girl investigated a drink.,active,girl,drink,investigate,train
1512,A drink was investigated by a girl.,passive,girl,drink,investigate,train
1513,A girl liked Ava.,active,girl,Ava,like,train
1513,Ava was liked by a girl.,passive,girl,Ava,like,train
1514,The friend juggled the cake.,active,friend,cake,juggle,train
1514,The cake was juggled by the friend.,passive,friend,cake,juggle,train
1515,A lion liked a girl.,active,lion,girl,like,gen_test
1515,A girl was liked by a lion.,passive,lion,girl,like,gen_test
1516,A puppy ate the cake.,active,puppy,cake,eat,train
1516,The cake was eaten by a puppy.,passive,puppy,cake,eat,train
1517,The kid rolled a drink.,active,kid,drink,roll,train
1517,A drink was rolled by the kid.,passive,kid,drink,roll,train
1518,A patient froze a resident.,active,patient,resident,freeze,train
1518,A resident was freezed by a patient.,passive,patient,resident,freeze,train
1519,The sailor enlarged the bird.,active,sailor,bird,enlarge,val
1519,The bird was enlarged by the sailor.,passive,sailor,bird,enlarge,val
1520,A dog ate Emma.,active,dog,Emma,eat,gen_test
1520,Emma was eaten by a dog.,passive,dog,Emma,eat,gen_test
1521,The girl tolerated Emma.,active,girl,Emma,tolerate,val
1521,Emma was tolerated by the girl.,passive,girl,Emma,tolerate,val
1522,A cat rolled the cookie.,active,cat,cookie,roll,gen_test
1522,The cookie was rolled by a cat.,passive,cat,cookie,roll,gen_test
1523,A mouse hunted a donut.,active,mouse,donut,hunt,train
1523,A donut was hunted by a mouse.,passive,mouse,donut,hunt,train
1524,The cat juggled the bag.,active,cat,bag,juggle,gen_test
1524,The bag was juggled by the cat.,passive,cat,bag,juggle,gen_test
1525,A girl helped a cookie.,active,girl,cookie,help,train
1525,A cookie was helped by a girl.,passive,girl,cookie,help,train
1526,A kitty collapsed a passenger.,active,kitty,passenger,collapse,train
1526,A passenger was collapsed by a kitty.,passive,kitty,passenger,collapse,train
1527,The monkey ate a box.,active,monkey,box,eat,val
1527,A box was eaten by the monkey.,passive,monkey,box,eat,val
1528,A frog rolled a box.,active,frog,box,roll,train
1528,A box was rolled by a frog.,passive,frog,box,roll,train
1529,A journalist nursed Emma.,active,journalist,Emma,nurse,train
1529,Emma was nursed by a journalist.,passive,journalist,Emma,nurse,train
1530,The girl worshipped the needle.,active,girl,needle,worship,train
1530,The needle was worshiped by the girl.,passive,girl,needle,worship,train
1531,The kid rolled the girl.,active,kid,girl,roll,train
1531,The girl was rolled by the kid.,passive,kid,girl,roll,train
1532,A dog helped Olivia.,active,dog,Olivia,help,gen_test
1532,Olivia was helped by a dog.,passive,dog,Olivia,help,gen_test
1533,A horse changed Leah.,active,horse,Leah,change,gen_test
1533,Leah is changed by a horse.,passive,horse,Leah,change,gen_test
1534,The teacher painted a drink.,active,teacher,drink,paint,train
1534,A drink was painted by the teacher.,passive,teacher,drink,paint,train
1535,The cat liked a balloon.,active,cat,balloon,like,gen_test
1535,A balloon was liked by the cat.,passive,cat,balloon,like,gen_test
1536,A girl shortened Isabella.,active,girl,Isabella,shorten,train
1536,Isabella was shortened by a girl.,passive,girl,Isabella,shorten,train
1537,A child helped a biscuit.,active,child,biscuit,help,gen_test
1537,A biscuit was helped by a child.,passive,child,biscuit,help,gen_test
1538,A girl loved Olivia.,active,girl,Olivia,love,train
1538,Olivia was loved by a girl.,passive,girl,Olivia,love,train
1539,The mother froze the rose.,active,mother,rose,freeze,train
1539,The rose was freezed by the mother.,passive,mother,rose,freeze,train
1540,The soldier rolled the child.,active,soldier,child,roll,train
1540,The child was rolled by the soldier.,passive,soldier,child,roll,train
1541,A boy rolled a pancake.,active,boy,pancake,roll,train
1541,A pancake was rolled by a boy.,passive,boy,pancake,roll,train
1542,The duck ate Isabella.,active,duck,Isabella,eat,train
1542,Isabella was eaten by the duck.,passive,duck,Isabella,eat,train
1543,The chief worshipped Aubrey.,active,chief,Aubrey,worship,train
1543,Aubrey was worshiped by the chief.,passive,chief,Aubrey,worship,train
1544,A boy ate a monkey.,active,boy,monkey,eat,train
1544,A monkey was eaten by a boy.,passive,boy,monkey,eat,train
1545,The girl threw a cat.,active,girl,cat,throw,train
1545,A cat was throwed by the girl.,passive,girl,cat,throw,train
1546,The girl ate Liam.,active,girl,Liam,eat,train
1546,Liam was eaten by the girl.,passive,girl,Liam,eat,train
1547,A lion collapsed Logan.,active,lion,Logan,collapse,gen_test
1547,Logan was collapsed by a lion.,passive,lion,Logan,collapse,gen_test
1548,The boy hunted a deer.,active,boy,deer,hunt,train
1548,A deer was hunted by the boy.,passive,boy,deer,hunt,train
1549,The teacher noticed the rose.,active,teacher,rose,notice,train
1549,The rose was noticed by the teacher.,passive,teacher,rose,notice,train
1550,A bird loved the hamburger.,active,bird,hamburger,love,val
1550,The hamburger was loved by a bird.,passive,bird,hamburger,love,val
1551,The journalist found the box.,active,journalist,box,find,val
1551,The box was found by the journalist.,passive,journalist,box,find,val
1552,A child liked the girl.,active,child,girl,like,gen_test
1552,The girl was liked by a child.,passive,child,girl,like,gen_test
1553,A butterfly painted the puppy.,active,butterfly,puppy,paint,train
1553,The puppy was painted by a butterfly.,passive,butterfly,puppy,paint,train
1554,A butterfly changed a horse.,active,butterfly,horse,change,train
1554,A horse was changed by a butterfly.,passive,butterfly,horse,change,train
1555,The cat rolled Mia.,active,cat,Mia,roll,gen_test
1555,Mia was rolled by the cat.,passive,cat,Mia,roll,gen_test
1556,The girl knew Liam.,active,girl,Liam,know,train
1556,Liam was knowed by the girl.,passive,girl,Liam,know,train
1557,A host liked Alexander.,active,host,Alexander,like,train
1557,Alexander was liked by a host.,passive,host,Alexander,like,train
1558,A child enlarged Jackson.,active,child,Jackson,enlarge,gen_test
1558,Jackson was enlarged by a child.,passive,child,Jackson,enlarge,gen_test
1559,A chief liked a giraffe.,active,chief,giraffe,like,test
1559,A giraffe was liked by a chief.,passive,chief,giraffe,like,test
1560,The girl burned the cloud.,active,girl,cloud,burn,train
1560,The cloud was burned by the girl.,passive,girl,cloud,burn,train
1561,A monkey helped Liam.,active,monkey,Liam,help,test
1561,Liam was helped by a monkey.,passive,monkey,Liam,help,test
1562,A boy rolled the raisin.,active,boy,raisin,roll,train
1562,The raisin was rolled by a boy.,passive,boy,raisin,roll,train
1563,The girl painted a cat.,active,girl,cat,paint,train
1563,A cat was painted by the girl.,passive,girl,cat,paint,train
1564,The girl rolled Lucas.,active,girl,Lucas,roll,train
1564,Lucas was rolled by the girl.,passive,girl,Lucas,roll,train
1565,A teacher appreciated the raisin.,active,teacher,raisin,appreciate,val
1565,The raisin was appreciated by a teacher.,passive,teacher,raisin,appreciate,val
1566,A girl ate a cookie.,active,girl,cookie,eat,train
1566,A cookie was eaten by a girl.,passive,girl,cookie,eat,train
1567,The puppy ate a dog.,active,puppy,dog,eat,train
1567,A dog was eaten by the puppy.,passive,puppy,dog,eat,train
1568,A boy floated the butterfly.,active,boy,butterfly,float,train
1568,The butterfly was floated by a boy.,passive,boy,butterfly,float,train
1569,The monkey saw a cake.,active,monkey,cake,see,train
1569,A cake was seen by the monkey.,passive,monkey,cake,see,train
1570,A turkey disintegrated a girl.,active,turkey,girl,disintegrate,val
1570,A girl was disintegrated by a turkey.,passive,turkey,girl,disintegrate,val
1571,A bear ate the cookie.,active,bear,cookie,eat,gen_test
1571,The cookie was eaten by a bear.,passive,bear,cookie,eat,gen_test
1572,The girl liked the baby.,active,girl,baby,like,train
1572,The baby was liked by the girl.,passive,girl,baby,like,train
1573,The girl respected the kid.,active,girl,kid,respect,train
1573,The kid was respected by the girl.,passive,girl,kid,respect,train
1574,The teacher grew Emma.,active,teacher,Emma,grow,train
1574,Emma was growed by the teacher.,passive,teacher,Emma,grow,train
1575,A girl liked Jayden.,active,girl,Jayden,like,train
1575,Jayden was liked by a girl.,passive,girl,Jayden,like,train
1576,The child rolled the cake.,active,child,cake,roll,gen_test
1576,The cake was rolled by the child.,passive,child,cake,roll,gen_test
1577,A girl heard William.,active,girl,William,hear,train
1577,William was heared by a girl.,passive,girl,William,hear,train
1578,The child froze the girl.,active,child,girl,freeze,gen_test
1578,The girl was freezed by the child.,passive,child,girl,freeze,gen_test
1579,The cat drew William.,active,cat,William,draw,gen_test
1579,William was drawn by the cat.,passive,cat,William,draw,gen_test
1580,A girl admired Emma.,active,girl,Emma,admire,test
1580,Emma was admired by a girl.,passive,girl,Emma,admire,test
1581,A duck painted Emma.,active,duck,Emma,paint,train
1581,Emma was painted by a duck.,passive,duck,Emma,paint,train
1582,A girl rolled a drink.,active,girl,drink,roll,train
1582,A drink was rolled by a girl.,passive,girl,drink,roll,train
1583,A dog liked a boy.,active,dog,boy,like,gen_test
1583,A boy was liked by a dog.,passive,dog,boy,like,gen_test
1584,The girl saw the biscuit.,active,girl,biscuit,see,train
1584,The biscuit was seen by the girl.,passive,girl,biscuit,see,train
1585,The tenant appreciated a scarf.,active,tenant,scarf,appreciate,train
1585,A scarf was appreciated by the tenant.,passive,tenant,scarf,appreciate,train
1586,A hen liked a chicken.,active,hen,chicken,like,train
1586,A chicken was liked by a hen.,passive,hen,chicken,like,train
1587,A child froze Emma.,active,child,Emma,freeze,gen_test
1587,Emma was freezed by a child.,passive,child,Emma,freeze,gen_test
1588,A boy ate Nathan.,active,boy,Nathan,eat,train
1588,Nathan was eaten by a boy.,passive,boy,Nathan,eat,train
1589,A girl ate the boy.,active,girl,boy,eat,train
1589,The boy was eaten by a girl.,passive,girl,boy,eat,train
1590,A lion adored the donut.,active,lion,donut,adore,gen_test
1590,The donut was adored by a lion.,passive,lion,donut,adore,gen_test
1591,The teacher rolled the cookie.,active,teacher,cookie,roll,train
1591,The cookie was rolled by the teacher.,passive,teacher,cookie,roll,train
1592,The boy admired the bear.,active,boy,bear,admire,train
1592,The bear was admired by the boy.,passive,boy,bear,admire,train
1593,A consumer knew the cookie.,active,consumer,cookie,know,test
1593,The cookie was knowed by a consumer.,passive,consumer,cookie,know,test
1594,A girl cleaned the zebra.,active,girl,zebra,clean,train
1594,The zebra was cleaned by a girl.,passive,girl,zebra,clean,train
1595,A giraffe found the girl.,active,giraffe,girl,find,train
1595,The girl was found by a giraffe.,passive,giraffe,girl,find,train
1596,A girl drew a princess.,active,girl,princess,draw,val
1596,A princess was drawn by a girl.,passive,girl,princess,draw,val
1597,A dog sketched the girl.,active,dog,girl,sketch,gen_test
1597,The girl was sketched by a dog.,passive,dog,girl,sketch,gen_test
1598,The girl drew a strawberry.,active,girl,strawberry,draw,train
1598,A strawberry was drawn by the girl.,passive,girl,strawberry,draw,train
1599,A boy appreciated a cake.,active,boy,cake,appreciate,train
1599,A cake was appreciated by a boy.,passive,boy,cake,appreciate,train
1600,The dog rolled the cake.,active,dog,cake,roll,gen_test
1600,The cake was rolled by the dog.,passive,dog,cake,roll,gen_test
1601,The mouse admired the donut.,active,mouse,donut,admire,train
1601,The donut was admired by the mouse.,passive,mouse,donut,admire,train
1602,A lion decomposed the drink.,active,lion,drink,decompose,gen_test
1602,The drink was decomposed by a lion.,passive,lion,drink,decompose,gen_test
1603,The professor admired a bat.,active,professor,bat,admire,val
1603,A bat was admired by the professor.,passive,professor,bat,admire,val
1604,The girl rolled Benjamin.,active,girl,Benjamin,roll,train
1604,Benjamin was rolled by the girl.,passive,girl,Benjamin,roll,train
1605,The girl drew Natalie.,active,girl,Natalie,draw,val
1605,Natalie was drawn by the girl.,passive,girl,Natalie,draw,val
1606,A boy investigated Emma.,active,boy,Emma,investigate,train
1606,Emma was investigated by a boy.,passive,boy,Emma,investigate,train
1607,The cat helped a moose.,active,cat,moose,help,gen_test
1607,A moose was helped by the cat.,passive,cat,moose,help,gen_test
1608,A girl burned Henry.,active,girl,Henry,burn,train
1608,Henry was burned by a girl.,passive,girl,Henry,burn,train
1609,A tourist tolerated the cake.,active,tourist,cake,tolerate,test
1609,The cake was tolerated by a tourist.,passive,tourist,cake,tolerate,test
1610,The baby floated Luna.,active,baby,Luna,float,gen_test
1610,Luna was floated by the baby.,passive,baby,Luna,float,gen_test
1611,A cat missed a horse.,active,cat,horse,miss,gen_test
1611,A horse was missed by a cat.,passive,cat,horse,miss,gen_test
1612,The governor liked the cake.,active,governor,cake,like,train
1612,The cake was liked by the governor.,passive,governor,cake,like,train
1613,The girl rolled Noah.,active,girl,Noah,roll,train
1613,Noah was rolled by the girl.,passive,girl,Noah,roll,train
1614,The coach rolled Emma.,active,coach,Emma,roll,train
1614,Emma was rolled by the coach.,passive,coach,Emma,roll,train
1615,A girl painted a dog.,active,girl,dog,paint,val
1615,A dog was painted by a girl.,passive,girl,dog,paint,val
1616,The baby threw a cake.,active,baby,cake,throw,gen_test
1616,A cake was throwed by the baby.,passive,baby,cake,throw,gen_test
1617,The teacher snapped the cookie.,active,teacher,cookie,snap,train
1617,The cookie was snaped by the teacher.,passive,teacher,cookie,snap,train
1618,A horse improved the cow.,active,horse,cow,improve,gen_test
1618,The cow was improved by a horse.,passive,horse,cow,improve,gen_test
1619,The girl liked the drink.,active,girl,drink,like,train
1619,The drink was liked by the girl.,passive,girl,drink,like,train
1620,The girl pierced a squirrel.,active,girl,squirrel,pierce,train
1620,A squirrel was pierced by the girl.,passive,girl,squirrel,pierce,train
1621,A student held a cake.,active,student,cake,hold,train
1621,A cake was holded by a student.,passive,student,cake,hold,train
1622,The girl worshipped the boy.,active,girl,boy,worship,val
1622,The boy was worshiped by the girl.,passive,girl,boy,worship,val
1623,A girl found the boy.,active,girl,boy,find,train
1623,The boy was found by a girl.,passive,girl,boy,find,train
1624,The girl helped a cookie.,active,girl,cookie,help,train
1624,A cookie was helped by the girl.,passive,girl,cookie,help,train
1625,A boy pierced the toy.,active,boy,toy,pierce,val
1625,The toy was pierced by a boy.,passive,boy,toy,pierce,val
1626,A child liked the balloon.,active,child,balloon,like,gen_test
1626,The balloon was liked by a child.,passive,child,balloon,like,gen_test
1627,The wolf hunted the donut.,active,wolf,donut,hunt,train
1627,The donut was hunted by the wolf.,passive,wolf,donut,hunt,train
1628,The dog held the girl.,active,dog,girl,hold,gen_test
1628,The girl was holded by the dog.,passive,dog,girl,hold,gen_test
1629,A researcher valued the cake.,active,researcher,cake,value,train
1629,The cake was valued by a researcher.,passive,researcher,cake,value,train
1630,A girl rolled Riley.,active,girl,Riley,roll,train
1630,Riley was rolled by a girl.,passive,girl,Riley,roll,train
1631,A girl ate the guest.,active,girl,guest,eat,train
1631,The guest was eaten by a girl.,passive,girl,guest,eat,train
1632,The boy burned a cat.,active,boy,cat,burn,train
1632,A cat was burned by the boy.,passive,boy,cat,burn,train
1633,The crocodile adored the creature.,active,crocodile,creature,adore,train
1633,The creature was adored by the crocodile.,passive,crocodile,creature,adore,train
1634,A horse liked the monster.,active,horse,monster,like,gen_test
1634,The monster was liked by a horse.,passive,horse,monster,like,gen_test
1635,A bear knew a cake.,active,bear,cake,know,gen_test
1635,A cake was knowed by a bear.,passive,bear,cake,know,gen_test
1636,The girl liked the bottle.,active,girl,bottle,like,train
1636,The bottle was liked by the girl.,passive,girl,bottle,like,train
1637,A girl cleaned Sophia.,active,girl,Sophia,clean,train
1637,Sophia was cleaned by a girl.,passive,girl,Sophia,clean,train
1638,The child froze Mason.,active,child,Mason,freeze,gen_test
1638,Mason was freezed by the child.,passive,child,Mason,freeze,gen_test
1639,A girl helped a writer.,active,girl,writer,help,train
1639,A writer was helped by a girl.,passive,girl,writer,help,train
1640,A girl examined a block.,active,girl,block,examine,train
1640,A block was examined by a girl.,passive,girl,block,examine,train
1641,A boy hunted the baby.,active,boy,baby,hunt,train
1641,The baby was hunted by a boy.,passive,boy,baby,hunt,train
1642,A teacher floated a baby.,active,teacher,baby,float,train
1642,A baby was floated by a teacher.,passive,teacher,baby,float,train
1643,A passenger froze the dog.,active,passenger,dog,freeze,train
1643,The dog was freezed by a passenger.,passive,passenger,dog,freeze,train
1644,A kitty liked the cake.,active,kitty,cake,like,val
1644,The cake was liked by a kitty.,passive,kitty,cake,like,val
1645,A duke reddened Emma.,active,duke,Emma,redden,test
1645,Emma was reddened by a duke.,passive,duke,Emma,redden,test
1646,A girl rolled Harper.,active,girl,Harper,roll,val
1646,Harper was rolled by a girl.,passive,girl,Harper,roll,val
1647,The cat painted a cake.,active,cat,cake,paint,gen_test
1647,A cake was painted by the cat.,passive,cat,cake,paint,gen_test
1648,A girl liked Wyatt.,active,girl,Wyatt,like,train
1648,Wyatt was liked by a girl.,passive,girl,Wyatt,like,train
1649,A crocodile rolled Noah.,active,crocodile,Noah,roll,train
1649,Noah was rolled by a crocodile.,passive,crocodile,Noah,roll,train
1650,The cat respected Emma.,active,cat,Emma,respect,gen_test
1650,Emma was respected by the cat.,passive,cat,Emma,respect,gen_test
1651,The tiger froze the crayon.,active,tiger,crayon,freeze,train
1651,The crayon was freezed by the tiger.,passive,tiger,crayon,freeze,train
1652,The girl juggled the cat.,active,girl,cat,juggle,val
1652,The cat was juggled by the girl.,passive,girl,cat,juggle,val
1653,The sheep helped a pretzel.,active,sheep,pretzel,help,train
1653,A pretzel was helped by the sheep.,passive,sheep,pretzel,help,train
1654,A cat ate the boy.,active,cat,boy,eat,gen_test
1654,The boy was eaten by a cat.,passive,cat,boy,eat,gen_test
