pair_id,sentence,voice,agent,patient,verb,split
0,The actor called the artist.,active,actor,artist,call,gen_test
0,The artist was called by the actor.,passive,actor,artist,call,gen_test
1,The actor followed the artist.,active,actor,artist,follow,gen_test
1,The artist was followed by the actor.,passive,actor,artist,follow,gen_test
2,The actor helped the artist.,active,actor,artist,help,gen_test
2,The artist was helped by the actor.,passive,actor,artist,help,gen_test
3,The actor kicked the artist.,active,actor,artist,kick,gen_test
3,The artist was kicked by the actor.,passive,actor,artist,kick,gen_test
4,The actor liked the artist.,active,actor,artist,like,gen_test
4,The artist was liked by the actor.,passive,actor,artist,like,gen_test
5,The actor loved the artist.,active,actor,artist,love,gen_test
5,The artist was loved by the actor.,passive,actor,artist,love,gen_test
6,The actor touched the artist.,active,actor,artist,touch,gen_test
6,The artist was touched by the actor.,passive,actor,artist,touch,gen_test
7,The actor watched the artist.,active,actor,artist,watch,gen_test
7,The artist was watched by the actor.,passive,actor,artist,watch,gen_test
8,The actor called the baby.,active,actor,baby,call,train
8,The baby was called by the actor.,passive,actor,baby,call,train
9,The actor followed the baby.,active,actor,baby,follow,train
9,The baby was followed by the actor.,passive,actor,baby,follow,train
10,The actor helped the baby.,active,actor,baby,help,train
10,The baby was helped by the actor.,passive,actor,baby,help,train
11,The actor kicked the baby.,active,actor,baby,kick,test
11,The baby was kicked by the actor.,passive,actor,baby,kick,test
12,The actor liked the baby.,active,actor,baby,like,train
12,The baby was liked by the actor.,passive,actor,baby,like,train
13,The actor loved the baby.,active,actor,baby,love,train
13,The baby was loved by the actor.,passive,actor,baby,love,train
14,The actor touched the baby.,active,actor,baby,touch,train
14,The baby was touched by the actor.,passive,actor,baby,touch,train
15,The actor watched the baby.,active,actor,baby,watch,train
15,The baby was watched by the actor.,passive,actor,baby,watch,train
16,The actor called the boy.,active,actor,boy,call,train
16,The boy was called by the actor.,passive,actor,boy,call,train
17,The actor followed the boy.,active,actor,boy,follow,train
17,The boy was followed by the actor.,passive,actor,boy,follow,train
18,The actor helped the boy.,active,actor,boy,help,train
18,The boy was helped by the actor.,passive,actor,boy,help,train
19,The actor kicked the boy.,active,actor,boy,kick,train
19,The boy was kicked by the actor.,passive,actor,boy,kick,train
20,The actor liked the boy.,active,actor,boy,like,train
20,The boy was liked by the actor.,passive,actor,boy,like,train
21,The actor loved the boy.,active,actor,boy,love,train
21,The boy was loved by the actor.,passive,actor,boy,love,train
22,The actor touched the boy.,active,actor,boy,touch,train
22,The boy was touched by the actor.,passive,actor,boy,touch,train
23,The actor watched the boy.,active,actor,boy,watch,train
23,The boy was watched by the actor.,passive,actor,boy,watch,train
24,The actor called the child.,active,actor,child,call,gen_test
24,The child was called by the actor.,passive,actor,child,call,gen_test
25,The actor followed the child.,active,actor,child,follow,gen_test
25,The child was followed by the actor.,passive,actor,child,follow,gen_test
26,The actor helped the child.,active,actor,child,help,gen_test
26,The child was helped by the actor.,passive,actor,child,help,gen_test
27,The actor kicked the child.,active,actor,child,kick,gen_test
27,The child was kicked by the actor.,passive,actor,child,kick,gen_test
28,The actor liked the child.,active,actor,child,like,gen_test
28,The child was liked by the actor.,passive,actor,child,like,gen_test
29,The actor loved the child.,active,actor,child,love,gen_test
29,The child was loved by the actor.,passive,actor,child,love,gen_test
30,The actor touched the child.,active,actor,child,touch,gen_test
30,The child was touched by the actor.,passive,actor,child,touch,gen_test
31,The actor watched the child.,active,actor,child,watch,gen_test
31,The child was watched by the actor.,passive,actor,child,watch,gen_test
32,The actor called the doctor.,active,actor,doctor,call,train
32,The doctor was called by the actor.,passive,actor,doctor,call,train
33,The actor followed the doctor.,active,actor,doctor,follow,train
33,The doctor was followed by the actor.,passive,actor,doctor,follow,train
34,The actor helped the doctor.,active,actor,doctor,help,train
34,The doctor was helped by the actor.,passive,actor,doctor,help,train
35,The actor kicked the doctor.,active,actor,doctor,kick,train
35,The doctor was kicked by the actor.,passive,actor,doctor,kick,train
36,The actor liked the doctor.,active,actor,doctor,like,train
36,The doctor was liked by the actor.,passive,actor,doctor,like,train
37,The actor loved the doctor.,active,actor,doctor,love,train
37,The doctor was loved by the actor.,passive,actor,doctor,love,train
38,The actor touched the doctor.,active,actor,doctor,touch,test
38,The doctor was touched by the actor.,passive,actor,doctor,touch,test
39,The actor watched the doctor.,active,actor,doctor,watch,val
39,The doctor was watched by the actor.,passive,actor,doctor,watch,val
40,The actor called the farmer.,active,actor,farmer,call,train
40,The farmer was called by the actor.,passive,actor,farmer,call,train
41,The actor followed the farmer.,active,actor,farmer,follow,test
41,The farmer was followed by the actor.,passive,actor,farmer,follow,test
42,The actor helped the farmer.,active,actor,farmer,help,train
42,The farmer was helped by the actor.,passive,actor,farmer,help,train
43,The actor kicked the farmer.,active,actor,farmer,kick,test
43,The farmer was kicked by the actor.,passive,actor,farmer,kick,test
44,The actor liked the farmer.,active,actor,farmer,like,train
44,The farmer was liked by the actor.,passive,actor,farmer,like,train
45,The actor loved the farmer.,active,actor,farmer,love,train
45,The farmer was loved by the actor.,passive,actor,farmer,love,train
46,The actor touched the farmer.,active,actor,farmer,touch,test
46,The farmer was touched by the actor.,passive,actor,farmer,touch,test
47,The actor watched the farmer.,active,actor,farmer,watch,train
47,The farmer was watched by the actor.,passive,actor,farmer,watch,train
48,The actor called the girl.,active,actor,girl,call,test
48,The girl was called by the actor.,passive,actor,girl,call,test
49,The actor followed the girl.,active,actor,girl,follow,train
49,The girl was followed by the actor.,passive,actor,girl,follow,train
50,The actor helped the girl.,active,actor,girl,help,train
50,The girl was helped by the actor.,passive,actor,girl,help,train
51,The actor kicked the girl.,active,actor,girl,kick,val
51,The girl was kicked by the actor.,passive,actor,girl,kick,val
52,The actor liked the girl.,active,actor,girl,like,val
52,The girl was liked by the actor.,passive,actor,girl,like,val
53,The actor loved the girl.,active,actor,girl,love,train
53,The girl was loved by the actor.,passive,actor,girl,love,train
54,The actor touched the girl.,active,actor,girl,touch,train
54,The girl was touched by the actor.,passive,actor,girl,touch,train
55,The actor watched the girl.,active,actor,girl,watch,train
55,The girl was watched by the actor.,passive,actor,girl,watch,train
56,The actor called the king.,active,actor,king,call,val
56,The king was called by the actor.,passive,actor,king,call,val
57,The actor followed the king.,active,actor,king,follow,train
57,The king was followed by the actor.,passive,actor,king,follow,train
58,The actor helped the king.,active,actor,king,help,train
58,The king was helped by the actor.,passive,actor,king,help,train
59,The actor kicked the king.,active,actor,king,kick,train
59,The king was kicked by the actor.,passive,actor,king,kick,train
60,The actor liked the king.,active,actor,king,like,train
60,The king was liked by the actor.,passive,actor,king,like,train
61,The actor loved the king.,active,actor,king,love,train
61,The king was loved by the actor.,passive,actor,king,love,train
62,The actor touched the king.,active,actor,king,touch,train
62,The king was touched by the actor.,passive,actor,king,touch,train
63,The actor watched the king.,active,actor,king,watch,test
63,The king was watched by the actor.,passive,actor,king,watch,test
64,The actor called the man.,active,actor,man,call,train
64,The man was called by the actor.,passive,actor,man,call,train
65,The actor followed the man.,active,actor,man,follow,test
65,The man was followed by the actor.,passive,actor,man,follow,test
66,The actor helped the man.,active,actor,man,help,train
66,The man was helped by the actor.,passive,actor,man,help,train
67,The actor kicked the man.,active,actor,man,kick,val
67,The man was kicked by the actor.,passive,actor,man,kick,val
68,The actor liked the man.,active,actor,man,like,test
68,The man was liked by the actor.,passive,actor,man,like,test
69,The actor loved the man.,active,actor,man,love,train
69,The man was loved by the actor.,passive,actor,man,love,train
70,The actor touched the man.,active,actor,man,touch,train
70,The man was touched by the actor.,passive,actor,man,touch,train
71,The actor watched the man.,active,actor,man,watch,train
71,The man was watched by the actor.,passive,actor,man,watch,train
72,The actor called the nurse.,active,actor,nurse,call,train
72,The nurse was called by the actor.,passive,actor,nurse,call,train
73,The actor followed the nurse.,active,actor,nurse,follow,train
73,The nurse was followed by the actor.,passive,actor,nurse,follow,train
74,The actor helped the nurse.,active,actor,nurse,help,train
74,The nurse was helped by the actor.,passive,actor,nurse,help,train
75,The actor kicked the nurse.,active,actor,nurse,kick,train
75,The nurse was kicked by the actor.,passive,actor,nurse,kick,train
76,The actor liked the nurse.,active,actor,nurse,like,train
76,The nurse was liked by the actor.,passive,actor,nurse,like,train
77,The actor loved the nurse.,active,actor,nurse,love,train
77,The nurse was loved by the actor.,passive,actor,nurse,love,train
78,The actor touched the nurse.,active,actor,nurse,touch,train
78,The nurse was touched by the actor.,passive,actor,nurse,touch,train
79,The actor watched the nurse.,active,actor,nurse,watch,test
79,The nurse was watched by the actor.,passive,actor,nurse,watch,test
80,The actor called the queen.,active,actor,queen,call,train
80,The queen was called by the actor.,passive,actor,queen,call,train
81,The actor followed the queen.,active,actor,queen,follow,train
81,The queen was followed by the actor.,passive,actor,queen,follow,train
82,The actor helped the queen.,active,actor,queen,help,train
82,The queen was helped by the actor.,passive,actor,queen,help,train
83,The actor kicked the queen.,active,actor,queen,kick,train
83,The queen was kicked by the actor.,passive,actor,queen,kick,train
84,The actor liked the queen.,active,actor,queen,like,train
84,The queen was liked by the actor.,passive,actor,queen,like,train
85,The actor loved the queen.,active,actor,queen,love,train
85,The queen was loved by the actor.,passive,actor,queen,love,train
86,The actor touched the queen.,active,actor,queen,touch,train
86,The queen was touched by the actor.,passive,actor,queen,touch,train
87,The actor watched the queen.,active,actor,queen,watch,train
87,The queen was watched by the actor.,passive,actor,queen,watch,train
88,The actor called the soldier.,active,actor,soldier,call,gen_test
88,The soldier was called by the actor.,passive,actor,soldier,call,gen_test
89,The actor followed the soldier.,active,actor,soldier,follow,gen_test
89,The soldier was followed by the actor.,passive,actor,soldier,follow,gen_test
90,The actor helped the soldier.,active,actor,soldier,help,gen_test
90,The soldier was helped by the actor.,passive,actor,soldier,help,gen_test
91,The actor kicked the soldier.,active,actor,soldier,kick,gen_test
91,The soldier was kicked by the actor.,passive,actor,soldier,kick,gen_test
92,The actor liked the soldier.,active,actor,soldier,like,gen_test
92,The soldier was liked by the actor.,passive,actor,soldier,like,gen_test
93,The actor loved the soldier.,active,actor,soldier,love,gen_test
93,The soldier was loved by the actor.,passive,actor,soldier,love,gen_test
94,The actor touched the soldier.,active,actor,soldier,touch,gen_test
94,The soldier was touched by the actor.,passive,actor,soldier,touch,gen_test
95,The actor watched the soldier.,active,actor,soldier,watch,gen_test
95,The soldier was watched by the actor.,passive,actor,soldier,watch,gen_test
96,The actor called the student.,active,actor,student,call,train
96,The student was called by the actor.,passive,actor,student,call,train
97,The actor followed the student.,active,actor,student,follow,train
97,The student was followed by the actor.,passive,actor,student,follow,train
98,The actor helped the student.,active,actor,student,help,train
98,The student was helped by the actor.,passive,actor,student,help,train
99,The actor kicked the student.,active,actor,student,kick,train
99,The student was kicked by the actor.,passive,actor,student,kick,train
100,The actor liked the student.,active,actor,student,like,train
100,The student was liked by the actor.,passive,actor,student,like,train
101,The actor loved the student.,active,actor,student,love,train
101,The student was loved by the actor.,passive,actor,student,love,train
102,The actor touched the student.,active,actor,student,touch,train
102,The student was touched by the actor.,passive,actor,student,touch,train
103,The actor watched the student.,active,actor,student,watch,test
103,The student was watched by the actor.,passive,actor,student,watch,test
104,The actor called the teacher.,active,actor,teacher,call,gen_test
104,The teacher was called by the actor.,passive,actor,teacher,call,gen_test
105,The actor followed the teacher.,active,actor,teacher,follow,gen_test
105,The teacher was followed by the actor.,passive,actor,teacher,follow,gen_test
106,The actor helped the teacher.,active,actor,teacher,help,gen_test
106,The teacher was helped by the actor.,passive,actor,teacher,help,gen_test
107,The actor kicked the teacher.,active,actor,teacher,kick,gen_test
107,The teacher was kicked by the actor.,passive,actor,teacher,kick,gen_test
108,The actor liked the teacher.,active,actor,teacher,like,gen_test
108,The teacher was liked by the actor.,passive,actor,teacher,like,gen_test
109,The actor loved the teacher.,active,actor,teacher,love,gen_test
109,The teacher was loved by the actor.,passive,actor,teacher,love,gen_test
110,The actor touched the teacher.,active,actor,teacher,touch,gen_test
110,The teacher was touched by the actor.,passive,actor,teacher,touch,gen_test
111,The actor watched the teacher.,active,actor,teacher,watch,gen_test
111,The teacher was watched by the actor.,passive,actor,teacher,watch,gen_test
112,The actor called the woman.,active,actor,woman,call,train
112,The woman was called by the actor.,passive,actor,woman,call,train
113,The actor followed the woman.,active,actor,woman,follow,test
113,The woman was followed by the actor.,passive,actor,woman,follow,test
114,The actor helped the woman.,active,actor,woman,help,train
114,The woman was helped by the actor.,passive,actor,woman,help,train
115,The actor kicked the woman.,active,actor,woman,kick,val
115,The woman was kicked by the actor.,passive,actor,woman,kick,val
116,The actor liked the woman.,active,actor,woman,like,train
116,The woman was liked by the actor.,passive,actor,woman,like,train
117,The actor loved the woman.,active,actor,woman,love,train
117,The woman was loved by the actor.,passive,actor,woman,love,train
118,The actor touched the woman.,active,actor,woman,touch,train
118,The woman was touched by the actor.,passive,actor,woman,touch,train
119,The actor watched the woman.,active,actor,woman,watch,val
119,The woman was watched by the actor.,passive,actor,woman,watch,val
120,The artist called the actor.,active,artist,actor,call,gen_test
120,The actor was called by the artist.,passive,artist,actor,call,gen_test
121,The artist followed the actor.,active,artist,actor,follow,gen_test
121,The actor was followed by the artist.,passive,artist,actor,follow,gen_test
122,The artist helped the actor.,active,artist,actor,help,gen_test
122,The actor was helped by the artist.,passive,artist,actor,help,gen_test
123,The artist kicked the actor.,active,artist,actor,kick,gen_test
123,The actor was kicked by the artist.,passive,artist,actor,kick,gen_test
124,The artist liked the actor.,active,artist,actor,like,gen_test
124,The actor was liked by the artist.,passive,artist,actor,like,gen_test
125,The artist loved the actor.,active,artist,actor,love,gen_test
125,The actor was loved by the artist.,passive,artist,actor,love,gen_test
126,The artist touched the actor.,active,artist,actor,touch,gen_test
126,The actor was touched by the artist.,passive,artist,actor,touch,gen_test
127,The artist watched the actor.,active,artist,actor,watch,gen_test
127,The actor was watched by the artist.,passive,artist,actor,watch,gen_test
128,The artist called the baby.,active,artist,baby,call,gen_test
128,The baby was called by the artist.,passive,artist,baby,call,gen_test
129,The artist followed the baby.,active,artist,baby,follow,gen_test
129,The baby was followed by the artist.,passive,artist,baby,follow,gen_test
130,The artist helped the baby.,active,artist,baby,help,gen_test
130,The baby was helped by the artist.,passive,artist,baby,help,gen_test
131,The artist kicked the baby.,active,artist,baby,kick,gen_test
131,The baby was kicked by the artist.,passive,artist,baby,kick,gen_test
132,The artist liked the baby.,active,artist,baby,like,gen_test
132,The baby was liked by the artist.,passive,artist,baby,like,gen_test
133,The artist loved the baby.,active,artist,baby,love,gen_test
133,The baby was loved by the artist.,passive,artist,baby,love,gen_test
134,The artist touched the baby.,active,artist,baby,touch,gen_test
134,The baby was touched by the artist.,passive,artist,baby,touch,gen_test
135,The artist watched the baby.,active,artist,baby,watch,gen_test
135,The baby was watched by the artist.,passive,artist,baby,watch,gen_test
136,The artist called the boy.,active,artist,boy,call,gen_test
136,The boy was called by the artist.,passive,artist,boy,call,gen_test
137,The artist followed the boy.,active,artist,boy,follow,gen_test
137,The boy was followed by the artist.,passive,artist,boy,follow,gen_test
138,The artist helped the boy.,active,artist,boy,help,gen_test
138,The boy was helped by the artist.,passive,artist,boy,help,gen_test
139,The artist kicked the boy.,active,artist,boy,kick,gen_test
139,The boy was kicked by the artist.,passive,artist,boy,kick,gen_test
140,The artist liked the boy.,active,artist,boy,like,gen_test
140,The boy was liked by the artist.,passive,artist,boy,like,gen_test
141,The artist loved the boy.,active,artist,boy,love,gen_test
141,The boy was loved by the artist.,passive,artist,boy,love,gen_test
142,The artist touched the boy.,active,artist,boy,touch,gen_test
142,The boy was touched by the artist.,passive,artist,boy,touch,gen_test
143,The artist watched the boy.,active,artist,boy,watch,gen_test
143,The boy was watched by the artist.,passive,artist,boy,watch,gen_test
144,The artist called the child.,active,artist,child,call,gen_test
144,The child was called by the artist.,passive,artist,child,call,gen_test
145,The artist followed the child.,active,artist,child,follow,gen_test
145,The child was followed by the artist.,passive,artist,child,follow,gen_test
146,The artist helped the child.,active,artist,child,help,gen_test
146,The child was helped by the artist.,passive,artist,child,help,gen_test
147,The artist kicked the child.,active,artist,child,kick,gen_test
147,The child was kicked by the artist.,passive,artist,child,kick,gen_test
148,The artist liked the child.,active,artist,child,like,gen_test
148,The child was liked by the artist.,passive,artist,child,like,gen_test
149,The artist loved the child.,active,artist,child,love,gen_test
149,The child was loved by the artist.,passive,artist,child,love,gen_test
150,The artist touched the child.,active,artist,child,touch,gen_test
150,The child was touched by the artist.,passive,artist,child,touch,gen_test
151,The artist watched the child.,active,artist,child,watch,gen_test
151,The child was watched by the artist.,passive,artist,child,watch,gen_test
152,The artist called the doctor.,active,artist,doctor,call,gen_test
152,The doctor was called by the artist.,passive,artist,doctor,call,gen_test
153,The artist followed the doctor.,active,artist,doctor,follow,gen_test
153,The doctor was followed by the artist.,passive,artist,doctor,follow,gen_test
154,The artist helped the doctor.,active,artist,doctor,help,gen_test
154,The doctor was helped by the artist.,passive,artist,doctor,help,gen_test
155,The artist kicked the doctor.,active,artist,doctor,kick,gen_test
155,The doctor was kicked by the artist.,passive,artist,doctor,kick,gen_test
156,The artist liked the doctor.,active,artist,doctor,like,gen_test
156,The doctor was liked by the artist.,passive,artist,doctor,like,gen_test
157,The artist loved the doctor.,active,artist,doctor,love,gen_test
157,The doctor was loved by the artist.,passive,artist,doctor,love,gen_test
158,The artist touched the doctor.,active,artist,doctor,touch,gen_test
158,The doctor was touched by the artist.,passive,artist,doctor,touch,gen_test
159,The artist watched the doctor.,active,artist,doctor,watch,gen_test
159,The doctor was watched by the artist.,passive,artist,doctor,watch,gen_test
160,The artist called the farmer.,active,artist,farmer,call,gen_test
160,The farmer was called by the artist.,passive,artist,farmer,call,gen_test
161,The artist followed the farmer.,active,artist,farmer,follow,gen_test
161,The farmer was followed by the artist.,passive,artist,farmer,follow,gen_test
162,The artist helped the farmer.,active,artist,farmer,help,gen_test
162,The farmer was helped by the artist.,passive,artist,farmer,help,gen_test
163,The artist kicked the farmer.,active,artist,farmer,kick,gen_test
163,The farmer was kicked by the artist.,passive,artist,farmer,kick,gen_test
164,The artist liked the farmer.,active,artist,farmer,like,gen_test
164,The farmer was liked by the artist.,passive,artist,farmer,like,gen_test
165,The artist loved the farmer.,active,artist,farmer,love,gen_test
165,The farmer was loved by the artist.,passive,artist,farmer,love,gen_test
166,The artist touched the farmer.,active,artist,farmer,touch,gen_test
166,The farmer was touched by the artist.,passive,artist,farmer,touch,gen_test
167,The artist watched the farmer.,active,artist,farmer,watch,gen_test
167,The farmer was watched by the artist.,passive,artist,farmer,watch,gen_test
168,The artist called the girl.,active,artist,girl,call,gen_test
168,The girl was called by the artist.,passive,artist,girl,call,gen_test
169,The artist followed the girl.,active,artist,girl,follow,gen_test
169,The girl was followed by the artist.,passive,artist,girl,follow,gen_test
170,The artist helped the girl.,active,artist,girl,help,gen_test
170,The girl was helped by the artist.,passive,artist,girl,help,gen_test
171,The artist kicked the girl.,active,artist,girl,kick,gen_test
171,The girl was kicked by the artist.,passive,artist,girl,kick,gen_test
172,The artist liked the girl.,active,artist,girl,like,gen_test
172,The girl was liked by the artist.,passive,artist,girl,like,gen_test
173,The artist loved the girl.,active,artist,girl,love,gen_test
173,The girl was loved by the artist.,passive,artist,girl,love,gen_test
174,The artist touched the girl.,active,artist,girl,touch,gen_test
174,The girl was touched by the artist.,passive,artist,girl,touch,gen_test
175,The artist watched the girl.,active,artist,girl,watch,gen_test
175,The girl was watched by the artist.,passive,artist,girl,watch,gen_test
176,The artist called the king.,active,artist,king,call,gen_test
176,The king was called by the artist.,passive,artist,king,call,gen_test
177,The artist followed the king.,active,artist,king,follow,gen_test
177,The king was followed by the artist.,passive,artist,king,follow,gen_test
178,The artist helped the king.,active,artist,king,help,gen_test
178,The king was helped by the artist.,passive,artist,king,help,gen_test
179,The artist kicked the king.,active,artist,king,kick,gen_test
179,The king was kicked by the artist.,passive,artist,king,kick,gen_test
180,The artist liked the king.,active,artist,king,like,gen_test
180,The king was liked by the artist.,passive,artist,king,like,gen_test
181,The artist loved the king.,active,artist,king,love,gen_test
181,The king was loved by the artist.,passive,artist,king,love,gen_test
182,The artist touched the king.,active,artist,king,touch,gen_test
182,The king was touched by the artist.,passive,artist,king,touch,gen_test
183,The artist watched the king.,active,artist,king,watch,gen_test
183,The king was watched by the artist.,passive,artist,king,watch,gen_test
184,The artist called the man.,active,artist,man,call,gen_test
184,The man was called by the artist.,passive,artist,man,call,gen_test
185,The artist followed the man.,active,artist,man,follow,gen_test
185,The man was followed by the artist.,passive,artist,man,follow,gen_test
186,The artist helped the man.,active,artist,man,help,gen_test
186,The man was helped by the artist.,passive,artist,man,help,gen_test
187,The artist kicked the man.,active,artist,man,kick,gen_test
187,The man was kicked by the artist.,passive,artist,man,kick,gen_test
188,The artist liked the man.,active,artist,man,like,gen_test
188,The man was liked by the artist.,passive,artist,man,like,gen_test
189,The artist loved the man.,active,artist,man,love,gen_test
189,The man was loved by the artist.,passive,artist,man,love,gen_test
190,The artist touched the man.,active,artist,man,touch,gen_test
190,The man was touched by the artist.,passive,artist,man,touch,gen_test
191,The artist watched the man.,active,artist,man,watch,gen_test
191,The man was watched by the artist.,passive,artist,man,watch,gen_test
192,The artist called the nurse.,active,artist,nurse,call,gen_test
192,The nurse was called by the artist.,passive,artist,nurse,call,gen_test
193,The artist followed the nurse.,active,artist,nurse,follow,gen_test
193,The nurse was followed by the artist.,passive,artist,nurse,follow,gen_test
194,The artist helped the nurse.,active,artist,nurse,help,gen_test
194,The nurse was helped by the artist.,passive,artist,nurse,help,gen_test
195,The artist kicked the nurse.,active,artist,nurse,kick,gen_test
195,The nurse was kicked by the artist.,passive,artist,nurse,kick,gen_test
196,The artist liked the nurse.,active,artist,nurse,like,gen_test
196,The nurse was liked by the artist.,passive,artist,nurse,like,gen_test
197,The artist loved the nurse.,active,artist,nurse,love,gen_test
197,The nurse was loved by the artist.,passive,artist,nurse,love,gen_test
198,The artist touched the nurse.,active,artist,nurse,touch,gen_test
198,The nurse was touched by the artist.,passive,artist,nurse,touch,gen_test
199,The artist watched the nurse.,active,artist,nurse,watch,gen_test
199,The nurse was watched by the artist.,passive,artist,nurse,watch,gen_test
200,The artist called the queen.,active,artist,queen,call,gen_test
200,The queen was called by the artist.,passive,artist,queen,call,gen_test
201,The artist followed the queen.,active,artist,queen,follow,gen_test
201,The queen was followed by the artist.,passive,artist,queen,follow,gen_test
202,The artist helped the queen.,active,artist,queen,help,gen_test
202,The queen was helped by the artist.,passive,artist,queen,help,gen_test
203,The artist kicked the queen.,active,artist,queen,kick,gen_test
203,The queen was kicked by the artist.,passive,artist,queen,kick,gen_test
204,The artist liked the queen.,active,artist,queen,like,gen_test
204,The queen was liked by the artist.,passive,artist,queen,like,gen_test
205,The artist loved the queen.,active,artist,queen,love,gen_test
205,The queen was loved by the artist.,passive,artist,queen,love,gen_test
206,The artist touched the queen.,active,artist,queen,touch,gen_test
206,The queen was touched by the artist.,passive,artist,queen,touch,gen_test
207,The artist watched the queen.,active,artist,queen,watch,gen_test
207,The queen was watched by the artist.,passive,artist,queen,watch,gen_test
208,The artist called the soldier.,active,artist,soldier,call,gen_test
208,The soldier was called by the artist.,passive,artist,soldier,call,gen_test
209,The artist followed the soldier.,active,artist,soldier,follow,gen_test
209,The soldier was followed by the artist.,passive,artist,soldier,follow,gen_test
210,The artist helped the soldier.,active,artist,soldier,help,gen_test
210,The soldier was helped by the artist.,passive,artist,soldier,help,gen_test
211,The artist kicked the soldier.,active,artist,soldier,kick,gen_test
211,The soldier was kicked by the artist.,passive,artist,soldier,kick,gen_test
212,The artist liked the soldier.,active,artist,soldier,like,gen_test
212,The soldier was liked by the artist.,passive,artist,soldier,like,gen_test
213,The artist loved the soldier.,active,artist,soldier,love,gen_test
213,The soldier was loved by the artist.,passive,artist,soldier,love,gen_test
214,The artist touched the soldier.,active,artist,soldier,touch,gen_test
214,The soldier was touched by the artist.,passive,artist,soldier,touch,gen_test
215,The artist watched the soldier.,active,artist,soldier,watch,gen_test
215,The soldier was watched by the artist.,passive,artist,soldier,watch,gen_test
216,The artist called the student.,active,artist,student,call,gen_test
216,The student was called by the artist.,passive,artist,student,call,gen_test
217,The artist followed the student.,active,artist,student,follow,gen_test
217,The student was followed by the artist.,passive,artist,student,follow,gen_test
218,The artist helped the student.,active,artist,student,help,gen_test
218,The student was helped by the artist.,passive,artist,student,help,gen_test
219,The artist kicked the student.,active,artist,student,kick,gen_test
219,The student was kicked by the artist.,passive,artist,student,kick,gen_test
220,The artist liked the student.,active,artist,student,like,gen_test
220,The student was liked by the artist.,passive,artist,student,like,gen_test
221,The artist loved the student.,active,artist,student,love,gen_test
221,The student was loved by the artist.,passive,artist,student,love,gen_test
222,The artist touched the student.,active,artist,student,touch,gen_test
222,The student was touched by the artist.,passive,artist,student,touch,gen_test
223,The artist watched the student.,active,artist,student,watch,gen_test
223,The student was watched by the artist.,passive,artist,student,watch,gen_test
224,The artist called the teacher.,active,artist,teacher,call,gen_test
224,The teacher was called by the artist.,passive,artist,teacher,call,gen_test
225,The artist followed the teacher.,active,artist,teacher,follow,gen_test
225,The teacher was followed by the artist.,passive,artist,teacher,follow,gen_test
226,The artist helped the teacher.,active,artist,teacher,help,gen_test
226,The teacher was helped by the artist.,passive,artist,teacher,help,gen_test
227,The artist kicked the teacher.,active,artist,teacher,kick,gen_test
227,The teacher was kicked by the artist.,passive,artist,teacher,kick,gen_test
228,The artist liked the teacher.,active,artist,teacher,like,gen_test
228,The teacher was liked by the artist.,passive,artist,teacher,like,gen_test
229,The artist loved the teacher.,active,artist,teacher,love,gen_test
229,The teacher was loved by the artist.,passive,artist,teacher,love,gen_test
230,The artist touched the teacher.,active,artist,teacher,touch,gen_test
230,The teacher was touched by the artist.,passive,artist,teacher,touch,gen_test
231,The artist watched the teacher.,active,artist,teacher,watch,gen_test
231,The teacher was watched by the artist.,passive,artist,teacher,watch,gen_test
232,The artist called the woman.,active,artist,woman,call,gen_test
232,The woman was called by the artist.,passive,artist,woman,call,gen_test
233,The artist followed the woman.,active,artist,woman,follow,gen_test
233,The woman was followed by the artist.,passive,artist,woman,follow,gen_test
234,The artist helped the woman.,active,artist,woman,help,gen_test
234,The woman was helped by the artist.,passive,artist,woman,help,gen_test
235,The artist kicked the woman.,active,artist,woman,kick,gen_test
235,The woman was kicked by the artist.,passive,artist,woman,kick,gen_test
236,The artist liked the woman.,active,artist,woman,like,gen_test
236,The woman was liked by the artist.,passive,artist,woman,like,gen_test
237,The artist loved the woman.,active,artist,woman,love,gen_test
237,The woman was loved by the artist.,passive,artist,woman,love,gen_test
238,The artist touched the woman.,active,artist,woman,touch,gen_test
238,The woman was touched by the artist.,passive,artist,woman,touch,gen_test
239,The artist watched the woman.,active,artist,woman,watch,gen_test
239,The woman was watched by the artist.,passive,artist,woman,watch,gen_test
240,The baby called the actor.,active,baby,actor,call,train
240,The actor was called by the baby.,passive,baby,actor,call,train
241,The baby followed the actor.,active,baby,actor,follow,train
241,The actor was followed by the baby.,passive,baby,actor,follow,train
242,The baby helped the actor.,active,baby,actor,help,train
242,The actor was helped by the baby.,passive,baby,actor,help,train
243,The baby kicked the actor.,active,baby,actor,kick,test
243,The actor was kicked by the baby.,passive,baby,actor,kick,test
244,The baby liked the actor.,active,baby,actor,like,train
244,The actor was liked by the baby.,passive,baby,actor,like,train
245,The baby loved the actor.,active,baby,actor,love,train
245,The actor was loved by the baby.,passive,baby,actor,love,train
246,The baby touched the actor.,active,baby,actor,touch,train
246,The actor was touched by the baby.,passive,baby,actor,touch,train
247,The baby watched the actor.,active,baby,actor,watch,train
247,The actor was watched by the baby.,passive,baby,actor,watch,train
248,The baby called the artist.,active,baby,artist,call,gen_test
248,The artist was called by the baby.,passive,baby,artist,call,gen_test
249,The baby followed the artist.,active,baby,artist,follow,gen_test
249,The artist was followed by the baby.,passive,baby,artist,follow,gen_test
250,The baby helped the artist.,active,baby,artist,help,gen_test
250,The artist was helped by the baby.,passive,baby,artist,help,gen_test
251,The baby kicked the artist.,active,baby,artist,kick,gen_test
251,The artist was kicked by the baby.,passive,baby,artist,kick,gen_test
252,The baby liked the artist.,active,baby,artist,like,gen_test
252,The artist was liked by the baby.,passive,baby,artist,like,gen_test
253,The baby loved the artist.,active,baby,artist,love,gen_test
253,The artist was loved by the baby.,passive,baby,artist,love,gen_test
254,The baby touched the artist.,active,baby,artist,touch,gen_test
254,The artist was touched by the baby.,passive,baby,artist,touch,gen_test
255,The baby watched the artist.,active,baby,artist,watch,gen_test
255,The artist was watched by the baby.,passive,baby,artist,watch,gen_test
256,The baby called the boy.,active,baby,boy,call,train
256,The boy was called by the baby.,passive,baby,boy,call,train
257,The baby followed the boy.,active,baby,boy,follow,test
257,The boy was followed by the baby.,passive,baby,boy,follow,test
258,The baby helped the boy.,active,baby,boy,help,train
258,The boy was helped by the baby.,passive,baby,boy,help,train
259,The baby kicked the boy.,active,baby,boy,kick,train
259,The boy was kicked by the baby.,passive,baby,boy,kick,train
260,The baby liked the boy.,active,baby,boy,like,train
260,The boy was liked by the baby.,passive,baby,boy,like,train
261,The baby loved the boy.,active,baby,boy,love,train
261,The boy was loved by the baby.,passive,baby,boy,love,train
262,The baby touched the boy.,active,baby,boy,touch,train
262,The boy was touched by the baby.,passive,baby,boy,touch,train
263,The baby watched the boy.,active,baby,boy,watch,test
263,The boy was watched by the baby.,passive,baby,boy,watch,test
264,The baby called the child.,active,baby,child,call,gen_test
264,The child was called by the baby.,passive,baby,child,call,gen_test
265,The baby followed the child.,active,baby,child,follow,gen_test
265,The child was followed by the baby.,passive,baby,child,follow,gen_test
266,The baby helped the child.,active,baby,child,help,gen_test
266,The child was helped by the baby.,passive,baby,child,help,gen_test
267,The baby kicked the child.,active,baby,child,kick,gen_test
267,The child was kicked by the baby.,passive,baby,child,kick,gen_test
268,The baby liked the child.,active,baby,child,like,gen_test
268,The child was liked by the baby.,passive,baby,child,like,gen_test
269,The baby loved the child.,active,baby,child,love,gen_test
269,The child was loved by the baby.,passive,baby,child,love,gen_test
270,The baby touched the child.,active,baby,child,touch,gen_test
270,The child was touched by the baby.,passive,baby,child,touch,gen_test
271,The baby watched the child.,active,baby,child,watch,gen_test
271,The child was watched by the baby.,passive,baby,child,watch,gen_test
272,The baby called the doctor.,active,baby,doctor,call,train
272,The doctor was called by the baby.,passive,baby,doctor,call,train
273,The baby followed the doctor.,active,baby,doctor,follow,train
273,The doctor was followed by the baby.,passive,baby,doctor,follow,train
274,The baby helped the doctor.,active,baby,doctor,help,val
274,The doctor was helped by the baby.,passive,baby,doctor,help,val
275,The baby kicked the doctor.,active,baby,doctor,kick,train
275,The doctor was kicked by the baby.,passive,baby,doctor,kick,train
276,The baby liked the doctor.,active,baby,doctor,like,train
276,The doctor was liked by the baby.,passive,baby,doctor,like,train
277,The baby loved the doctor.,active,baby,doctor,love,train
277,The doctor was loved by the baby.,passive,baby,doctor,love,train
278,The baby touched the doctor.,active,baby,doctor,touch,train
278,The doctor was touched by the baby.,passive,baby,doctor,touch,train
279,The baby watched the doctor.,active,baby,doctor,watch,train
279,The doctor was watched by the baby.,passive,baby,doctor,watch,train
280,The baby called the farmer.,active,baby,farmer,call,test
280,The farmer was called by the baby.,passive,baby,farmer,call,test
281,The baby followed the farmer.,active,baby,farmer,follow,train
281,The farmer was followed by the baby.,passive,baby,farmer,follow,train
282,The baby helped the farmer.,active,baby,farmer,help,train
282,The farmer was helped by the baby.,passive,baby,farmer,help,train
283,The baby kicked the farmer.,active,baby,farmer,kick,val
283,The farmer was kicked by the baby.,passive,baby,farmer,kick,val
284,The baby liked the farmer.,active,baby,farmer,like,train
284,The farmer was liked by the baby.,passive,baby,farmer,like,train
285,The baby loved the farmer.,active,baby,farmer,love,train
285,The farmer was loved by the baby.,passive,baby,farmer,love,train
286,The baby touched the farmer.,active,baby,farmer,touch,test
286,The farmer was touched by the baby.,passive,baby,farmer,touch,test
287,The baby watched the farmer.,active,baby,farmer,watch,train
287,The farmer was watched by the baby.,passive,baby,farmer,watch,train
288,The baby called the girl.,active,baby,girl,call,test
288,The girl was called by the baby.,passive,baby,girl,call,test
289,The baby followed the girl.,active,baby,girl,follow,train
289,The girl was followed by the baby.,passive,baby,girl,follow,train
290,The baby helped the girl.,active,baby,girl,help,test
290,The girl was helped by the baby.,passive,baby,girl,help,test
291,The baby kicked the girl.,active,baby,girl,kick,train
291,The girl was kicked by the baby.,passive,baby,girl,kick,train
292,The baby liked the girl.,active,baby,girl,like,val
292,The girl was liked by the baby.,passive,baby,girl,like,val
293,The baby loved the girl.,active,baby,girl,love,train
293,The girl was loved by the baby.,passive,baby,girl,love,train
294,The baby touched the girl.,active,baby,girl,touch,train
294,The girl was touched by the baby.,passive,baby,girl,touch,train
295,The baby watched the girl.,active,baby,girl,watch,val
295,The girl was watched by the baby.,passive,baby,girl,watch,val
296,The baby called the king.,active,baby,king,call,train
296,The king was called by the baby.,passive,baby,king,call,train
297,The baby followed the king.,active,baby,king,follow,train
297,The king was followed by the baby.,passive,baby,king,follow,train
298,The baby helped the king.,active,baby,king,help,train
298,The king was helped by the baby.,passive,baby,king,help,train
299,The baby kicked the king.,active,baby,king,kick,train
299,The king was kicked by the baby.,passive,baby,king,kick,train
300,The baby liked the king.,active,baby,king,like,train
300,The king was liked by the baby.,passive,baby,king,like,train
301,The baby loved the king.,active,baby,king,love,val
301,The king was loved by the baby.,passive,baby,king,love,val
302,The baby touched the king.,active,baby,king,touch,train
302,The king was touched by the baby.,passive,baby,king,touch,train
303,The baby watched the king.,active,baby,king,watch,train
303,The king was watched by the baby.,passive,baby,king,watch,train
304,The baby called the man.,active,baby,man,call,train
304,The man was called by the baby.,passive,baby,man,call,train
305,The baby followed the man.,active,baby,man,follow,train
305,The man was followed by the baby.,passive,baby,man,follow,train
306,The baby helped the man.,active,baby,man,help,train
306,The man was helped by the baby.,passive,baby,man,help,train
307,The baby kicked the man.,active,baby,man,kick,train
307,The man was kicked by the baby.,passive,baby,man,kick,train
308,The baby liked the man.,active,baby,man,like,train
308,The man was liked by the baby.,passive,baby,man,like,train
309,The baby loved the man.,active,baby,man,love,train
309,The man was loved by the baby.,passive,baby,man,love,train
310,The baby touched the man.,active,baby,man,touch,train
310,The man was touched by the baby.,passive,baby,man,touch,train
311,The baby watched the man.,active,baby,man,watch,test
311,The man was watched by the baby.,passive,baby,man,watch,test
312,The baby called the nurse.,active,baby,nurse,call,val
312,The nurse was called by the baby.,passive,baby,nurse,call,val
313,The baby followed the nurse.,active,baby,nurse,follow,train
313,The nurse was followed by the baby.,passive,baby,nurse,follow,train
314,The baby helped the nurse.,active,baby,nurse,help,val
314,The nurse was helped by the baby.,passive,baby,nurse,help,val
315,The baby kicked the nurse.,active,baby,nurse,kick,train
315,The nurse was kicked by the baby.,passive,baby,nurse,kick,train
316,The baby liked the nurse.,active,baby,nurse,like,train
316,The nurse was liked by the baby.,passive,baby,nurse,like,train
317,The baby loved the nurse.,active,baby,nurse,love,train
317,The nurse was loved by the baby.,passive,baby,nurse,love,train
318,The baby touched the nurse.,active,baby,nurse,touch,test
318,The nurse was touched by the baby.,passive,baby,nurse,touch,test
319,The baby watched the nurse.,active,baby,nurse,watch,train
319,The nurse was watched by the baby.,passive,baby,nurse,watch,train
320,The baby called the queen.,active,baby,queen,call,train
320,The queen was called by the baby.,passive,baby,queen,call,train
321,The baby followed the queen.,active,baby,queen,follow,train
321,The queen was followed by the baby.,passive,baby,queen,follow,train
322,The baby helped the queen.,active,baby,queen,help,train
322,The queen was helped by the baby.,passive,baby,queen,help,train
323,The baby kicked the queen.,active,baby,queen,kick,train
323,The queen was kicked by the baby.,passive,baby,queen,kick,train
324,The baby liked the queen.,active,baby,queen,like,val
324,The queen was liked by the baby.,passive,baby,queen,like,val
325,The baby loved the queen.,active,baby,queen,love,train
325,The queen was loved by the baby.,passive,baby,queen,love,train
326,The baby touched the queen.,active,baby,queen,touch,val
326,The queen was touched by the baby.,passive,baby,queen,touch,val
327,The baby watched the queen.,active,baby,queen,watch,train
327,The queen was watched by the baby.,passive,baby,queen,watch,train
328,The baby called the soldier.,active,baby,soldier,call,gen_test
328,The soldier was called by the baby.,passive,baby,soldier,call,gen_test
329,The baby followed the soldier.,active,baby,soldier,follow,gen_test
329,The soldier was followed by the baby.,passive,baby,soldier,follow,gen_test
330,The baby helped the soldier.,active,baby,soldier,help,gen_test
330,The soldier was helped by the baby.,passive,baby,soldier,help,gen_test
331,The baby kicked the soldier.,active,baby,soldier,kick,gen_test
331,The soldier was kicked by the baby.,passive,baby,soldier,kick,gen_test
332,The baby liked the soldier.,active,baby,soldier,like,gen_test
332,The soldier was liked by the baby.,passive,baby,soldier,like,gen_test
333,The baby loved the soldier.,active,baby,soldier,love,gen_test
333,The soldier was loved by the baby.,passive,baby,soldier,love,gen_test
334,The baby touched the soldier.,active,baby,soldier,touch,gen_test
334,The soldier was touched by the baby.,passive,baby,soldier,touch,gen_test
335,The baby watched the soldier.,active,baby,soldier,watch,gen_test
335,The soldier was watched by the baby.,passive,baby,soldier,watch,gen_test
336,The baby called the student.,active,baby,student,call,train
336,The student was called by the baby.,passive,baby,student,call,train
337,The baby followed the student.,active,baby,student,follow,train
337,The student was followed by the baby.,passive,baby,student,follow,train
338,The baby helped the student.,active,baby,student,help,train
338,The student was helped by the baby.,passive,baby,student,help,train
339,The baby kicked the student.,active,baby,student,kick,train
339,The student was kicked by the baby.,passive,baby,student,kick,train
340,The baby liked the student.,active,baby,student,like,train
340,The student was liked by the baby.,passive,baby,student,like,train
341,The baby loved the student.,active,baby,student,love,train
341,The student was loved by the baby.,passive,baby,student,love,train
342,The baby touched the student.,active,baby,student,touch,train
342,The student was touched by the baby.,passive,baby,student,touch,train
343,The baby watched the student.,active,baby,student,watch,train
343,The student was watched by the baby.,passive,baby,student,watch,train
344,The baby called the teacher.,active,baby,teacher,call,gen_test
344,The teacher was called by the baby.,passive,baby,teacher,call,gen_test
345,The baby followed the teacher.,active,baby,teacher,follow,gen_test
345,The teacher was followed by the baby.,passive,baby,teacher,follow,gen_test
346,The baby helped the teacher.,active,baby,teacher,help,gen_test
346,The teacher was helped by the baby.,passive,baby,teacher,help,gen_test
347,The baby kicked the teacher.,active,baby,teacher,kick,gen_test
347,The teacher was kicked by the baby.,passive,baby,teacher,kick,gen_test
348,The baby liked the teacher.,active,baby,teacher,like,gen_test
348,The teacher was liked by the baby.,passive,baby,teacher,like,gen_test
349,The baby loved the teacher.,active,baby,teacher,love,gen_test
349,The teacher was loved by the baby.,passive,baby,teacher,love,gen_test
350,The baby touched the teacher.,active,baby,teacher,touch,gen_test
350,The teacher was touched by the baby.,passive,baby,teacher,touch,gen_test
351,The baby watched the teacher.,active,baby,teacher,watch,gen_test
351,The teacher was watched by the baby.,passive,baby,teacher,watch,gen_test
352,The baby called the woman.,active,baby,woman,call,train
352,The woman was called by the baby.,passive,baby,woman,call,train
353,The baby followed the woman.,active,baby,woman,follow,train
353,The woman was followed by the baby.,passive,baby,woman,follow,train
354,The baby helped the woman.,active,baby,woman,help,train
354,The woman was helped by the baby.,passive,baby,woman,help,train
355,The baby kicked the woman.,active,baby,woman,kick,train
355,The woman was kicked by the baby.,passive,baby,woman,kick,train
356,The baby liked the woman.,active,baby,woman,like,train
356,The woman was liked by the baby.,passive,baby,woman,like,train
357,The baby loved the woman.,active,baby,woman,love,train
357,The woman was loved by the baby.,passive,baby,woman,love,train
358,The baby touched the woman.,active,baby,woman,touch,train
358,The woman was touched by the baby.,passive,baby,woman,touch,train
359,The baby watched the woman.,active,baby,woman,watch,train
359,The woman was watched by the baby.,passive,baby,woman,watch,train
360,The boy called the actor.,active,boy,actor,call,train
360,The actor was called by the boy.,passive,boy,actor,call,train
361,The boy followed the actor.,active,boy,actor,follow,train
361,The actor was followed by the boy.,passive,boy,actor,follow,train
362,The boy helped the actor.,active,boy,actor,help,train
362,The actor was helped by the boy.,passive,boy,actor,help,train
363,The boy kicked the actor.,active,boy,actor,kick,train
363,The actor was kicked by the boy.,passive,boy,actor,kick,train
364,The boy liked the actor.,active,boy,actor,like,train
364,The actor was liked by the boy.,passive,boy,actor,like,train
365,The boy loved the actor.,active,boy,actor,love,train
365,The actor was loved by the boy.,passive,boy,actor,love,train
366,The boy touched the actor.,active,boy,actor,touch,train
366,The actor was touched by the boy.,passive,boy,actor,touch,train
367,The boy watched the actor.,active,boy,actor,watch,train
367,The actor was watched by the boy.,passive,boy,actor,watch,train
368,The boy called the artist.,active,boy,artist,call,gen_test
368,The artist was called by the boy.,passive,boy,artist,call,gen_test
369,The boy followed the artist.,active,boy,artist,follow,gen_test
369,The artist was followed by the boy.,passive,boy,artist,follow,gen_test
370,The boy helped the artist.,active,boy,artist,help,gen_test
370,The artist was helped by the boy.,passive,boy,artist,help,gen_test
371,The boy kicked the artist.,active,boy,artist,kick,gen_test
371,The artist was kicked by the boy.,passive,boy,artist,kick,gen_test
372,The boy liked the artist.,active,boy,artist,like,gen_test
372,The artist was liked by the boy.,passive,boy,artist,like,gen_test
373,The boy loved the artist.,active,boy,artist,love,gen_test
373,The artist was loved by the boy.,passive,boy,artist,love,gen_test
374,The boy touched the artist.,active,boy,artist,touch,gen_test
374,The artist was touched by the boy.,passive,boy,artist,touch,gen_test
375,The boy watched the artist.,active,boy,artist,watch,gen_test
375,The artist was watched by the boy.,passive,boy,artist,watch,gen_test
376,The boy called the baby.,active,boy,baby,call,train
376,The baby was called by the boy.,passive,boy,baby,call,train
377,The boy followed the baby.,active,boy,baby,follow,test
377,The baby was followed by the boy.,passive,boy,baby,follow,test
378,The boy helped the baby.,active,boy,baby,help,train
378,The baby was helped by the boy.,passive,boy,baby,help,train
379,The boy kicked the baby.,active,boy,baby,kick,train
379,The baby was kicked by the boy.,passive,boy,baby,kick,train
380,The boy liked the baby.,active,boy,baby,like,train
380,The baby was liked by the boy.,passive,boy,baby,like,train
381,The boy loved the baby.,active,boy,baby,love,train
381,The baby was loved by the boy.,passive,boy,baby,love,train
382,The boy touched the baby.,active,boy,baby,touch,train
382,The baby was touched by the boy.,passive,boy,baby,touch,train
383,The boy watched the baby.,active,boy,baby,watch,test
383,The baby was watched by the boy.,passive,boy,baby,watch,test
384,The boy called the child.,active,boy,child,call,gen_test
384,The child was called by the boy.,passive,boy,child,call,gen_test
385,The boy followed the child.,active,boy,child,follow,gen_test
385,The child was followed by the boy.,passive,boy,child,follow,gen_test
386,The boy helped the child.,active,boy,child,help,gen_test
386,The child was helped by the boy.,passive,boy,child,help,gen_test
387,The boy kicked the child.,active,boy,child,kick,gen_test
387,The child was kicked by the boy.,passive,boy,child,kick,gen_test
388,The boy liked the child.,active,boy,child,like,gen_test
388,The child was liked by the boy.,passive,boy,child,like,gen_test
389,The boy loved the child.,active,boy,child,love,gen_test
389,The child was loved by the boy.,passive,boy,child,love,gen_test
390,The boy touched the child.,active,boy,child,touch,gen_test
390,The child was touched by the boy.,passive,boy,child,touch,gen_test
391,The boy watched the child.,active,boy,child,watch,gen_test
391,The child was watched by the boy.,passive,boy,child,watch,gen_test
392,The boy called the doctor.,active,boy,doctor,call,train
392,The doctor was called by the boy.,passive,boy,doctor,call,train
393,The boy followed the doctor.,active,boy,doctor,follow,train
393,The doctor was followed by the boy.,passive,boy,doctor,follow,train
394,The boy helped the doctor.,active,boy,doctor,help,train
394,The doctor was helped by the boy.,passive,boy,doctor,help,train
395,The boy kicked the doctor.,active,boy,doctor,kick,train
395,The doctor was kicked by the boy.,passive,boy,doctor,kick,train
396,The boy liked the doctor.,active,boy,doctor,like,test
396,The doctor was liked by the boy.,passive,boy,doctor,like,test
397,The boy loved the doctor.,active,boy,doctor,love,train
397,The doctor was loved by the boy.,passive,boy,doctor,love,train
398,The boy touched the doctor.,active,boy,doctor,touch,test
398,The doctor was touched by the boy.,passive,boy,doctor,touch,test
399,The boy watched the doctor.,active,boy,doctor,watch,train
399,The doctor was watched by the boy.,passive,boy,doctor,watch,train
400,The boy called the farmer.,active,boy,farmer,call,test
400,The farmer was called by the boy.,passive,boy,farmer,call,test
401,The boy followed the farmer.,active,boy,farmer,follow,train
401,The farmer was followed by the boy.,passive,boy,farmer,follow,train
402,The boy helped the farmer.,active,boy,farmer,help,train
402,The farmer was helped by the boy.,passive,boy,farmer,help,train
403,The boy kicked the farmer.,active,boy,farmer,kick,train
403,The farmer was kicked by the boy.,passive,boy,farmer,kick,train
404,The boy liked the farmer.,active,boy,farmer,like,train
404,The farmer was liked by the boy.,passive,boy,farmer,like,train
405,The boy loved the farmer.,active,boy,farmer,love,val
405,The farmer was loved by the boy.,passive,boy,farmer,love,val
406,The boy touched the farmer.,active,boy,farmer,touch,train
406,The farmer was touched by the boy.,passive,boy,farmer,touch,train
407,The boy watched the farmer.,active,boy,farmer,watch,test
407,The farmer was watched by the boy.,passive,boy,farmer,watch,test
408,The boy called the girl.,active,boy,girl,call,train
408,The girl was called by the boy.,passive,boy,girl,call,train
409,The boy followed the girl.,active,boy,girl,follow,val
409,The girl was followed by the boy.,passive,boy,girl,follow,val
410,The boy helped the girl.,active,boy,girl,help,val
410,The girl was helped by the boy.,passive,boy,girl,help,val
411,The boy kicked the girl.,active,boy,girl,kick,train
411,The girl was kicked by the boy.,passive,boy,girl,kick,train
412,The boy liked the girl.,active,boy,girl,like,train
412,The girl was liked by the boy.,passive,boy,girl,like,train
413,The boy loved the girl.,active,boy,girl,love,val
413,The girl was loved by the boy.,passive,boy,girl,love,val
414,The boy touched the girl.,active,boy,girl,touch,train
414,The girl was touched by the boy.,passive,boy,girl,touch,train
415,The boy watched the girl.,active,boy,girl,watch,train
415,The girl was watched by the boy.,passive,boy,girl,watch,train
416,The boy called the king.,active,boy,king,call,train
416,The king was called by the boy.,passive,boy,king,call,train
417,The boy followed the king.,active,boy,king,follow,test
417,The king was followed by the boy.,passive,boy,king,follow,test
418,The boy helped the king.,active,boy,king,help,test
418,The king was helped by the boy.,passive,boy,king,help,test
419,The boy kicked the king.,active,boy,king,kick,train
419,The king was kicked by the boy.,passive,boy,king,kick,train
420,The boy liked the king.,active,boy,king,like,train
420,The king was liked by the boy.,passive,boy,king,like,train
421,The boy loved the king.,active,boy,king,love,train
421,The king was loved by the boy.,passive,boy,king,love,train
422,The boy touched the king.,active,boy,king,touch,train
422,The king was touched by the boy.,passive,boy,king,touch,train
423,The boy watched the king.,active,boy,king,watch,train
423,The king was watched by the boy.,passive,boy,king,watch,train
424,The boy called the man.,active,boy,man,call,train
424,The man was called by the boy.,passive,boy,man,call,train
425,The boy followed the man.,active,boy,man,follow,train
425,The man was followed by the boy.,passive,boy,man,follow,train
426,The boy helped the man.,active,boy,man,help,train
426,The man was helped by the boy.,passive,boy,man,help,train
427,The boy kicked the man.,active,boy,man,kick,test
427,The man was kicked by the boy.,passive,boy,man,kick,test
428,The boy liked the man.,active,boy,man,like,train
428,The man was liked by the boy.,passive,boy,man,like,train
429,The boy loved the man.,active,boy,man,love,train
429,The man was loved by the boy.,passive,boy,man,love,train
430,The boy touched the man.,active,boy,man,touch,train
430,The man was touched by the boy.,passive,boy,man,touch,train
431,The boy watched the man.,active,boy,man,watch,train
431,The man was watched by the boy.,passive,boy,man,watch,train
432,The boy called the nurse.,active,boy,nurse,call,train
432,The nurse was called by the boy.,passive,boy,nurse,call,train
433,The boy followed the nurse.,active,boy,nurse,follow,train
433,The nurse was followed by the boy.,passive,boy,nurse,follow,train
434,The boy helped the nurse.,active,boy,nurse,help,train
434,The nurse was helped by the boy.,passive,boy,nurse,help,train
435,The boy kicked the nurse.,active,boy,nurse,kick,train
435,The nurse was kicked by the boy.,passive,boy,nurse,kick,train
436,The boy liked the nurse.,active,boy,nurse,like,train
436,The nurse was liked by the boy.,passive,boy,nurse,like,train
437,The boy loved the nurse.,active,boy,nurse,love,train
437,The nurse was loved by the boy.,passive,boy,nurse,love,train
438,The boy touched the nurse.,active,boy,nurse,touch,train
438,The nurse was touched by the boy.,passive,boy,nurse,touch,train
439,The boy watched the nurse.,active,boy,nurse,watch,train
439,The nurse was watched by the boy.,passive,boy,nurse,watch,train
440,The boy called the queen.,active,boy,queen,call,test
440,The queen was called by the boy.,passive,boy,queen,call,test
441,The boy followed the queen.,active,boy,queen,follow,train
441,The queen was followed by the boy.,passive,boy,queen,follow,train
442,The boy helped the queen.,active,boy,queen,help,train
442,The queen was helped by the boy.,passive,boy,queen,help,train
443,The boy kicked the queen.,active,boy,queen,kick,train
443,The queen was kicked by the boy.,passive,boy,queen,kick,train
444,The boy liked the queen.,active,boy,queen,like,train
444,The queen was liked by the boy.,passive,boy,queen,like,train
445,The boy loved the queen.,active,boy,queen,love,train
445,The queen was loved by the boy.,passive,boy,queen,love,train
446,The boy touched the queen.,active,boy,queen,touch,train
446,The queen was touched by the boy.,passive,boy,queen,touch,train
447,The boy watched the queen.,active,boy,queen,watch,test
447,The queen was watched by the boy.,passive,boy,queen,watch,test
448,The boy called the soldier.,active,boy,soldier,call,gen_test
448,The soldier was called by the boy.,passive,boy,soldier,call,gen_test
449,The boy followed the soldier.,active,boy,soldier,follow,gen_test
449,The soldier was followed by the boy.,passive,boy,soldier,follow,gen_test
450,The boy helped the soldier.,active,boy,soldier,help,gen_test
450,The soldier was helped by the boy.,passive,boy,soldier,help,gen_test
451,The boy kicked the soldier.,active,boy,soldier,kick,gen_test
451,The soldier was kicked by the boy.,passive,boy,soldier,kick,gen_test
452,The boy liked the soldier.,active,boy,soldier,like,gen_test
452,The soldier was liked by the boy.,passive,boy,soldier,like,gen_test
453,The boy loved the soldier.,active,boy,soldier,love,gen_test
453,The soldier was loved by the boy.,passive,boy,soldier,love,gen_test
454,The boy touched the soldier.,active,boy,soldier,touch,gen_test
454,The soldier was touched by the boy.,passive,boy,soldier,touch,gen_test
455,The boy watched the soldier.,active,boy,soldier,watch,gen_test
455,The soldier was watched by the boy.,passive,boy,soldier,watch,gen_test
456,The boy called the student.,active,boy,student,call,train
456,The student was called by the boy.,passive,boy,student,call,train
457,The boy followed the student.,active,boy,student,follow,train
457,The student was followed by the boy.,passive,boy,student,follow,train
458,The boy helped the student.,active,boy,student,help,train
458,The student was helped by the boy.,passive,boy,student,help,train
459,The boy kicked the student.,active,boy,student,kick,train
459,The student was kicked by the boy.,passive,boy,student,kick,train
460,The boy liked the student.,active,boy,student,like,test
460,The student was liked by the boy.,passive,boy,student,like,test
461,The boy loved the student.,active,boy,student,love,test
461,The student was loved by the boy.,passive,boy,student,love,test
462,The boy touched the student.,active,boy,student,touch,train
462,The student was touched by the boy.,passive,boy,student,touch,train
463,The boy watched the student.,active,boy,student,watch,train
463,The student was watched by the boy.,passive,boy,student,watch,train
464,The boy called the teacher.,active,boy,teacher,call,gen_test
464,The teacher was called by the boy.,passive,boy,teacher,call,gen_test
465,The boy followed the teacher.,active,boy,teacher,follow,gen_test
465,The teacher was followed by the boy.,passive,boy,teacher,follow,gen_test
466,The boy helped the teacher.,active,boy,teacher,help,gen_test
466,The teacher was helped by the boy.,passive,boy,teacher,help,gen_test
467,The boy kicked the teacher.,active,boy,teacher,kick,gen_test
467,The teacher was kicked by the boy.,passive,boy,teacher,kick,gen_test
468,The boy liked the teacher.,active,boy,teacher,like,gen_test
468,The teacher was liked by the boy.,passive,boy,teacher,like,gen_test
469,The boy loved the teacher.,active,boy,teacher,love,gen_test
469,The teacher was loved by the boy.,passive,boy,teacher,love,gen_test
470,The boy touched the teacher.,active,boy,teacher,touch,gen_test
470,The teacher was touched by the boy.,passive,boy,teacher,touch,gen_test
471,The boy watched the teacher.,active,boy,teacher,watch,gen_test
471,The teacher was watched by the boy.,passive,boy,teacher,watch,gen_test
472,The boy called the woman.,active,boy,woman,call,val
472,The woman was called by the boy.,passive,boy,woman,call,val
473,The boy followed the woman.,active,boy,woman,follow,train
473,The woman was followed by the boy.,passive,boy,woman,follow,train
474,The boy helped the woman.,active,boy,woman,help,train
474,The woman was helped by the boy.,passive,boy,woman,help,train
475,The boy kicked the woman.,active,boy,woman,kick,test
475,The woman was kicked by the boy.,passive,boy,woman,kick,test
476,The boy liked the woman.,active,boy,woman,like,val
476,The woman was liked by the boy.,passive,boy,woman,like,val
477,The boy loved the woman.,active,boy,woman,love,train
477,The woman was loved by the boy.,passive,boy,woman,love,train
478,The boy touched the woman.,active,boy,woman,touch,test
478,The woman was touched by the boy.,passive,boy,woman,touch,test
479,The boy watched the woman.,active,boy,woman,watch,train
479,The woman was watched by the boy.,passive,boy,woman,watch,train
480,The child called the actor.,active,child,actor,call,gen_test
480,The actor was called by the child.,passive,child,actor,call,gen_test
481,The child followed the actor.,active,child,actor,follow,gen_test
481,The actor was followed by the child.,passive,child,actor,follow,gen_test
482,The child helped the actor.,active,child,actor,help,gen_test
482,The actor was helped by the child.,passive,child,actor,help,gen_test
483,The child kicked the actor.,active,child,actor,kick,gen_test
483,The actor was kicked by the child.,passive,child,actor,kick,gen_test
484,The child liked the actor.,active,child,actor,like,gen_test
484,The actor was liked by the child.,passive,child,actor,like,gen_test
485,The child loved the actor.,active,child,actor,love,gen_test
485,The actor was loved by the child.,passive,child,actor,love,gen_test
486,The child touched the actor.,active,child,actor,touch,gen_test
486,The actor was touched by the child.,passive,child,actor,touch,gen_test
487,The child watched the actor.,active,child,actor,watch,gen_test
487,The actor was watched by the child.,passive,child,actor,watch,gen_test
488,The child called the artist.,active,child,artist,call,gen_test
488,The artist was called by the child.,passive,child,artist,call,gen_test
489,The child followed the artist.,active,child,artist,follow,gen_test
489,The artist was followed by the child.,passive,child,artist,follow,gen_test
490,The child helped the artist.,active,child,artist,help,gen_test
490,The artist was helped by the child.,passive,child,artist,help,gen_test
491,The child kicked the artist.,active,child,artist,kick,gen_test
491,The artist was kicked by the child.,passive,child,artist,kick,gen_test
492,The child liked the artist.,active,child,artist,like,gen_test
492,The artist was liked by the child.,passive,child,artist,like,gen_test
493,The child loved the artist.,active,child,artist,love,gen_test
493,The artist was loved by the child.,passive,child,artist,love,gen_test
494,The child touched the artist.,active,child,artist,touch,gen_test
494,The artist was touched by the child.,passive,child,artist,touch,gen_test
495,The child watched the artist.,active,child,artist,watch,gen_test
495,The artist was watched by the child.,passive,child,artist,watch,gen_test
496,The child called the baby.,active,child,baby,call,gen_test
496,The baby was called by the child.,passive,child,baby,call,gen_test
497,The child followed the baby.,active,child,baby,follow,gen_test
497,The baby was followed by the child.,passive,child,baby,follow,gen_test
498,The child helped the baby.,active,child,baby,help,gen_test
498,The baby was helped by the child.,passive,child,baby,help,gen_test
499,The child kicked the baby.,active,child,baby,kick,gen_test
499,The baby was kicked by the child.,passive,child,baby,kick,gen_test
500,The child liked the baby.,active,child,baby,like,gen_test
500,The baby was liked by the child.,passive,child,baby,like,gen_test
501,The child loved the baby.,active,child,baby,love,gen_test
501,The baby was loved by the child.,passive,child,baby,love,gen_test
502,The child touched the baby.,active,child,baby,touch,gen_test
502,The baby was touched by the child.,passive,child,baby,touch,gen_test
503,The child watched the baby.,active,child,baby,watch,gen_test
503,The baby was watched by the child.,passive,child,baby,watch,gen_test
504,The child called the boy.,active,child,boy,call,gen_test
504,The boy was called by the child.,passive,child,boy,call,gen_test
505,The child followed the boy.,active,child,boy,follow,gen_test
505,The boy was followed by the child.,passive,child,boy,follow,gen_test
506,The child helped the boy.,active,child,boy,help,gen_test
506,The boy was helped by the child.,passive,child,boy,help,gen_test
507,The child kicked the boy.,active,child,boy,kick,gen_test
507,The boy was kicked by the child.,passive,child,boy,kick,gen_test
508,The child liked the boy.,active,child,boy,like,gen_test
508,The boy was liked by the child.,passive,child,boy,like,gen_test
509,The child loved the boy.,active,child,boy,love,gen_test
509,The boy was loved by the child.,passive,child,boy,love,gen_test
510,The child touched the boy.,active,child,boy,touch,gen_test
510,The boy was touched by the child.,passive,child,boy,touch,gen_test
511,The child watched the boy.,active,child,boy,watch,gen_test
511,The boy was watched by the child.,passive,child,boy,watch,gen_test
512,The child called the doctor.,active,child,doctor,call,gen_test
512,The doctor was called by the child.,passive,child,doctor,call,gen_test
513,The child followed the doctor.,active,child,doctor,follow,gen_test
513,The doctor was followed by the child.,passive,child,doctor,follow,gen_test
514,The child helped the doctor.,active,child,doctor,help,gen_test
514,The doctor was helped by the child.,passive,child,doctor,help,gen_test
515,The child kicked the doctor.,active,child,doctor,kick,gen_test
515,The doctor was kicked by the child.,passive,child,doctor,kick,gen_test
516,The child liked the doctor.,active,child,doctor,like,gen_test
516,The doctor was liked by the child.,passive,child,doctor,like,gen_test
517,The child loved the doctor.,active,child,doctor,love,gen_test
517,The doctor was loved by the child.,passive,child,doctor,love,gen_test
518,The child touched the doctor.,active,child,doctor,touch,gen_test
518,The doctor was touched by the child.,passive,child,doctor,touch,gen_test
519,The child watched the doctor.,active,child,doctor,watch,gen_test
519,The doctor was watched by the child.,passive,child,doctor,watch,gen_test
520,The child called the farmer.,active,child,farmer,call,gen_test
520,The farmer was called by the child.,passive,child,farmer,call,gen_test
521,The child followed the farmer.,active,child,farmer,follow,gen_test
521,The farmer was followed by the child.,passive,child,farmer,follow,gen_test
522,The child helped the farmer.,active,child,farmer,help,gen_test
522,The farmer was helped by the child.,passive,child,farmer,help,gen_test
523,The child kicked the farmer.,active,child,farmer,kick,gen_test
523,The farmer was kicked by the child.,passive,child,farmer,kick,gen_test
524,The child liked the farmer.,active,child,farmer,like,gen_test
524,The farmer was liked by the child.,passive,child,farmer,like,gen_test
525,The child loved the farmer.,active,child,farmer,love,gen_test
525,The farmer was loved by the child.,passive,child,farmer,love,gen_test
526,The child touched the farmer.,active,child,farmer,touch,gen_test
526,The farmer was touched by the child.,passive,child,farmer,touch,gen_test
527,The child watched the farmer.,active,child,farmer,watch,gen_test
527,The farmer was watched by the child.,passive,child,farmer,watch,gen_test
528,The child called the girl.,active,child,girl,call,gen_test
528,The girl was called by the child.,passive,child,girl,call,gen_test
529,The child followed the girl.,active,child,girl,follow,gen_test
529,The girl was followed by the child.,passive,child,girl,follow,gen_test
530,The child helped the girl.,active,child,girl,help,gen_test
530,The girl was helped by the child.,passive,child,girl,help,gen_test
531,The child kicked the girl.,active,child,girl,kick,gen_test
531,The girl was kicked by the child.,passive,child,girl,kick,gen_test
532,The child liked the girl.,active,child,girl,like,gen_test
532,The girl was liked by the child.,passive,child,girl,like,gen_test
533,The child loved the girl.,active,child,girl,love,gen_test
533,The girl was loved by the child.,passive,child,girl,love,gen_test
534,The child touched the girl.,active,child,girl,touch,gen_test
534,The girl was touched by the child.,passive,child,girl,touch,gen_test
535,The child watched the girl.,active,child,girl,watch,gen_test
535,The girl was watched by the child.,passive,child,girl,watch,gen_test
536,The child called the king.,active,child,king,call,gen_test
536,The king was called by the child.,passive,child,king,call,gen_test
537,The child followed the king.,active,child,king,follow,gen_test
537,The king was followed by the child.,passive,child,king,follow,gen_test
538,The child helped the king.,active,child,king,help,gen_test
538,The king was helped by the child.,passive,child,king,help,gen_test
539,The child kicked the king.,active,child,king,kick,gen_test
539,The king was kicked by the child.,passive,child,king,kick,gen_test
540,The child liked the king.,active,child,king,like,gen_test
540,The king was liked by the child.,passive,child,king,like,gen_test
541,The child loved the king.,active,child,king,love,gen_test
541,The king was loved by the child.,passive,child,king,love,gen_test
542,The child touched the king.,active,child,king,touch,gen_test
542,The king was touched by the child.,passive,child,king,touch,gen_test
543,The child watched the king.,active,child,king,watch,gen_test
543,The king was watched by the child.,passive,child,king,watch,gen_test
544,The child called the man.,active,child,man,call,gen_test
544,The man was called by the child.,passive,child,man,call,gen_test
545,The child followed the man.,active,child,man,follow,gen_test
545,The man was followed by the child.,passive,child,man,follow,gen_test
546,The child helped the man.,active,child,man,help,gen_test
546,The man was helped by the child.,passive,child,man,help,gen_test
547,The child kicked the man.,active,child,man,kick,gen_test
547,The man was kicked by the child.,passive,child,man,kick,gen_test
548,The child liked the man.,active,child,man,like,gen_test
548,The man was liked by the child.,passive,child,man,like,gen_test
549,The child loved the man.,active,child,man,love,gen_test
549,The man was loved by the child.,passive,child,man,love,gen_test
550,The child touched the man.,active,child,man,touch,gen_test
550,The man was touched by the child.,passive,child,man,touch,gen_test
551,The child watched the man.,active,child,man,watch,gen_test
551,The man was watched by the child.,passive,child,man,watch,gen_test
552,The child called the nurse.,active,child,nurse,call,gen_test
552,The nurse was called by the child.,passive,child,nurse,call,gen_test
553,The child followed the nurse.,active,child,nurse,follow,gen_test
553,The nurse was followed by the child.,passive,child,nurse,follow,gen_test
554,The child helped the nurse.,active,child,nurse,help,gen_test
554,The nurse was helped by the child.,passive,child,nurse,help,gen_test
555,The child kicked the nurse.,active,child,nurse,kick,gen_test
555,The nurse was kicked by the child.,passive,child,nurse,kick,gen_test
556,The child liked the nurse.,active,child,nurse,like,gen_test
556,The nurse was liked by the child.,passive,child,nurse,like,gen_test
557,The child loved the nurse.,active,child,nurse,love,gen_test
557,The nurse was loved by the child.,passive,child,nurse,love,gen_test
558,The child touched the nurse.,active,child,nurse,touch,gen_test
558,The nurse was touched by the child.,passive,child,nurse,touch,gen_test
559,The child watched the nurse.,active,child,nurse,watch,gen_test
559,The nurse was watched by the child.,passive,child,nurse,watch,gen_test
560,The child called the queen.,active,child,queen,call,gen_test
560,The queen was called by the child.,passive,child,queen,call,gen_test
561,The child followed the queen.,active,child,queen,follow,gen_test
561,The queen was followed by the child.,passive,child,queen,follow,gen_test
562,The child helped the queen.,active,child,queen,help,gen_test
562,The queen was helped by the child.,passive,child,queen,help,gen_test
563,The child kicked the queen.,active,child,queen,kick,gen_test
563,The queen was kicked by the child.,passive,child,queen,kick,gen_test
564,The child liked the queen.,active,child,queen,like,gen_test
564,The queen was liked by the child.,passive,child,queen,like,gen_test
565,The child loved the queen.,active,child,queen,love,gen_test
565,The queen was loved by the child.,passive,child,queen,love,gen_test
566,The child touched the queen.,active,child,queen,touch,gen_test
566,The queen was touched by the child.,passive,child,queen,touch,gen_test
567,The child watched the queen.,active,child,queen,watch,gen_test
567,The queen was watched by the child.,passive,child,queen,watch,gen_test
568,The child called the soldier.,active,child,soldier,call,gen_test
568,The soldier was called by the child.,passive,child,soldier,call,gen_test
569,The child followed the soldier.,active,child,soldier,follow,gen_test
569,The soldier was followed by the child.,passive,child,soldier,follow,gen_test
570,The child helped the soldier.,active,child,soldier,help,gen_test
570,The soldier was helped by the child.,passive,child,soldier,help,gen_test
571,The child kicked the soldier.,active,child,soldier,kick,gen_test
571,The soldier was kicked by the child.,passive,child,soldier,kick,gen_test
572,The child liked the soldier.,active,child,soldier,like,gen_test
572,The soldier was liked by the child.,passive,child,soldier,like,gen_test
573,The child loved the soldier.,active,child,soldier,love,gen_test
573,The soldier was loved by the child.,passive,child,soldier,love,gen_test
574,The child touched the soldier.,active,child,soldier,touch,gen_test
574,The soldier was touched by the child.,passive,child,soldier,touch,gen_test
575,The child watched the soldier.,active,child,soldier,watch,gen_test
575,The soldier was watched by the child.,passive,child,soldier,watch,gen_test
576,The child called the student.,active,child,student,call,gen_test
576,The student was called by the child.,passive,child,student,call,gen_test
577,The child followed the student.,active,child,student,follow,gen_test
577,The student was followed by the child.,passive,child,student,follow,gen_test
578,The child helped the student.,active,child,student,help,gen_test
578,The student was helped by the child.,passive,child,student,help,gen_test
579,The child kicked the student.,active,child,student,kick,gen_test
579,The student was kicked by the child.,passive,child,student,kick,gen_test
580,The child liked the student.,active,child,student,like,gen_test
580,The student was liked by the child.,passive,child,student,like,gen_test
581,The child loved the student.,active,child,student,love,gen_test
581,The student was loved by the child.,passive,child,student,love,gen_test
582,The child touched the student.,active,child,student,touch,gen_test
582,The student was touched by the child.,passive,child,student,touch,gen_test
583,The child watched the student.,active,child,student,watch,gen_test
583,The student was watched by the child.,passive,child,student,watch,gen_test
584,The child called the teacher.,active,child,teacher,call,gen_test
584,The teacher was called by the child.,passive,child,teacher,call,gen_test
585,The child followed the teacher.,active,child,teacher,follow,gen_test
585,The teacher was followed by the child.,passive,child,teacher,follow,gen_test
586,The child helped the teacher.,active,child,teacher,help,gen_test
586,The teacher was helped by the child.,passive,child,teacher,help,gen_test
587,The child kicked the teacher.,active,child,teacher,kick,gen_test
587,The teacher was kicked by the child.,passive,child,teacher,kick,gen_test
588,The child liked the teacher.,active,child,teacher,like,gen_test
588,The teacher was liked by the child.,passive,child,teacher,like,gen_test
589,The child loved the teacher.,active,child,teacher,love,gen_test
589,The teacher was loved by the child.,passive,child,teacher,love,gen_test
590,The child touched the teacher.,active,child,teacher,touch,gen_test
590,The teacher was touched by the child.,passive,child,teacher,touch,gen_test
591,The child watched the teacher.,active,child,teacher,watch,gen_test
591,The teacher was watched by the child.,passive,child,teacher,watch,gen_test
592,The child called the woman.,active,child,woman,call,gen_test
592,The woman was called by the child.,passive,child,woman,call,gen_test
593,The child followed the woman.,active,child,woman,follow,gen_test
593,The woman was followed by the child.,passive,child,woman,follow,gen_test
594,The child helped the woman.,active,child,woman,help,gen_test
594,The woman was helped by the child.,passive,child,woman,help,gen_test
595,The child kicked the woman.,active,child,woman,kick,gen_test
595,The woman was kicked by the child.,passive,child,woman,kick,gen_test
596,The child liked the woman.,active,child,woman,like,gen_test
596,The woman was liked by the child.,passive,child,woman,like,gen_test
597,The child loved the woman.,active,child,woman,love,gen_test
597,The woman was loved by the child.,passive,child,woman,love,gen_test
598,The child touched the woman.,active,child,woman,touch,gen_test
598,The woman was touched by the child.,passive,child,woman,touch,gen_test
599,The child watched the woman.,active,child,woman,watch,gen_test
599,The woman was watched by the child.,passive,child,woman,watch,gen_test
600,The doctor called the actor.,active,doctor,actor,call,train
600,The actor was called by the doctor.,passive,doctor,actor,call,train
601,The doctor followed the actor.,active,doctor,actor,follow,train
601,The actor was followed by the doctor.,passive,doctor,actor,follow,train
602,The doctor helped the actor.,active,doctor,actor,help,train
602,The actor was helped by the doctor.,passive,doctor,actor,help,train
603,The doctor kicked the actor.,active,doctor,actor,kick,train
603,The actor was kicked by the doctor.,passive,doctor,actor,kick,train
604,The doctor liked the actor.,active,doctor,actor,like,train
604,The actor was liked by the doctor.,passive,doctor,actor,like,train
605,The doctor loved the actor.,active,doctor,actor,love,train
605,The actor was loved by the doctor.,passive,doctor,actor,love,train
606,The doctor touched the actor.,active,doctor,actor,touch,test
606,The actor was touched by the doctor.,passive,doctor,actor,touch,test
607,The doctor watched the actor.,active,doctor,actor,watch,val
607,The actor was watched by the doctor.,passive,doctor,actor,watch,val
608,The doctor called the artist.,active,doctor,artist,call,gen_test
608,The artist was called by the doctor.,passive,doctor,artist,call,gen_test
609,The doctor followed the artist.,active,doctor,artist,follow,gen_test
609,The artist was followed by the doctor.,passive,doctor,artist,follow,gen_test
610,The doctor helped the artist.,active,doctor,artist,help,gen_test
610,The artist was helped by the doctor.,passive,doctor,artist,help,gen_test
611,The doctor kicked the artist.,active,doctor,artist,kick,gen_test
611,The artist was kicked by the doctor.,passive,doctor,artist,kick,gen_test
612,The doctor liked the artist.,active,doctor,artist,like,gen_test
612,The artist was liked by the doctor.,passive,doctor,artist,like,gen_test
613,The doctor loved the artist.,active,doctor,artist,love,gen_test
613,The artist was loved by the doctor.,passive,doctor,artist,love,gen_test
614,The doctor touched the artist.,active,doctor,artist,touch,gen_test
614,The artist was touched by the doctor.,passive,doctor,artist,touch,gen_test
615,The doctor watched the artist.,active,doctor,artist,watch,gen_test
615,The artist was watched by the doctor.,passive,doctor,artist,watch,gen_test
616,The doctor called the baby.,active,doctor,baby,call,train
616,The baby was called by the doctor.,passive,doctor,baby,call,train
617,The doctor followed the baby.,active,doctor,baby,follow,train
617,The baby was followed by the doctor.,passive,doctor,baby,follow,train
618,The doctor helped the baby.,active,doctor,baby,help,val
618,The baby was helped by the doctor.,passive,doctor,baby,help,val
619,The doctor kicked the baby.,active,doctor,baby,kick,train
619,The baby was kicked by the doctor.,passive,doctor,baby,kick,train
620,The doctor liked the baby.,active,doctor,baby,like,train
620,The baby was liked by the doctor.,passive,doctor,baby,like,train
621,The doctor loved the baby.,active,doctor,baby,love,train
621,The baby was loved by the doctor.,passive,doctor,baby,love,train
622,The doctor touched the baby.,active,doctor,baby,touch,train
622,The baby was touched by the doctor.,passive,doctor,baby,touch,train
623,The doctor watched the baby.,active,doctor,baby,watch,train
623,The baby was watched by the doctor.,passive,doctor,baby,watch,train
624,The doctor called the boy.,active,doctor,boy,call,train
624,The boy was called by the doctor.,passive,doctor,boy,call,train
625,The doctor followed the boy.,active,doctor,boy,follow,train
625,The boy was followed by the doctor.,passive,doctor,boy,follow,train
626,The doctor helped the boy.,active,doctor,boy,help,train
626,The boy was helped by the doctor.,passive,doctor,boy,help,train
627,The doctor kicked the boy.,active,doctor,boy,kick,train
627,The boy was kicked by the doctor.,passive,doctor,boy,kick,train
628,The doctor liked the boy.,active,doctor,boy,like,test
628,The boy was liked by the doctor.,passive,doctor,boy,like,test
629,The doctor loved the boy.,active,doctor,boy,love,train
629,The boy was loved by the doctor.,passive,doctor,boy,love,train
630,The doctor touched the boy.,active,doctor,boy,touch,test
630,The boy was touched by the doctor.,passive,doctor,boy,touch,test
631,The doctor watched the boy.,active,doctor,boy,watch,train
631,The boy was watched by the doctor.,passive,doctor,boy,watch,train
632,The doctor called the child.,active,doctor,child,call,gen_test
632,The child was called by the doctor.,passive,doctor,child,call,gen_test
633,The doctor followed the child.,active,doctor,child,follow,gen_test
633,The child was followed by the doctor.,passive,doctor,child,follow,gen_test
634,The doctor helped the child.,active,doctor,child,help,gen_test
634,The child was helped by the doctor.,passive,doctor,child,help,gen_test
635,The doctor kicked the child.,active,doctor,child,kick,gen_test
635,The child was kicked by the doctor.,passive,doctor,child,kick,gen_test
636,The doctor liked the child.,active,doctor,child,like,gen_test
636,The child was liked by the doctor.,passive,doctor,child,like,gen_test
637,The doctor loved the child.,active,doctor,child,love,gen_test
637,The child was loved by the doctor.,passive,doctor,child,love,gen_test
638,The doctor touched the child.,active,doctor,child,touch,gen_test
638,The child was touched by the doctor.,passive,doctor,child,touch,gen_test
639,The doctor watched the child.,active,doctor,child,watch,gen_test
639,The child was watched by the doctor.,passive,doctor,child,watch,gen_test
640,The doctor called the farmer.,active,doctor,farmer,call,train
640,The farmer was called by the doctor.,passive,doctor,farmer,call,train
641,The doctor followed the farmer.,active,doctor,farmer,follow,train
641,The farmer was followed by the doctor.,passive,doctor,farmer,follow,train
642,The doctor helped the farmer.,active,doctor,farmer,help,train
642,The farmer was helped by the doctor.,passive,doctor,farmer,help,train
643,The doctor kicked the farmer.,active,doctor,farmer,kick,train
643,The farmer was kicked by the doctor.,passive,doctor,farmer,kick,train
644,The doctor liked the farmer.,active,doctor,farmer,like,train
644,The farmer was liked by the doctor.,passive,doctor,farmer,like,train
645,The doctor loved the farmer.,active,doctor,farmer,love,train
645,The farmer was loved by the doctor.,passive,doctor,farmer,love,train
646,The doctor touched the farmer.,active,doctor,farmer,touch,train
646,The farmer was touched by the doctor.,passive,doctor,farmer,touch,train
647,The doctor watched the farmer.,active,doctor,farmer,watch,train
647,The farmer was watched by the doctor.,passive,doctor,farmer,watch,train
648,The doctor called the girl.,active,doctor,girl,call,train
648,The girl was called by the doctor.,passive,doctor,girl,call,train
649,The doctor followed the girl.,active,doctor,girl,follow,train
649,The girl was followed by the doctor.,passive,doctor,girl,follow,train
650,The doctor helped the girl.,active,doctor,girl,help,test
650,The girl was helped by the doctor.,passive,doctor,girl,help,test
651,The doctor kicked the girl.,active,doctor,girl,kick,train
651,The girl was kicked by the doctor.,passive,doctor,girl,kick,train
652,The doctor liked the girl.,active,doctor,girl,like,train
652,The girl was liked by the doctor.,passive,doctor,girl,like,train
653,The doctor loved the girl.,active,doctor,girl,love,train
653,The girl was loved by the doctor.,passive,doctor,girl,love,train
654,The doctor touched the girl.,active,doctor,girl,touch,train
654,The girl was touched by the doctor.,passive,doctor,girl,touch,train
655,The doctor watched the girl.,active,doctor,girl,watch,train
655,The girl was watched by the doctor.,passive,doctor,girl,watch,train
656,The doctor called the king.,active,doctor,king,call,train
656,The king was called by the doctor.,passive,doctor,king,call,train
657,The doctor followed the king.,active,doctor,king,follow,train
657,The king was followed by the doctor.,passive,doctor,king,follow,train
658,The doctor helped the king.,active,doctor,king,help,train
658,The king was helped by the doctor.,passive,doctor,king,help,train
659,The doctor kicked the king.,active,doctor,king,kick,train
659,The king was kicked by the doctor.,passive,doctor,king,kick,train
660,The doctor liked the king.,active,doctor,king,like,train
660,The king was liked by the doctor.,passive,doctor,king,like,train
661,The doctor loved the king.,active,doctor,king,love,train
661,The king was loved by the doctor.,passive,doctor,king,love,train
662,The doctor touched the king.,active,doctor,king,touch,train
662,The king was touched by the doctor.,passive,doctor,king,touch,train
663,The doctor watched the king.,active,doctor,king,watch,train
663,The king was watched by the doctor.,passive,doctor,king,watch,train
664,The doctor called the man.,active,doctor,man,call,train
664,The man was called by the doctor.,passive,doctor,man,call,train
665,The doctor followed the man.,active,doctor,man,follow,train
665,The man was followed by the doctor.,passive,doctor,man,follow,train
666,The doctor helped the man.,active,doctor,man,help,train
666,The man was helped by the doctor.,passive,doctor,man,help,train
667,The doctor kicked the man.,active,doctor,man,kick,train
667,The man was kicked by the doctor.,passive,doctor,man,kick,train
668,The doctor liked the man.,active,doctor,man,like,train
668,The man was liked by the doctor.,passive,doctor,man,like,train
669,The doctor loved the man.,active,doctor,man,love,train
669,The man was loved by the doctor.,passive,doctor,man,love,train
670,The doctor touched the man.,active,doctor,man,touch,train
670,The man was touched by the doctor.,passive,doctor,man,touch,train
671,The doctor watched the man.,active,doctor,man,watch,train
671,The man was watched by the doctor.,passive,doctor,man,watch,train
672,The doctor called the nurse.,active,doctor,nurse,call,train
672,The nurse was called by the doctor.,passive,doctor,nurse,call,train
673,The doctor followed the nurse.,active,doctor,nurse,follow,val
673,The nurse was followed by the doctor.,passive,doctor,nurse,follow,val
674,The doctor helped the nurse.,active,doctor,nurse,help,test
674,The nurse was helped by the doctor.,passive,doctor,nurse,help,test
675,The doctor kicked the nurse.,active,doctor,nurse,kick,train
675,The nurse was kicked by the doctor.,passive,doctor,nurse,kick,train
676,The doctor liked the nurse.,active,doctor,nurse,like,train
676,The nurse was liked by the doctor.,passive,doctor,nurse,like,train
677,The doctor loved the nurse.,active,doctor,nurse,love,train
677,The nurse was loved by the doctor.,passive,doctor,nurse,love,train
678,The doctor touched the nurse.,active,doctor,nurse,touch,train
678,The nurse was touched by the doctor.,passive,doctor,nurse,touch,train
679,The doctor watched the nurse.,active,doctor,nurse,watch,train
679,The nurse was watched by the doctor.,passive,doctor,nurse,watch,train
680,The doctor called the queen.,active,doctor,queen,call,train
680,The queen was called by the doctor.,passive,doctor,queen,call,train
681,The doctor followed the queen.,active,doctor,queen,follow,test
681,The queen was followed by the doctor.,passive,doctor,queen,follow,test
682,The doctor helped the queen.,active,doctor,queen,help,val
682,The queen was helped by the doctor.,passive,doctor,queen,help,val
683,The doctor kicked the queen.,active,doctor,queen,kick,train
683,The queen was kicked by the doctor.,passive,doctor,queen,kick,train
684,The doctor liked the queen.,active,doctor,queen,like,train
684,The queen was liked by the doctor.,passive,doctor,queen,like,train
685,The doctor loved the queen.,active,doctor,queen,love,val
685,The queen was loved by the doctor.,passive,doctor,queen,love,val
686,The doctor touched the queen.,active,doctor,queen,touch,train
686,The queen was touched by the doctor.,passive,doctor,queen,touch,train
687,The doctor watched the queen.,active,doctor,queen,watch,train
687,The queen was watched by the doctor.,passive,doctor,queen,watch,train
688,The doctor called the soldier.,active,doctor,soldier,call,gen_test
688,The soldier was called by the doctor.,passive,doctor,soldier,call,gen_test
689,The doctor followed the soldier.,active,doctor,soldier,follow,gen_test
689,The soldier was followed by the doctor.,passive,doctor,soldier,follow,gen_test
690,The doctor helped the soldier.,active,doctor,soldier,help,gen_test
690,The soldier was helped by the doctor.,passive,doctor,soldier,help,gen_test
691,The doctor kicked the soldier.,active,doctor,soldier,kick,gen_test
691,The soldier was kicked by the doctor.,passive,doctor,soldier,kick,gen_test
692,The doctor liked the soldier.,active,doctor,soldier,like,gen_test
692,The soldier was liked by the doctor.,passive,doctor,soldier,like,gen_test
693,The doctor loved the soldier.,active,doctor,soldier,love,gen_test
693,The soldier was loved by the doctor.,passive,doctor,soldier,love,gen_test
694,The doctor touched the soldier.,active,doctor,soldier,touch,gen_test
694,The soldier was touched by the doctor.,passive,doctor,soldier,touch,gen_test
695,The doctor watched the soldier.,active,doctor,soldier,watch,gen_test
695,The soldier was watched by the doctor.,passive,doctor,soldier,watch,gen_test
696,The doctor called the student.,active,doctor,student,call,train
696,The student was called by the doctor.,passive,doctor,student,call,train
697,The doctor followed the student.,active,doctor,student,follow,train
697,The student was followed by the doctor.,passive,doctor,student,follow,train
698,The doctor helped the student.,active,doctor,student,help,train
698,The student was helped by the doctor.,passive,doctor,student,help,train
699,The doctor kicked the student.,active,doctor,student,kick,train
699,The student was kicked by the doctor.,passive,doctor,student,kick,train
700,The doctor liked the student.,active,doctor,student,like,train
700,The student was liked by the doctor.,passive,doctor,student,like,train
701,The doctor loved the student.,active,doctor,student,love,train
701,The student was loved by the doctor.,passive,doctor,student,love,train
702,The doctor touched the student.,active,doctor,student,touch,train
702,The student was touched by the doctor.,passive,doctor,student,touch,train
703,The doctor watched the student.,active,doctor,student,watch,val
703,The student was watched by the doctor.,passive,doctor,student,watch,val
704,The doctor called the teacher.,active,doctor,teacher,call,gen_test
704,The teacher was called by the doctor.,passive,doctor,teacher,call,gen_test
705,The doctor followed the teacher.,active,doctor,teacher,follow,gen_test
705,The teacher was followed by the doctor.,passive,doctor,teacher,follow,gen_test
706,The doctor helped the teacher.,active,doctor,teacher,help,gen_test
706,The teacher was helped by the doctor.,passive,doctor,teacher,help,gen_test
707,The doctor kicked the teacher.,active,doctor,teacher,kick,gen_test
707,The teacher was kicked by the doctor.,passive,doctor,teacher,kick,gen_test
708,The doctor liked the teacher.,active,doctor,teacher,like,gen_test
708,The teacher was liked by the doctor.,passive,doctor,teacher,like,gen_test
709,The doctor loved the teacher.,active,doctor,teacher,love,gen_test
709,The teacher was loved by the doctor.,passive,doctor,teacher,love,gen_test
710,The doctor touched the teacher.,active,doctor,teacher,touch,gen_test
710,The teacher was touched by the doctor.,passive,doctor,teacher,touch,gen_test
711,The doctor watched the teacher.,active,doctor,teacher,watch,gen_test
711,The teacher was watched by the doctor.,passive,doctor,teacher,watch,gen_test
712,The doctor called the woman.,active,doctor,woman,call,train
712,The woman was called by the doctor.,passive,doctor,woman,call,train
713,The doctor followed the woman.,active,doctor,woman,follow,train
713,The woman was followed by the doctor.,passive,doctor,woman,follow,train
714,The doctor helped the woman.,active,doctor,woman,help,train
714,The woman was helped by the doctor.,passive,doctor,woman,help,train
715,The doctor kicked the woman.,active,doctor,woman,kick,train
715,The woman was kicked by the doctor.,passive,doctor,woman,kick,train
716,The doctor liked the woman.,active,doctor,woman,like,train
716,The woman was liked by the doctor.,passive,doctor,woman,like,train
717,The doctor loved the woman.,active,doctor,woman,love,test
717,The woman was loved by the doctor.,passive,doctor,woman,love,test
718,The doctor touched the woman.,active,doctor,woman,touch,train
718,The woman was touched by the doctor.,passive,doctor,woman,touch,train
719,The doctor watched the woman.,active,doctor,woman,watch,train
719,The woman was watched by the doctor.,passive,doctor,woman,watch,train
720,The farmer called the actor.,active,farmer,actor,call,train
720,The actor was called by the farmer.,passive,farmer,actor,call,train
721,The farmer followed the actor.,active,farmer,actor,follow,test
721,The actor was followed by the farmer.,passive,farmer,actor,follow,test
722,The farmer helped the actor.,active,farmer,actor,help,train
722,The actor was helped by the farmer.,passive,farmer,actor,help,train
723,The farmer kicked the actor.,active,farmer,actor,kick,test
723,The actor was kicked by the farmer.,passive,farmer,actor,kick,test
724,The farmer liked the actor.,active,farmer,actor,like,train
724,The actor was liked by the farmer.,passive,farmer,actor,like,train
725,The farmer loved the actor.,active,farmer,actor,love,train
725,The actor was loved by the farmer.,passive,farmer,actor,love,train
726,The farmer touched the actor.,active,farmer,actor,touch,test
726,The actor was touched by the farmer.,passive,farmer,actor,touch,test
727,The farmer watched the actor.,active,farmer,actor,watch,train
727,The actor was watched by the farmer.,passive,farmer,actor,watch,train
728,The farmer called the artist.,active,farmer,artist,call,gen_test
728,The artist was called by the farmer.,passive,farmer,artist,call,gen_test
729,The farmer followed the artist.,active,farmer,artist,follow,gen_test
729,The artist was followed by the farmer.,passive,farmer,artist,follow,gen_test
730,The farmer helped the artist.,active,farmer,artist,help,gen_test
730,The artist was helped by the farmer.,passive,farmer,artist,help,gen_test
731,The farmer kicked the artist.,active,farmer,artist,kick,gen_test
731,The artist was kicked by the farmer.,passive,farmer,artist,kick,gen_test
732,The farmer liked the artist.,active,farmer,artist,like,gen_test
732,The artist was liked by the farmer.,passive,farmer,artist,like,gen_test
733,The farmer loved the artist.,active,farmer,artist,love,gen_test
733,The artist was loved by the farmer.,passive,farmer,artist,love,gen_test
734,The farmer touched the artist.,active,farmer,artist,touch,gen_test
734,The artist was touched by the farmer.,passive,farmer,artist,touch,gen_test
735,The farmer watched the artist.,active,farmer,artist,watch,gen_test
735,The artist was watched by the farmer.,passive,farmer,artist,watch,gen_test
736,The farmer called the baby.,active,farmer,baby,call,test
736,The baby was called by the farmer.,passive,farmer,baby,call,test
737,The farmer followed the baby.,active,farmer,baby,follow,train
737,The baby was followed by the farmer.,passive,farmer,baby,follow,train
738,The farmer helped the baby.,active,farmer,baby,help,train
738,The baby was helped by the farmer.,passive,farmer,baby,help,train
739,The farmer kicked the baby.,active,farmer,baby,kick,val
739,The baby was kicked by the farmer.,passive,farmer,baby,kick,val
740,The farmer liked the baby.,active,farmer,baby,like,train
740,The baby was liked by the farmer.,passive,farmer,baby,like,train
741,The farmer loved the baby.,active,farmer,baby,love,train
741,The baby was loved by the farmer.,passive,farmer,baby,love,train
742,The farmer touched the baby.,active,farmer,baby,touch,test
742,The baby was touched by the farmer.,passive,farmer,baby,touch,test
743,The farmer watched the baby.,active,farmer,baby,watch,train
743,The baby was watched by the farmer.,passive,farmer,baby,watch,train
744,The farmer called the boy.,active,farmer,boy,call,test
744,The boy was called by the farmer.,passive,farmer,boy,call,test
745,The farmer followed the boy.,active,farmer,boy,follow,train
745,The boy was followed by the farmer.,passive,farmer,boy,follow,train
746,The farmer helped the boy.,active,farmer,boy,help,train
746,The boy was helped by the farmer.,passive,farmer,boy,help,train
747,The farmer kicked the boy.,active,farmer,boy,kick,train
747,The boy was kicked by the farmer.,passive,farmer,boy,kick,train
748,The farmer liked the boy.,active,farmer,boy,like,train
748,The boy was liked by the farmer.,passive,farmer,boy,like,train
749,The farmer loved the boy.,active,farmer,boy,love,val
749,The boy was loved by the farmer.,passive,farmer,boy,love,val
750,The farmer touched the boy.,active,farmer,boy,touch,train
750,The boy was touched by the farmer.,passive,farmer,boy,touch,train
751,The farmer watched the boy.,active,farmer,boy,watch,test
751,The boy was watched by the farmer.,passive,farmer,boy,watch,test
752,The farmer called the child.,active,farmer,child,call,gen_test
752,The child was called by the farmer.,passive,farmer,child,call,gen_test
753,The farmer followed the child.,active,farmer,child,follow,gen_test
753,The child was followed by the farmer.,passive,farmer,child,follow,gen_test
754,The farmer helped the child.,active,farmer,child,help,gen_test
754,The child was helped by the farmer.,passive,farmer,child,help,gen_test
755,The farmer kicked the child.,active,farmer,child,kick,gen_test
755,The child was kicked by the farmer.,passive,farmer,child,kick,gen_test
756,The farmer liked the child.,active,farmer,child,like,gen_test
756,The child was liked by the farmer.,passive,farmer,child,like,gen_test
757,The farmer loved the child.,active,farmer,child,love,gen_test
757,The child was loved by the farmer.,passive,farmer,child,love,gen_test
758,The farmer touched the child.,active,farmer,child,touch,gen_test
758,The child was touched by the farmer.,passive,farmer,child,touch,gen_test
759,The farmer watched the child.,active,farmer,child,watch,gen_test
759,The child was watched by the farmer.,passive,farmer,child,watch,gen_test
760,The farmer called the doctor.,active,farmer,doctor,call,train
760,The doctor was called by the farmer.,passive,farmer,doctor,call,train
761,The farmer followed the doctor.,active,farmer,doctor,follow,train
761,The doctor was followed by the farmer.,passive,farmer,doctor,follow,train
762,The farmer helped the doctor.,active,farmer,doctor,help,train
762,The doctor was helped by the farmer.,passive,farmer,doctor,help,train
763,The farmer kicked the doctor.,active,farmer,doctor,kick,train
763,The doctor was kicked by the farmer.,passive,farmer,doctor,kick,train
764,The farmer liked the doctor.,active,farmer,doctor,like,train
764,The doctor was liked by the farmer.,passive,farmer,doctor,like,train
765,The farmer loved the doctor.,active,farmer,doctor,love,train
765,The doctor was loved by the farmer.,passive,farmer,doctor,love,train
766,The farmer touched the doctor.,active,farmer,doctor,touch,train
766,The doctor was touched by the farmer.,passive,farmer,doctor,touch,train
767,The farmer watched the doctor.,active,farmer,doctor,watch,train
767,The doctor was watched by the farmer.,passive,farmer,doctor,watch,train
768,The farmer called the girl.,active,farmer,girl,call,train
768,The girl was called by the farmer.,passive,farmer,girl,call,train
769,The farmer followed the girl.,active,farmer,girl,follow,train
769,The girl was followed by the farmer.,passive,farmer,girl,follow,train
770,The farmer helped the girl.,active,farmer,girl,help,train
770,The girl was helped by the farmer.,passive,farmer,girl,help,train
771,The farmer kicked the girl.,active,farmer,girl,kick,train
771,The girl was kicked by the farmer.,passive,farmer,girl,kick,train
772,The farmer liked the girl.,active,farmer,girl,like,train
772,The girl was liked by the farmer.,passive,farmer,girl,like,train
773,The farmer loved the girl.,active,farmer,girl,love,test
773,The girl was loved by the farmer.,passive,farmer,girl,love,test
774,The farmer touched the girl.,active,farmer,girl,touch,train
774,The girl was touched by the farmer.,passive,farmer,girl,touch,train
775,The farmer watched the girl.,active,farmer,girl,watch,val
775,The girl was watched by the farmer.,passive,farmer,girl,watch,val
776,The farmer called the king.,active,farmer,king,call,train
776,The king was called by the farmer.,passive,farmer,king,call,train
777,The farmer followed the king.,active,farmer,king,follow,train
777,The king was followed by the farmer.,passive,farmer,king,follow,train
778,The farmer helped the king.,active,farmer,king,help,train
778,The king was helped by the farmer.,passive,farmer,king,help,train
779,The farmer kicked the king.,active,farmer,king,kick,train
779,The king was kicked by the farmer.,passive,farmer,king,kick,train
780,The farmer liked the king.,active,farmer,king,like,val
780,The king was liked by the farmer.,passive,farmer,king,like,val
781,The farmer loved the king.,active,farmer,king,love,train
781,The king was loved by the farmer.,passive,farmer,king,love,train
782,The farmer touched the king.,active,farmer,king,touch,train
782,The king was touched by the farmer.,passive,farmer,king,touch,train
783,The farmer watched the king.,active,farmer,king,watch,train
783,The king was watched by the farmer.,passive,farmer,king,watch,train
784,The farmer called the man.,active,farmer,man,call,train
784,The man was called by the farmer.,passive,farmer,man,call,train
785,The farmer followed the man.,active,farmer,man,follow,val
785,The man was followed by the farmer.,passive,farmer,man,follow,val
786,The farmer helped the man.,active,farmer,man,help,train
786,The man was helped by the farmer.,passive,farmer,man,help,train
787,The farmer kicked the man.,active,farmer,man,kick,train
787,The man was kicked by the farmer.,passive,farmer,man,kick,train
788,The farmer liked the man.,active,farmer,man,like,train
788,The man was liked by the farmer.,passive,farmer,man,like,train
789,The farmer loved the man.,active,farmer,man,love,val
789,The man was loved by the farmer.,passive,farmer,man,love,val
790,The farmer touched the man.,active,farmer,man,touch,train
790,The man was touched by the farmer.,passive,farmer,man,touch,train
791,The farmer watched the man.,active,farmer,man,watch,val
791,The man was watched by the farmer.,passive,farmer,man,watch,val
792,The farmer called the nurse.,active,farmer,nurse,call,train
792,The nurse was called by the farmer.,passive,farmer,nurse,call,train
793,The farmer followed the nurse.,active,farmer,nurse,follow,train
793,The nurse was followed by the farmer.,passive,farmer,nurse,follow,train
794,The farmer helped the nurse.,active,farmer,nurse,help,train
794,The nurse was helped by the farmer.,passive,farmer,nurse,help,train
795,The farmer kicked the nurse.,active,farmer,nurse,kick,val
795,The nurse was kicked by the farmer.,passive,farmer,nurse,kick,val
796,The farmer liked the nurse.,active,farmer,nurse,like,train
796,The nurse was liked by the farmer.,passive,farmer,nurse,like,train
797,The farmer loved the nurse.,active,farmer,nurse,love,train
797,The nurse was loved by the farmer.,passive,farmer,nurse,love,train
798,The farmer touched the nurse.,active,farmer,nurse,touch,train
798,The nurse was touched by the farmer.,passive,farmer,nurse,touch,train
799,The farmer watched the nurse.,active,farmer,nurse,watch,train
799,The nurse was watched by the farmer.,passive,farmer,nurse,watch,train
800,The farmer called the queen.,active,farmer,queen,call,train
800,The queen was called by the farmer.,passive,farmer,queen,call,train
801,The farmer followed the queen.,active,farmer,queen,follow,train
801,The queen was followed by the farmer.,passive,farmer,queen,follow,train
802,The farmer helped the queen.,active,farmer,queen,help,val
802,The queen was helped by the farmer.,passive,farmer,queen,help,val
803,The farmer kicked the queen.,active,farmer,queen,kick,train
803,The queen was kicked by the farmer.,passive,farmer,queen,kick,train
804,The farmer liked the queen.,active,farmer,queen,like,train
804,The queen was liked by the farmer.,passive,farmer,queen,like,train
805,The farmer loved the queen.,active,farmer,queen,love,train
805,The queen was loved by the farmer.,passive,farmer,queen,love,train
806,The farmer touched the queen.,active,farmer,queen,touch,train
806,The queen was touched by the farmer.,passive,farmer,queen,touch,train
807,The farmer watched the queen.,active,farmer,queen,watch,val
807,The queen was watched by the farmer.,passive,farmer,queen,watch,val
808,The farmer called the soldier.,active,farmer,soldier,call,gen_test
808,The soldier was called by the farmer.,passive,farmer,soldier,call,gen_test
809,The farmer followed the soldier.,active,farmer,soldier,follow,gen_test
809,The soldier was followed by the farmer.,passive,farmer,soldier,follow,gen_test
810,The farmer helped the soldier.,active,farmer,soldier,help,gen_test
810,The soldier was helped by the farmer.,passive,farmer,soldier,help,gen_test
811,The farmer kicked the soldier.,active,farmer,soldier,kick,gen_test
811,The soldier was kicked by the farmer.,passive,farmer,soldier,kick,gen_test
812,The farmer liked the soldier.,active,farmer,soldier,like,gen_test
812,The soldier was liked by the farmer.,passive,farmer,soldier,like,gen_test
813,The farmer loved the soldier.,active,farmer,soldier,love,gen_test
813,The soldier was loved by the farmer.,passive,farmer,soldier,love,gen_test
814,The farmer touched the soldier.,active,farmer,soldier,touch,gen_test
814,The soldier was touched by the farmer.,passive,farmer,soldier,touch,gen_test
815,The farmer watched the soldier.,active,farmer,soldier,watch,gen_test
815,The soldier was watched by the farmer.,passive,farmer,soldier,watch,gen_test
816,The farmer called the student.,active,farmer,student,call,train
816,The student was called by the farmer.,passive,farmer,student,call,train
817,The farmer followed the student.,active,farmer,student,follow,train
817,The student was followed by the farmer.,passive,farmer,student,follow,train
818,The farmer helped the student.,active,farmer,student,help,train
818,The student was helped by the farmer.,passive,farmer,student,help,train
819,The farmer kicked the student.,active,farmer,student,kick,train
819,The student was kicked by the farmer.,passive,farmer,student,kick,train
820,The farmer liked the student.,active,farmer,student,like,train
820,The student was liked by the farmer.,passive,farmer,student,like,train
821,The farmer loved the student.,active,farmer,student,love,val
821,The student was loved by the farmer.,passive,farmer,student,love,val
822,The farmer touched the student.,active,farmer,student,touch,train
822,The student was touched by the farmer.,passive,farmer,student,touch,train
823,The farmer watched the student.,active,farmer,student,watch,train
823,The student was watched by the farmer.,passive,farmer,student,watch,train
824,The farmer called the teacher.,active,farmer,teacher,call,gen_test
824,The teacher was called by the farmer.,passive,farmer,teacher,call,gen_test
825,The farmer followed the teacher.,active,farmer,teacher,follow,gen_test
825,The teacher was followed by the farmer.,passive,farmer,teacher,follow,gen_test
826,The farmer helped the teacher.,active,farmer,teacher,help,gen_test
826,The teacher was helped by the farmer.,passive,farmer,teacher,help,gen_test
827,The farmer kicked the teacher.,active,farmer,teacher,kick,gen_test
827,The teacher was kicked by the farmer.,passive,farmer,teacher,kick,gen_test
828,The farmer liked the teacher.,active,farmer,teacher,like,gen_test
828,The teacher was liked by the farmer.,passive,farmer,teacher,like,gen_test
829,The farmer loved the teacher.,active,farmer,teacher,love,gen_test
829,The teacher was loved by the farmer.,passive,farmer,teacher,love,gen_test
830,The farmer touched the teacher.,active,farmer,teacher,touch,gen_test
830,The teacher was touched by the farmer.,passive,farmer,teacher,touch,gen_test
831,The farmer watched the teacher.,active,farmer,teacher,watch,gen_test
831,The teacher was watched by the farmer.,passive,farmer,teacher,watch,gen_test
832,The farmer called the woman.,active,farmer,woman,call,val
832,The woman was called by the farmer.,passive,farmer,woman,call,val
833,The farmer followed the woman.,active,farmer,woman,follow,train
833,The woman was followed by the farmer.,passive,farmer,woman,follow,train
834,The farmer helped the woman.,active,farmer,woman,help,train
834,The woman was helped by the farmer.,passive,farmer,woman,help,train
835,The farmer kicked the woman.,active,farmer,woman,kick,train
835,The woman was kicked by the farmer.,passive,farmer,woman,kick,train
836,The farmer liked the woman.,active,farmer,woman,like,train
836,The woman was liked by the farmer.,passive,farmer,woman,like,train
837,The farmer loved the woman.,active,farmer,woman,love,test
837,The woman was loved by the farmer.,passive,farmer,woman,love,test
838,The farmer touched the woman.,active,farmer,woman,touch,train
838,The woman was touched by the farmer.,passive,farmer,woman,touch,train
839,The farmer watched the woman.,active,farmer,woman,watch,val
839,The woman was watched by the farmer.,passive,farmer,woman,watch,val
840,The girl called the actor.,active,girl,actor,call,test
840,The actor was called by the girl.,passive,girl,actor,call,test
841,The girl followed the actor.,active,girl,actor,follow,train
841,The actor was followed by the girl.,passive,girl,actor,follow,train
842,The girl helped the actor.,active,girl,actor,help,train
842,The actor was helped by the girl.,passive,girl,actor,help,train
843,The girl kicked the actor.,active,girl,actor,kick,val
843,The actor was kicked by the girl.,passive,girl,actor,kick,val
844,The girl liked the actor.,active,girl,actor,like,val
844,The actor was liked by the girl.,passive,girl,actor,like,val
845,The girl loved the actor.,active,girl,actor,love,train
845,The actor was loved by the girl.,passive,girl,actor,love,train
846,The girl touched the actor.,active,girl,actor,touch,train
846,The actor was touched by the girl.,passive,girl,actor,touch,train
847,The girl watched the actor.,active,girl,actor,watch,train
847,The actor was watched by the girl.,passive,girl,actor,watch,train
848,The girl called the artist.,active,girl,artist,call,gen_test
848,The artist was called by the girl.,passive,girl,artist,call,gen_test
849,The girl followed the artist.,active,girl,artist,follow,gen_test
849,The artist was followed by the girl.,passive,girl,artist,follow,gen_test
850,The girl helped the artist.,active,girl,artist,help,gen_test
850,The artist was helped by the girl.,passive,girl,artist,help,gen_test
851,The girl kicked the artist.,active,girl,artist,kick,gen_test
851,The artist was kicked by the girl.,passive,girl,artist,kick,gen_test
852,The girl liked the artist.,active,girl,artist,like,gen_test
852,The artist was liked by the girl.,passive,girl,artist,like,gen_test
853,The girl loved the artist.,active,girl,artist,love,gen_test
853,The artist was loved by the girl.,passive,girl,artist,love,gen_test
854,The girl touched the artist.,active,girl,artist,touch,gen_test
854,The artist was touched by the girl.,passive,girl,artist,touch,gen_test
855,The girl watched the artist.,active,girl,artist,watch,gen_test
855,The artist was watched by the girl.,passive,girl,artist,watch,gen_test
856,The girl called the baby.,active,girl,baby,call,test
856,The baby was called by the girl.,passive,girl,baby,call,test
857,The girl followed the baby.,active,girl,baby,follow,train
857,The baby was followed by the girl.,passive,girl,baby,follow,train
858,The girl helped the baby.,active,girl,baby,help,test
858,The baby was helped by the girl.,passive,girl,baby,help,test
859,The girl kicked the baby.,active,girl,baby,kick,train
859,The baby was kicked by the girl.,passive,girl,baby,kick,train
860,The girl liked the baby.,active,girl,baby,like,val
860,The baby was liked by the girl.,passive,girl,baby,like,val
861,The girl loved the baby.,active,girl,baby,love,train
861,The baby was loved by the girl.,passive,girl,baby,love,train
862,The girl touched the baby.,active,girl,baby,touch,train
862,The baby was touched by the girl.,passive,girl,baby,touch,train
863,The girl watched the baby.,active,girl,baby,watch,val
863,The baby was watched by the girl.,passive,girl,baby,watch,val
864,The girl called the boy.,active,girl,boy,call,train
864,The boy was called by the girl.,passive,girl,boy,call,train
865,The girl followed the boy.,active,girl,boy,follow,val
865,The boy was followed by the girl.,passive,girl,boy,follow,val
866,The girl helped the boy.,active,girl,boy,help,val
866,The boy was helped by the girl.,passive,girl,boy,help,val
867,The girl kicked the boy.,active,girl,boy,kick,train
867,The boy was kicked by the girl.,passive,girl,boy,kick,train
868,The girl liked the boy.,active,girl,boy,like,train
868,The boy was liked by the girl.,passive,girl,boy,like,train
869,The girl loved the boy.,active,girl,boy,love,val
869,The boy was loved by the girl.,passive,girl,boy,love,val
870,The girl touched the boy.,active,girl,boy,touch,train
870,The boy was touched by the girl.,passive,girl,boy,touch,train
871,The girl watched the boy.,active,girl,boy,watch,train
871,The boy was watched by the girl.,passive,girl,boy,watch,train
872,The girl called the child.,active,girl,child,call,gen_test
872,The child was called by the girl.,passive,girl,child,call,gen_test
873,The girl followed the child.,active,girl,child,follow,gen_test
873,The child was followed by the girl.,passive,girl,child,follow,gen_test
874,The girl helped the child.,active,girl,child,help,gen_test
874,The child was helped by the girl.,passive,girl,child,help,gen_test
875,The girl kicked the child.,active,girl,child,kick,gen_test
875,The child was kicked by the girl.,passive,girl,child,kick,gen_test
876,The girl liked the child.,active,girl,child,like,gen_test
876,The child was liked by the girl.,passive,girl,child,like,gen_test
877,The girl loved the child.,active,girl,child,love,gen_test
877,The child was loved by the girl.,passive,girl,child,love,gen_test
878,The girl touched the child.,active,girl,child,touch,gen_test
878,The child was touched by the girl.,passive,girl,child,touch,gen_test
879,The girl watched the child.,active,girl,child,watch,gen_test
879,The child was watched by the girl.,passive,girl,child,watch,gen_test
880,The girl called the doctor.,active,girl,doctor,call,train
880,The doctor was called by the girl.,passive,girl,doctor,call,train
881,The girl followed the doctor.,active,girl,doctor,follow,train
881,The doctor was followed by the girl.,passive,girl,doctor,follow,train
882,The girl helped the doctor.,active,girl,doctor,help,test
882,The doctor was helped by the girl.,passive,girl,doctor,help,test
883,The girl kicked the doctor.,active,girl,doctor,kick,train
883,The doctor was kicked by the girl.,passive,girl,doctor,kick,train
884,The girl liked the doctor.,active,girl,doctor,like,train
884,The doctor was liked by the girl.,passive,girl,doctor,like,train
885,The girl loved the doctor.,active,girl,doctor,love,train
885,The doctor was loved by the girl.,passive,girl,doctor,love,train
886,The girl touched the doctor.,active,girl,doctor,touch,train
886,The doctor was touched by the girl.,passive,girl,doctor,touch,train
887,The girl watched the doctor.,active,girl,doctor,watch,train
887,The doctor was watched by the girl.,passive,girl,doctor,watch,train
888,The girl called the farmer.,active,girl,farmer,call,train
888,The farmer was called by the girl.,passive,girl,farmer,call,train
889,The girl followed the farmer.,active,girl,farmer,follow,train
889,The farmer was followed by the girl.,passive,girl,farmer,follow,train
890,The girl helped the farmer.,active,girl,farmer,help,train
890,The farmer was helped by the girl.,passive,girl,farmer,help,train
891,The girl kicked the farmer.,active,girl,farmer,kick,train
891,The farmer was kicked by the girl.,passive,girl,farmer,kick,train
892,The girl liked the farmer.,active,girl,farmer,like,train
892,The farmer was liked by the girl.,passive,girl,farmer,like,train
893,The girl loved the farmer.,active,girl,farmer,love,test
893,The farmer was loved by the girl.,passive,girl,farmer,love,test
894,The girl touched the farmer.,active,girl,farmer,touch,train
894,The farmer was touched by the girl.,passive,girl,farmer,touch,train
895,The girl watched the farmer.,active,girl,farmer,watch,val
895,The farmer was watched by the girl.,passive,girl,farmer,watch,val
896,The girl called the king.,active,girl,king,call,val
896,The king was called by the girl.,passive,girl,king,call,val
897,The girl followed the king.,active,girl,king,follow,train
897,The king was followed by the girl.,passive,girl,king,follow,train
898,The girl helped the king.,active,girl,king,help,train
898,The king was helped by the girl.,passive,girl,king,help,train
899,The girl kicked the king.,active,girl,king,kick,train
899,The king was kicked by the girl.,passive,girl,king,kick,train
900,The girl liked the king.,active,girl,king,like,train
900,The king was liked by the girl.,passive,girl,king,like,train
901,The girl loved the king.,active,girl,king,love,train
901,The king was loved by the girl.,passive,girl,king,love,train
902,The girl touched the king.,active,girl,king,touch,train
902,The king was touched by the girl.,passive,girl,king,touch,train
903,The girl watched the king.,active,girl,king,watch,train
903,The king was watched by the girl.,passive,girl,king,watch,train
904,The girl called the man.,active,girl,man,call,train
904,The man was called by the girl.,passive,girl,man,call,train
905,The girl followed the man.,active,girl,man,follow,train
905,The man was followed by the girl.,passive,girl,man,follow,train
906,The girl helped the man.,active,girl,man,help,train
906,The man was helped by the girl.,passive,girl,man,help,train
907,The girl kicked the man.,active,girl,man,kick,train
907,The man was kicked by the girl.,passive,girl,man,kick,train
908,The girl liked the man.,active,girl,man,like,train
908,The man was liked by the girl.,passive,girl,man,like,train
909,The girl loved the man.,active,girl,man,love,test
909,The man was loved by the girl.,passive,girl,man,love,test
910,The girl touched the man.,active,girl,man,touch,train
910,The man was touched by the girl.,passive,girl,man,touch,train
911,The girl watched the man.,active,girl,man,watch,train
911,The man was watched by the girl.,passive,girl,man,watch,train
912,The girl called the nurse.,active,girl,nurse,call,train
912,The nurse was called by the girl.,passive,girl,nurse,call,train
913,The girl followed the nurse.,active,girl,nurse,follow,train
913,The nurse was followed by the girl.,passive,girl,nurse,follow,train
914,The girl helped the nurse.,active,girl,nurse,help,train
914,The nurse was helped by the girl.,passive,girl,nurse,help,train
915,The girl kicked the nurse.,active,girl,nurse,kick,train
915,The nurse was kicked by the girl.,passive,girl,nurse,kick,train
916,The girl liked the nurse.,active,girl,nurse,like,train
916,The nurse was liked by the girl.,passive,girl,nurse,like,train
917,The girl loved the nurse.,active,girl,nurse,love,train
917,The nurse was loved by the girl.,passive,girl,nurse,love,train
918,The girl touched the nurse.,active,girl,nurse,touch,train
918,The nurse was touched by the girl.,passive,girl,nurse,touch,train
919,The girl watched the nurse.,active,girl,nurse,watch,train
919,The nurse was watched by the girl.,passive,girl,nurse,watch,train
920,The girl called the queen.,active,girl,queen,call,train
920,The queen was called by the girl.,passive,girl,queen,call,train
921,The girl followed the queen.,active,girl,queen,follow,train
921,The queen was followed by the girl.,passive,girl,queen,follow,train
922,The girl helped the queen.,active,girl,queen,help,train
922,The queen was helped by the girl.,passive,girl,queen,help,train
923,The girl kicked the queen.,active,girl,queen,kick,train
923,The queen was kicked by the girl.,passive,girl,queen,kick,train
924,The girl liked the queen.,active,girl,queen,like,test
924,The queen was liked by the girl.,passive,girl,queen,like,test
925,The girl loved the queen.,active,girl,queen,love,train
925,The queen was loved by the girl.,passive,girl,queen,love,train
926,The girl touched the queen.,active,girl,queen,touch,test
926,The queen was touched by the girl.,passive,girl,queen,touch,test
927,The girl watched the queen.,active,girl,queen,watch,train
927,The queen was watched by the girl.,passive,girl,queen,watch,train
928,The girl called the soldier.,active,girl,soldier,call,gen_test
928,The soldier was called by the girl.,passive,girl,soldier,call,gen_test
929,The girl followed the soldier.,active,girl,soldier,follow,gen_test
929,The soldier was followed by the girl.,passive,girl,soldier,follow,gen_test
930,The girl helped the soldier.,active,girl,soldier,help,gen_test
930,The soldier was helped by the girl.,passive,girl,soldier,help,gen_test
931,The girl kicked the soldier.,active,girl,soldier,kick,gen_test
931,The soldier was kicked by the girl.,passive,girl,soldier,kick,gen_test
932,The girl liked the soldier.,active,girl,soldier,like,gen_test
932,The soldier was liked by the girl.,passive,girl,soldier,like,gen_test
933,The girl loved the soldier.,active,girl,soldier,love,gen_test
933,The soldier was loved by the girl.,passive,girl,soldier,love,gen_test
934,The girl touched the soldier.,active,girl,soldier,touch,gen_test
934,The soldier was touched by the girl.,passive,girl,soldier,touch,gen_test
935,The girl watched the soldier.,active,girl,soldier,watch,gen_test
935,The soldier was watched by the girl.,passive,girl,soldier,watch,gen_test
936,The girl called the student.,active,girl,student,call,train
936,The student was called by the girl.,passive,girl,student,call,train
937,The girl followed the student.,active,girl,student,follow,train
937,The student was followed by the girl.,passive,girl,student,follow,train
938,The girl helped the student.,active,girl,student,help,train
938,The student was helped by the girl.,passive,girl,student,help,train
939,The girl kicked the student.,active,girl,student,kick,val
939,The student was kicked by the girl.,passive,girl,student,kick,val
940,The girl liked the student.,active,girl,student,like,train
940,The student was liked by the girl.,passive,girl,student,like,train
941,The girl loved the student.,active,girl,student,love,train
941,The student was loved by the girl.,passive,girl,student,love,train
942,The girl touched the student.,active,girl,student,touch,train
942,The student was touched by the girl.,passive,girl,student,touch,train
943,The girl watched the student.,active,girl,student,watch,train
943,The student was watched by the girl.,passive,girl,student,watch,train
944,The girl called the teacher.,active,girl,teacher,call,gen_test
944,The teacher was called by the girl.,passive,girl,teacher,call,gen_test
945,The girl followed the teacher.,active,girl,teacher,follow,gen_test
945,The teacher was followed by the girl.,passive,girl,teacher,follow,gen_test
946,The girl helped the teacher.,active,girl,teacher,help,gen_test
946,The teacher was helped by the girl.,passive,girl,teacher,help,gen_test
947,The girl kicked the teacher.,active,girl,teacher,kick,gen_test
947,The teacher was kicked by the girl.,passive,girl,teacher,kick,gen_test
948,The girl liked the teacher.,active,girl,teacher,like,gen_test
948,The teacher was liked by the girl.,passive,girl,teacher,like,gen_test
949,The girl loved the teacher.,active,girl,teacher,love,gen_test
949,The teacher was loved by the girl.,passive,girl,teacher,love,gen_test
950,The girl touched the teacher.,active,girl,teacher,touch,gen_test
950,The teacher was touched by the girl.,passive,girl,teacher,touch,gen_test
951,The girl watched the teacher.,active,girl,teacher,watch,gen_test
951,The teacher was watched by the girl.,passive,girl,teacher,watch,gen_test
952,The girl called the woman.,active,girl,woman,call,train
952,The woman was called by the girl.,passive,girl,woman,call,train
953,The girl followed the woman.,active,girl,woman,follow,train
953,The woman was followed by the girl.,passive,girl,woman,follow,train
954,The girl helped the woman.,active,girl,woman,help,train
954,The woman was helped by the girl.,passive,girl,woman,help,train
955,The girl kicked the woman.,active,girl,woman,kick,train
955,The woman was kicked by the girl.,passive,girl,woman,kick,train
956,The girl liked the woman.,active,girl,woman,like,train
956,The woman was liked by the girl.,passive,girl,woman,like,train
957,The girl loved the woman.,active,girl,woman,love,train
957,The woman was loved by the girl.,passive,girl,woman,love,train
958,The girl touched the woman.,active,girl,woman,touch,train
958,The woman was touched by the girl.,passive,girl,woman,touch,train
959,The girl watched the woman.,active,girl,woman,watch,train
959,The woman was watched by the girl.,passive,girl,woman,watch,train
960,The king called the actor.,active,king,actor,call,val
960,The actor was called by the king.,passive,king,actor,call,val
961,The king followed the actor.,active,king,actor,follow,train
961,The actor was followed by the king.,passive,king,actor,follow,train
962,The king helped the actor.,active,king,actor,help,train
962,The actor was helped by the king.,passive,king,actor,help,train
963,The king kicked the actor.,active,king,actor,kick,train
963,The actor was kicked by the king.,passive,king,actor,kick,train
964,The king liked the actor.,active,king,actor,like,train
964,The actor was liked by the king.,passive,king,actor,like,train
965,The king loved the actor.,active,king,actor,love,train
965,The actor was loved by the king.,passive,king,actor,love,train
966,The king touched the actor.,active,king,actor,touch,train
966,The actor was touched by the king.,passive,king,actor,touch,train
967,The king watched the actor.,active,king,actor,watch,test
967,The actor was watched by the king.,passive,king,actor,watch,test
968,The king called the artist.,active,king,artist,call,gen_test
968,The artist was called by the king.,passive,king,artist,call,gen_test
969,The king followed the artist.,active,king,artist,follow,gen_test
969,The artist was followed by the king.,passive,king,artist,follow,gen_test
970,The king helped the artist.,active,king,artist,help,gen_test
970,The artist was helped by the king.,passive,king,artist,help,gen_test
971,The king kicked the artist.,active,king,artist,kick,gen_test
971,The artist was kicked by the king.,passive,king,artist,kick,gen_test
972,The king liked the artist.,active,king,artist,like,gen_test
972,The artist was liked by the king.,passive,king,artist,like,gen_test
973,The king loved the artist.,active,king,artist,love,gen_test
973,The artist was loved by the king.,passive,king,artist,love,gen_test
974,The king touched the artist.,active,king,artist,touch,gen_test
974,The artist was touched by the king.,passive,king,artist,touch,gen_test
975,The king watched the artist.,active,king,artist,watch,gen_test
975,The artist was watched by the king.,passive,king,artist,watch,gen_test
976,The king called the baby.,active,king,baby,call,train
976,The baby was called by the king.,passive,king,baby,call,train
977,The king followed the baby.,active,king,baby,follow,train
977,The baby was followed by the king.,passive,king,baby,follow,train
978,The king helped the baby.,active,king,baby,help,train
978,The baby was helped by the king.,passive,king,baby,help,train
979,The king kicked the baby.,active,king,baby,kick,train
979,The baby was kicked by the king.,passive,king,baby,kick,train
980,The king liked the baby.,active,king,baby,like,train
980,The baby was liked by the king.,passive,king,baby,like,train
981,The king loved the baby.,active,king,baby,love,val
981,The baby was loved by the king.,passive,king,baby,love,val
982,The king touched the baby.,active,king,baby,touch,train
982,The baby was touched by the king.,passive,king,baby,touch,train
983,The king watched the baby.,active,king,baby,watch,train
983,The baby was watched by the king.,passive,king,baby,watch,train
984,The king called the boy.,active,king,boy,call,train
984,The boy was called by the king.,passive,king,boy,call,train
985,The king followed the boy.,active,king,boy,follow,test
985,The boy was followed by the king.,passive,king,boy,follow,test
986,The king helped the boy.,active,king,boy,help,test
986,The boy was helped by the king.,passive,king,boy,help,test
987,The king kicked the boy.,active,king,boy,kick,train
987,The boy was kicked by the king.,passive,king,boy,kick,train
988,The king liked the boy.,active,king,boy,like,train
988,The boy was liked by the king.,passive,king,boy,like,train
989,The king loved the boy.,active,king,boy,love,train
989,The boy was loved by the king.,passive,king,boy,love,train
990,The king touched the boy.,active,king,boy,touch,train
990,The boy was touched by the king.,passive,king,boy,touch,train
991,The king watched the boy.,active,king,boy,watch,train
991,The boy was watched by the king.,passive,king,boy,watch,train
992,The king called the child.,active,king,child,call,gen_test
992,The child was called by the king.,passive,king,child,call,gen_test
993,The king followed the child.,active,king,child,follow,gen_test
993,The child was followed by the king.,passive,king,child,follow,gen_test
994,The king helped the child.,active,king,child,help,gen_test
994,The child was helped by the king.,passive,king,child,help,gen_test
995,The king kicked the child.,active,king,child,kick,gen_test
995,The child was kicked by the king.,passive,king,child,kick,gen_test
996,The king liked the child.,active,king,child,like,gen_test
996,The child was liked by the king.,passive,king,child,like,gen_test
997,The king loved the child.,active,king,child,love,gen_test
997,The child was loved by the king.,passive,king,child,love,gen_test
998,The king touched the child.,active,king,child,touch,gen_test
998,The child was touched by the king.,passive,king,child,touch,gen_test
999,The king watched the child.,active,king,child,watch,gen_test
999,The child was watched by the king.,passive,king,child,watch,gen_test
1000,The king called the doctor.,active,king,doctor,call,train
1000,The doctor was called by the king.,passive,king,doctor,call,train
1001,The king followed the doctor.,active,king,doctor,follow,train
1001,The doctor was followed by the king.,passive,king,doctor,follow,train
1002,The king helped the doctor.,active,king,doctor,help,train
1002,The doctor was helped by the king.,passive,king,doctor,help,train
1003,The king kicked the doctor.,active,king,doctor,kick,train
1003,The doctor was kicked by the king.,passive,king,doctor,kick,train
1004,The king liked the doctor.,active,king,doctor,like,train
1004,The doctor was liked by the king.,passive,king,doctor,like,train
1005,The king loved the doctor.,active,king,doctor,love,train
1005,The doctor was loved by the king.,passive,king,doctor,love,train
1006,The king touched the doctor.,active,king,doctor,touch,train
1006,The doctor was touched by the king.,passive,king,doctor,touch,train
1007,The king watched the doctor.,active,king,doctor,watch,train
1007,The doctor was watched by the king.,passive,king,doctor,watch,train
1008,The king called the farmer.,active,king,farmer,call,train
1008,The farmer was called by the king.,passive,king,farmer,call,train
1009,The king followed the farmer.,active,king,farmer,follow,train
1009,The farmer was followed by the king.,passive,king,farmer,follow,train
1010,The king helped the farmer.,active,king,farmer,help,train
1010,The farmer was helped by the king.,passive,king,farmer,help,train
1011,The king kicked the farmer.,active,king,farmer,kick,train
1011,The farmer was kicked by the king.,passive,king,farmer,kick,train
1012,The king liked the farmer.,active,king,farmer,like,val
1012,The farmer was liked by the king.,passive,king,farmer,like,val
1013,The king loved the farmer.,active,king,farmer,love,train
1013,The farmer was loved by the king.,passive,king,farmer,love,train
1014,The king touched the farmer.,active,king,farmer,touch,train
1014,The farmer was touched by the king.,passive,king,farmer,touch,train
1015,The king watched the farmer.,active,king,farmer,watch,train
1015,The farmer was watched by the king.,passive,king,farmer,watch,train
1016,The king called the girl.,active,king,girl,call,val
1016,The girl was called by the king.,passive,king,girl,call,val
1017,The king followed the girl.,active,king,girl,follow,train
1017,The girl was followed by the king.,passive,king,girl,follow,train
1018,The king helped the girl.,active,king,girl,help,train
1018,The girl was helped by the king.,passive,king,girl,help,train
1019,The king kicked the girl.,active,king,girl,kick,train
1019,The girl was kicked by the king.,passive,king,girl,kick,train
1020,The king liked the girl.,active,king,girl,like,train
1020,The girl was liked by the king.,passive,king,girl,like,train
1021,The king loved the girl.,active,king,girl,love,train
1021,The girl was loved by the king.,passive,king,girl,love,train
1022,The king touched the girl.,active,king,girl,touch,train
1022,The girl was touched by the king.,passive,king,girl,touch,train
1023,The king watched the girl.,active,king,girl,watch,train
1023,The girl was watched by the king.,passive,king,girl,watch,train
1024,The king called the man.,active,king,man,call,train
1024,The man was called by the king.,passive,king,man,call,train
1025,The king followed the man.,active,king,man,follow,train
1025,The man was followed by the king.,passive,king,man,follow,train
1026,The king helped the man.,active,king,man,help,train
1026,The man was helped by the king.,passive,king,man,help,train
1027,The king kicked the man.,active,king,man,kick,train
1027,The man was kicked by the king.,passive,king,man,kick,train
1028,The king liked the man.,active,king,man,like,test
1028,The man was liked by the king.,passive,king,man,like,test
1029,The king loved the man.,active,king,man,love,test
1029,The man was loved by the king.,passive,king,man,love,test
1030,The king touched the man.,active,king,man,touch,test
1030,The man was touched by the king.,passive,king,man,touch,test
1031,The king watched the man.,active,king,man,watch,train
1031,The man was watched by the king.,passive,king,man,watch,train
1032,The king called the nurse.,active,king,nurse,call,train
1032,The nurse was called by the king.,passive,king,nurse,call,train
1033,The king followed the nurse.,active,king,nurse,follow,train
1033,The nurse was followed by the king.,passive,king,nurse,follow,train
1034,The king helped the nurse.,active,king,nurse,help,train
1034,The nurse was helped by the king.,passive,king,nurse,help,train
1035,The king kicked the nurse.,active,king,nurse,kick,train
1035,The nurse was kicked by the king.,passive,king,nurse,kick,train
1036,The king liked the nurse.,active,king,nurse,like,train
1036,The nurse was liked by the king.,passive,king,nurse,like,train
1037,The king loved the nurse.,active,king,nurse,love,train
1037,The nurse was loved by the king.,passive,king,nurse,love,train
1038,The king touched the nurse.,active,king,nurse,touch,train
1038,The nurse was touched by the king.,passive,king,nurse,touch,train
1039,The king watched the nurse.,active,king,nurse,watch,train
1039,The nurse was watched by the king.,passive,king,nurse,watch,train
1040,The king called the queen.,active,king,queen,call,val
1040,The queen was called by the king.,passive,king,queen,call,val
1041,The king followed the queen.,active,king,queen,follow,train
1041,The queen was followed by the king.,passive,king,queen,follow,train
1042,The king helped the queen.,active,king,queen,help,train
1042,The queen was helped by the king.,passive,king,queen,help,train
1043,The king kicked the queen.,active,king,queen,kick,val
1043,The queen was kicked by the king.,passive,king,queen,kick,val
1044,The king liked the queen.,active,king,queen,like,train
1044,The queen was liked by the king.,passive,king,queen,like,train
1045,The king loved the queen.,active,king,queen,love,test
1045,The queen was loved by the king.,passive,king,queen,love,test
1046,The king touched the queen.,active,king,queen,touch,train
1046,The queen was touched by the king.,passive,king,queen,touch,train
1047,The king watched the queen.,active,king,queen,watch,train
1047,The queen was watched by the king.,passive,king,queen,watch,train
1048,The king called the soldier.,active,king,soldier,call,gen_test
1048,The soldier was called by the king.,passive,king,soldier,call,gen_test
1049,The king followed the soldier.,active,king,soldier,follow,gen_test
1049,The soldier was followed by the king.,passive,king,soldier,follow,gen_test
1050,The king helped the soldier.,active,king,soldier,help,gen_test
1050,The soldier was helped by the king.,passive,king,soldier,help,gen_test
1051,The king kicked the soldier.,active,king,soldier,kick,gen_test
1051,The soldier was kicked by the king.,passive,king,soldier,kick,gen_test
1052,The king liked the soldier.,active,king,soldier,like,gen_test
1052,The soldier was liked by the king.,passive,king,soldier,like,gen_test
1053,The king loved the soldier.,active,king,soldier,love,gen_test
1053,The soldier was loved by the king.,passive,king,soldier,love,gen_test
1054,The king touched the soldier.,active,king,soldier,touch,gen_test
1054,The soldier was touched by the king.,passive,king,soldier,touch,gen_test
1055,The king watched the soldier.,active,king,soldier,watch,gen_test
1055,The soldier was watched by the king.,passive,king,soldier,watch,gen_test
1056,The king called the student.,active,king,student,call,test
1056,The student was called by the king.,passive,king,student,call,test
1057,The king followed the student.,active,king,student,follow,test
1057,The student was followed by the king.,passive,king,student,follow,test
1058,The king helped the student.,active,king,student,help,train
1058,The student was helped by the king.,passive,king,student,help,train
1059,The king kicked the student.,active,king,student,kick,train
1059,The student was kicked by the king.,passive,king,student,kick,train
1060,The king liked the student.,active,king,student,like,train
1060,The student was liked by the king.,passive,king,student,like,train
1061,The king loved the student.,active,king,student,love,val
1061,The student was loved by the king.,passive,king,student,love,val
1062,The king touched the student.,active,king,student,touch,train
1062,The student was touched by the king.,passive,king,student,touch,train
1063,The king watched the student.,active,king,student,watch,train
1063,The student was watched by the king.,passive,king,student,watch,train
1064,The king called the teacher.,active,king,teacher,call,gen_test
1064,The teacher was called by the king.,passive,king,teacher,call,gen_test
1065,The king followed the teacher.,active,king,teacher,follow,gen_test
1065,The teacher was followed by the king.,passive,king,teacher,follow,gen_test
1066,The king helped the teacher.,active,king,teacher,help,gen_test
1066,The teacher was helped by the king.,passive,king,teacher,help,gen_test
1067,The king kicked the teacher.,active,king,teacher,kick,gen_test
1067,The teacher was kicked by the king.,passive,king,teacher,kick,gen_test
1068,The king liked the teacher.,active,king,teacher,like,gen_test
1068,The teacher was liked by the king.,passive,king,teacher,like,gen_test
1069,The king loved the teacher.,active,king,teacher,love,gen_test
1069,The teacher was loved by the king.,passive,king,teacher,love,gen_test
1070,The king touched the teacher.,active,king,teacher,touch,gen_test
1070,The teacher was touched by the king.,passive,king,teacher,touch,gen_test
1071,The king watched the teacher.,active,king,teacher,watch,gen_test
1071,The teacher was watched by the king.,passive,king,teacher,watch,gen_test
1072,The king called the woman.,active,king,woman,call,train
1072,The woman was called by the king.,passive,king,woman,call,train
1073,The king followed the woman.,active,king,woman,follow,val
1073,The woman was followed by the king.,passive,king,woman,follow,val
1074,The king helped the woman.,active,king,woman,help,train
1074,The woman was helped by the king.,passive,king,woman,help,train
1075,The king kicked the woman.,active,king,woman,kick,val
1075,The woman was kicked by the king.,passive,king,woman,kick,val
1076,The king liked the woman.,active,king,woman,like,train
1076,The woman was liked by the king.,passive,king,woman,like,train
1077,The king loved the woman.,active,king,woman,love,test
1077,The woman was loved by the king.,passive,king,woman,love,test
1078,The king touched the woman.,active,king,woman,touch,train
1078,The woman was touched by the king.,passive,king,woman,touch,train
1079,The king watched the woman.,active,king,woman,watch,train
1079,The woman was watched by the king.,passive,king,woman,watch,train
1080,The man called the actor.,active,man,actor,call,train
1080,The actor was called by the man.,passive,man,actor,call,train
1081,The man followed the actor.,active,man,actor,follow,test
1081,The actor was followed by the man.,passive,man,actor,follow,test
1082,The man helped the actor.,active,man,actor,help,train
1082,The actor was helped by the man.,passive,man,actor,help,train
1083,The man kicked the actor.,active,man,actor,kick,val
1083,The actor was kicked by the man.,passive,man,actor,kick,val
1084,The man liked the actor.,active,man,actor,like,test
1084,The actor was liked by the man.,passive,man,actor,like,test
1085,The man loved the actor.,active,man,actor,love,train
1085,The actor was loved by the man.,passive,man,actor,love,train
1086,The man touched the actor.,active,man,actor,touch,train
1086,The actor was touched by the man.,passive,man,actor,touch,train
1087,The man watched the actor.,active,man,actor,watch,train
1087,The actor was watched by the man.,passive,man,actor,watch,train
1088,The man called the artist.,active,man,artist,call,gen_test
1088,The artist was called by the man.,passive,man,artist,call,gen_test
1089,The man followed the artist.,active,man,artist,follow,gen_test
1089,The artist was followed by the man.,passive,man,artist,follow,gen_test
1090,The man helped the artist.,active,man,artist,help,gen_test
1090,The artist was helped by the man.,passive,man,artist,help,gen_test
1091,The man kicked the artist.,active,man,artist,kick,gen_test
1091,The artist was kicked by the man.,passive,man,artist,kick,gen_test
1092,The man liked the artist.,active,man,artist,like,gen_test
1092,The artist was liked by the man.,passive,man,artist,like,gen_test
1093,The man loved the artist.,active,man,artist,love,gen_test
1093,The artist was loved by the man.,passive,man,artist,love,gen_test
1094,The man touched the artist.,active,man,artist,touch,gen_test
1094,The artist was touched by the man.,passive,man,artist,touch,gen_test
1095,The man watched the artist.,active,man,artist,watch,gen_test
1095,The artist was watched by the man.,passive,man,artist,watch,gen_test
1096,The man called the baby.,active,man,baby,call,train
1096,The baby was called by the man.,passive,man,baby,call,train
1097,The man followed the baby.,active,man,baby,follow,train
1097,The baby was followed by the man.,passive,man,baby,follow,train
1098,The man helped the baby.,active,man,baby,help,train
1098,The baby was helped by the man.,passive,man,baby,help,train
1099,The man kicked the baby.,active,man,baby,kick,train
1099,The baby was kicked by the man.,passive,man,baby,kick,train
1100,The man liked the baby.,active,man,baby,like,train
1100,The baby was liked by the man.,passive,man,baby,like,train
1101,The man loved the baby.,active,man,baby,love,train
1101,The baby was loved by the man.,passive,man,baby,love,train
1102,The man touched the baby.,active,man,baby,touch,train
1102,The baby was touched by the man.,passive,man,baby,touch,train
1103,The man watched the baby.,active,man,baby,watch,test
1103,The baby was watched by the man.,passive,man,baby,watch,test
1104,The man called the boy.,active,man,boy,call,train
1104,The boy was called by the man.,passive,man,boy,call,train
1105,The man followed the boy.,active,man,boy,follow,train
1105,The boy was followed by the man.,passive,man,boy,follow,train
1106,The man helped the boy.,active,man,boy,help,train
1106,The boy was helped by the man.,passive,man,boy,help,train
1107,The man kicked the boy.,active,man,boy,kick,test
1107,The boy was kicked by the man.,passive,man,boy,kick,test
1108,The man liked the boy.,active,man,boy,like,train
1108,The boy was liked by the man.,passive,man,boy,like,train
1109,The man loved the boy.,active,man,boy,love,train
1109,The boy was loved by the man.,passive,man,boy,love,train
1110,The man touched the boy.,active,man,boy,touch,train
1110,The boy was touched by the man.,passive,man,boy,touch,train
1111,The man watched the boy.,active,man,boy,watch,train
1111,The boy was watched by the man.,passive,man,boy,watch,train
1112,The man called the child.,active,man,child,call,gen_test
1112,The child was called by the man.,passive,man,child,call,gen_test
1113,The man followed the child.,active,man,child,follow,gen_test
1113,The child was followed by the man.,passive,man,child,follow,gen_test
1114,The man helped the child.,active,man,child,help,gen_test
1114,The child was helped by the man.,passive,man,child,help,gen_test
1115,The man kicked the child.,active,man,child,kick,gen_test
1115,The child was kicked by the man.,passive,man,child,kick,gen_test
1116,The man liked the child.,active,man,child,like,gen_test
1116,The child was liked by the man.,passive,man,child,like,gen_test
1117,The man loved the child.,active,man,child,love,gen_test
1117,The child was loved by the man.,passive,man,child,love,gen_test
1118,The man touched the child.,active,man,child,touch,gen_test
1118,The child was touched by the man.,passive,man,child,touch,gen_test
1119,The man watched the child.,active,man,child,watch,gen_test
1119,The child was watched by the man.,passive,man,child,watch,gen_test
1120,The man called the doctor.,active,man,doctor,call,train
1120,The doctor was called by the man.,passive,man,doctor,call,train
1121,The man followed the doctor.,active,man,doctor,follow,train
1121,The doctor was followed by the man.,passive,man,doctor,follow,train
1122,The man helped the doctor.,active,man,doctor,help,train
1122,The doctor was helped by the man.,passive,man,doctor,help,train
1123,The man kicked the doctor.,active,man,doctor,kick,train
1123,The doctor was kicked by the man.,passive,man,doctor,kick,train
1124,The man liked the doctor.,active,man,doctor,like,train
1124,The doctor was liked by the man.,passive,man,doctor,like,train
1125,The man loved the doctor.,active,man,doctor,love,train
1125,The doctor was loved by the man.,passive,man,doctor,love,train
1126,The man touched the doctor.,active,man,doctor,touch,train
1126,The doctor was touched by the man.,passive,man,doctor,touch,train
1127,The man watched the doctor.,active,man,doctor,watch,train
1127,The doctor was watched by the man.,passive,man,doctor,watch,train
1128,The man called the farmer.,active,man,farmer,call,train
1128,The farmer was called by the man.,passive,man,farmer,call,train
1129,The man followed the farmer.,active,man,farmer,follow,val
1129,The farmer was followed by the man.,passive,man,farmer,follow,val
1130,The man helped the farmer.,active,man,farmer,help,train
1130,The farmer was helped by the man.,passive,man,farmer,help,train
1131,The man kicked the farmer.,active,man,farmer,kick,train
1131,The farmer was kicked by the man.,passive,man,farmer,kick,train
1132,The man liked the farmer.,active,man,farmer,like,train
1132,The farmer was liked by the man.,passive,man,farmer,like,train
1133,The man loved the farmer.,active,man,farmer,love,val
1133,The farmer was loved by the man.,passive,man,farmer,love,val
1134,The man touched the farmer.,active,man,farmer,touch,train
1134,The farmer was touched by the man.,passive,man,farmer,touch,train
1135,The man watched the farmer.,active,man,farmer,watch,val
1135,The farmer was watched by the man.,passive,man,farmer,watch,val
1136,The man called the girl.,active,man,girl,call,train
1136,The girl was called by the man.,passive,man,girl,call,train
1137,The man followed the girl.,active,man,girl,follow,train
1137,The girl was followed by the man.,passive,man,girl,follow,train
1138,The man helped the girl.,active,man,girl,help,train
1138,The girl was helped by the man.,passive,man,girl,help,train
1139,The man kicked the girl.,active,man,girl,kick,train
1139,The girl was kicked by the man.,passive,man,girl,kick,train
1140,The man liked the girl.,active,man,girl,like,train
1140,The girl was liked by the man.,passive,man,girl,like,train
1141,The man loved the girl.,active,man,girl,love,test
1141,The girl was loved by the man.,passive,man,girl,love,test
1142,The man touched the girl.,active,man,girl,touch,train
1142,The girl was touched by the man.,passive,man,girl,touch,train
1143,The man watched the girl.,active,man,girl,watch,train
1143,The girl was watched by the man.,passive,man,girl,watch,train
1144,The man called the king.,active,man,king,call,train
1144,The king was called by the man.,passive,man,king,call,train
1145,The man followed the king.,active,man,king,follow,train
1145,The king was followed by the man.,passive,man,king,follow,train
1146,The man helped the king.,active,man,king,help,train
1146,The king was helped by the man.,passive,man,king,help,train
1147,The man kicked the king.,active,man,king,kick,train
1147,The king was kicked by the man.,passive,man,king,kick,train
1148,The man liked the king.,active,man,king,like,test
1148,The king was liked by the man.,passive,man,king,like,test
1149,The man loved the king.,active,man,king,love,test
1149,The king was loved by the man.,passive,man,king,love,test
1150,The man touched the king.,active,man,king,touch,test
1150,The king was touched by the man.,passive,man,king,touch,test
1151,The man watched the king.,active,man,king,watch,train
1151,The king was watched by the man.,passive,man,king,watch,train
1152,The man called the nurse.,active,man,nurse,call,val
1152,The nurse was called by the man.,passive,man,nurse,call,val
1153,The man followed the nurse.,active,man,nurse,follow,train
1153,The nurse was followed by the man.,passive,man,nurse,follow,train
1154,The man helped the nurse.,active,man,nurse,help,train
1154,The nurse was helped by the man.,passive,man,nurse,help,train
1155,The man kicked the nurse.,active,man,nurse,kick,val
1155,The nurse was kicked by the man.,passive,man,nurse,kick,val
1156,The man liked the nurse.,active,man,nurse,like,train
1156,The nurse was liked by the man.,passive,man,nurse,like,train
1157,The man loved the nurse.,active,man,nurse,love,val
1157,The nurse was loved by the man.,passive,man,nurse,love,val
1158,The man touched the nurse.,active,man,nurse,touch,train
1158,The nurse was touched by the man.,passive,man,nurse,touch,train
1159,The man watched the nurse.,active,man,nurse,watch,train
1159,The nurse was watched by the man.,passive,man,nurse,watch,train
1160,The man called the queen.,active,man,queen,call,train
1160,The queen was called by the man.,passive,man,queen,call,train
1161,The man followed the queen.,active,man,queen,follow,train
1161,The queen was followed by the man.,passive,man,queen,follow,train
1162,The man helped the queen.,active,man,queen,help,train
1162,The queen was helped by the man.,passive,man,queen,help,train
1163,The man kicked the queen.,active,man,queen,kick,train
1163,The queen was kicked by the man.,passive,man,queen,kick,train
1164,The man liked the queen.,active,man,queen,like,train
1164,The queen was liked by the man.,passive,man,queen,like,train
1165,The man loved the queen.,active,man,queen,love,train
1165,The queen was loved by the man.,passive,man,queen,love,train
1166,The man touched the queen.,active,man,queen,touch,train
1166,The queen was touched by the man.,passive,man,queen,touch,train
1167,The man watched the queen.,active,man,queen,watch,train
1167,The queen was watched by the man.,passive,man,queen,watch,train
1168,The man called the soldier.,active,man,soldier,call,gen_test
1168,The soldier was called by the man.,passive,man,soldier,call,gen_test
1169,The man followed the soldier.,active,man,soldier,follow,gen_test
1169,The soldier was followed by the man.,passive,man,soldier,follow,gen_test
1170,The man helped the soldier.,active,man,soldier,help,gen_test
1170,The soldier was helped by the man.,passive,man,soldier,help,gen_test
1171,The man kicked the soldier.,active,man,soldier,kick,gen_test
1171,The soldier was kicked by the man.,passive,man,soldier,kick,gen_test
1172,The man liked the soldier.,active,man,soldier,like,gen_test
1172,The soldier was liked by the man.,passive,man,soldier,like,gen_test
1173,The man loved the soldier.,active,man,soldier,love,gen_test
1173,The soldier was loved by the man.,passive,man,soldier,love,gen_test
1174,The man touched the soldier.,active,man,soldier,touch,gen_test
1174,The soldier was touched by the man.,passive,man,soldier,touch,gen_test
1175,The man watched the soldier.,active,man,soldier,watch,gen_test
1175,The soldier was watched by the man.,passive,man,soldier,watch,gen_test
1176,The man called the student.,active,man,student,call,train
1176,The student was called by the man.,passive,man,student,call,train
1177,The man followed the student.,active,man,student,follow,train
1177,The student was followed by the man.,passive,man,student,follow,train
1178,The man helped the student.,active,man,student,help,train
1178,The student was helped by the man.,passive,man,student,help,train
1179,The man kicked the student.,active,man,student,kick,train
1179,The student was kicked by the man.,passive,man,student,kick,train
1180,The man liked the student.,active,man,student,like,train
1180,The student was liked by the man.,passive,man,student,like,train
1181,The man loved the student.,active,man,student,love,train
1181,The student was loved by the man.,passive,man,student,love,train
1182,The man touched the student.,active,man,student,touch,train
1182,The student was touched by the man.,passive,man,student,touch,train
1183,The man watched the student.,active,man,student,watch,train
1183,The student was watched by the man.,passive,man,student,watch,train
1184,The man called the teacher.,active,man,teacher,call,gen_test
1184,The teacher was called by the man.,passive,man,teacher,call,gen_test
1185,The man followed the teacher.,active,man,teacher,follow,gen_test
1185,The teacher was followed by the man.,passive,man,teacher,follow,gen_test
1186,The man helped the teacher.,active,man,teacher,help,gen_test
1186,The teacher was helped by the man.,passive,man,teacher,help,gen_test
1187,The man kicked the teacher.,active,man,teacher,kick,gen_test
1187,The teacher was kicked by the man.,passive,man,teacher,kick,gen_test
1188,The man liked the teacher.,active,man,teacher,like,gen_test
1188,The teacher was liked by the man.,passive,man,teacher,like,gen_test
1189,The man loved the teacher.,active,man,teacher,love,gen_test
1189,The teacher was loved by the man.,passive,man,teacher,love,gen_test
1190,The man touched the teacher.,active,man,teacher,touch,gen_test
1190,The teacher was touched by the man.,passive,man,teacher,touch,gen_test
1191,The man watched the teacher.,active,man,teacher,watch,gen_test
1191,The teacher was watched by the man.,passive,man,teacher,watch,gen_test
1192,The man called the woman.,active,man,woman,call,test
1192,The woman was called by the man.,passive,man,woman,call,test
1193,The man followed the woman.,active,man,woman,follow,train
1193,The woman was followed by the man.,passive,man,woman,follow,train
1194,The man helped the woman.,active,man,woman,help,val
1194,The woman was helped by the man.,passive,man,woman,help,val
1195,The man kicked the woman.,active,man,woman,kick,train
1195,The woman was kicked by the man.,passive,man,woman,kick,train
1196,The man liked the woman.,active,man,woman,like,train
1196,The woman was liked by the man.,passive,man,woman,like,train
1197,The man loved the woman.,active,man,woman,love,train
1197,The woman was loved by the man.,passive,man,woman,love,train
1198,The man touched the woman.,active,man,woman,touch,train
1198,The woman was touched by the man.,passive,man,woman,touch,train
1199,The man watched the woman.,active,man,woman,watch,train
1199,The woman was watched by the man.,passive,man,woman,watch,train
1200,The nurse called the actor.,active,nurse,actor,call,train
1200,The actor was called by the nurse.,passive,nurse,actor,call,train
1201,The nurse followed the actor.,active,nurse,actor,follow,train
1201,The actor was followed by the nurse.,passive,nurse,actor,follow,train
1202,The nurse helped the actor.,active,nurse,actor,help,train
1202,The actor was helped by the nurse.,passive,nurse,actor,help,train
1203,The nurse kicked the actor.,active,nurse,actor,kick,train
1203,The actor was kicked by the nurse.,passive,nurse,actor,kick,train
1204,The nurse liked the actor.,active,nurse,actor,like,train
1204,The actor was liked by the nurse.,passive,nurse,actor,like,train
1205,The nurse loved the actor.,active,nurse,actor,love,train
1205,The actor was loved by the nurse.,passive,nurse,actor,love,train
1206,The nurse touched the actor.,active,nurse,actor,touch,train
1206,The actor was touched by the nurse.,passive,nurse,actor,touch,train
1207,The nurse watched the actor.,active,nurse,actor,watch,test
1207,The actor was watched by the nurse.,passive,nurse,actor,watch,test
1208,The nurse called the artist.,active,nurse,artist,call,gen_test
1208,The artist was called by the nurse.,passive,nurse,artist,call,gen_test
1209,The nurse followed the artist.,active,nurse,artist,follow,gen_test
1209,The artist was followed by the nurse.,passive,nurse,artist,follow,gen_test
1210,The nurse helped the artist.,active,nurse,artist,help,gen_test
1210,The artist was helped by the nurse.,passive,nurse,artist,help,gen_test
1211,The nurse kicked the artist.,active,nurse,artist,kick,gen_test
1211,The artist was kicked by the nurse.,passive,nurse,artist,kick,gen_test
1212,The nurse liked the artist.,active,nurse,artist,like,gen_test
1212,The artist was liked by the nurse.,passive,nurse,artist,like,gen_test
1213,The nurse loved the artist.,active,nurse,artist,love,gen_test
1213,The artist was loved by the nurse.,passive,nurse,artist,love,gen_test
1214,The nurse touched the artist.,active,nurse,artist,touch,gen_test
1214,The artist was touched by the nurse.,passive,nurse,artist,touch,gen_test
1215,The nurse watched the artist.,active,nurse,artist,watch,gen_test
1215,The artist was watched by the nurse.,passive,nurse,artist,watch,gen_test
1216,The nurse called the baby.,active,nurse,baby,call,val
1216,The baby was called by the nurse.,passive,nurse,baby,call,val
1217,The nurse followed the baby.,active,nurse,baby,follow,train
1217,The baby was followed by the nurse.,passive,nurse,baby,follow,train
1218,The nurse helped the baby.,active,nurse,baby,help,val
1218,The baby was helped by the nurse.,passive,nurse,baby,help,val
1219,The nurse kicked the baby.,active,nurse,baby,kick,train
1219,The baby was kicked by the nurse.,passive,nurse,baby,kick,train
1220,The nurse liked the baby.,active,nurse,baby,like,train
1220,The baby was liked by the nurse.,passive,nurse,baby,like,train
1221,The nurse loved the baby.,active,nurse,baby,love,train
1221,The baby was loved by the nurse.,passive,nurse,baby,love,train
1222,The nurse touched the baby.,active,nurse,baby,touch,test
1222,The baby was touched by the nurse.,passive,nurse,baby,touch,test
1223,The nurse watched the baby.,active,nurse,baby,watch,train
1223,The baby was watched by the nurse.,passive,nurse,baby,watch,train
1224,The nurse called the boy.,active,nurse,boy,call,train
1224,The boy was called by the nurse.,passive,nurse,boy,call,train
1225,The nurse followed the boy.,active,nurse,boy,follow,train
1225,The boy was followed by the nurse.,passive,nurse,boy,follow,train
1226,The nurse helped the boy.,active,nurse,boy,help,train
1226,The boy was helped by the nurse.,passive,nurse,boy,help,train
1227,The nurse kicked the boy.,active,nurse,boy,kick,train
1227,The boy was kicked by the nurse.,passive,nurse,boy,kick,train
1228,The nurse liked the boy.,active,nurse,boy,like,train
1228,The boy was liked by the nurse.,passive,nurse,boy,like,train
1229,The nurse loved the boy.,active,nurse,boy,love,train
1229,The boy was loved by the nurse.,passive,nurse,boy,love,train
1230,The nurse touched the boy.,active,nurse,boy,touch,train
1230,The boy was touched by the nurse.,passive,nurse,boy,touch,train
1231,The nurse watched the boy.,active,nurse,boy,watch,train
1231,The boy was watched by the nurse.,passive,nurse,boy,watch,train
1232,The nurse called the child.,active,nurse,child,call,gen_test
1232,The child was called by the nurse.,passive,nurse,child,call,gen_test
1233,The nurse followed the child.,active,nurse,child,follow,gen_test
1233,The child was followed by the nurse.,passive,nurse,child,follow,gen_test
1234,The nurse helped the child.,active,nurse,child,help,gen_test
1234,The child was helped by the nurse.,passive,nurse,child,help,gen_test
1235,The nurse kicked the child.,active,nurse,child,kick,gen_test
1235,The child was kicked by the nurse.,passive,nurse,child,kick,gen_test
1236,The nurse liked the child.,active,nurse,child,like,gen_test
1236,The child was liked by the nurse.,passive,nurse,child,like,gen_test
1237,The nurse loved the child.,active,nurse,child,love,gen_test
1237,The child was loved by the nurse.,passive,nurse,child,love,gen_test
1238,The nurse touched the child.,active,nurse,child,touch,gen_test
1238,The child was touched by the nurse.,passive,nurse,child,touch,gen_test
1239,The nurse watched the child.,active,nurse,child,watch,gen_test
1239,The child was watched by the nurse.,passive,nurse,child,watch,gen_test
1240,The nurse called the doctor.,active,nurse,doctor,call,train
1240,The doctor was called by the nurse.,passive,nurse,doctor,call,train
1241,The nurse followed the doctor.,active,nurse,doctor,follow,val
1241,The doctor was followed by the nurse.,passive,nurse,doctor,follow,val
1242,The nurse helped the doctor.,active,nurse,doctor,help,test
1242,The doctor was helped by the nurse.,passive,nurse,doctor,help,test
1243,The nurse kicked the doctor.,active,nurse,doctor,kick,train
1243,The doctor was kicked by the nurse.,passive,nurse,doctor,kick,train
1244,The nurse liked the doctor.,active,nurse,doctor,like,train
1244,The doctor was liked by the nurse.,passive,nurse,doctor,like,train
1245,The nurse loved the doctor.,active,nurse,doctor,love,train
1245,The doctor was loved by the nurse.,passive,nurse,doctor,love,train
1246,The nurse touched the doctor.,active,nurse,doctor,touch,train
1246,The doctor was touched by the nurse.,passive,nurse,doctor,touch,train
1247,The nurse watched the doctor.,active,nurse,doctor,watch,train
1247,The doctor was watched by the nurse.,passive,nurse,doctor,watch,train
1248,The nurse called the farmer.,active,nurse,farmer,call,train
1248,The farmer was called by the nurse.,passive,nurse,farmer,call,train
1249,The nurse followed the farmer.,active,nurse,farmer,follow,train
1249,The farmer was followed by the nurse.,passive,nurse,farmer,follow,train
1250,The nurse helped the farmer.,active,nurse,farmer,help,train
1250,The farmer was helped by the nurse.,passive,nurse,farmer,help,train
1251,The nurse kicked the farmer.,active,nurse,farmer,kick,val
1251,The farmer was kicked by the nurse.,passive,nurse,farmer,kick,val
1252,The nurse liked the farmer.,active,nurse,farmer,like,train
1252,The farmer was liked by the nurse.,passive,nurse,farmer,like,train
1253,The nurse loved the farmer.,active,nurse,farmer,love,train
1253,The farmer was loved by the nurse.,passive,nurse,farmer,love,train
1254,The nurse touched the farmer.,active,nurse,farmer,touch,train
1254,The farmer was touched by the nurse.,passive,nurse,farmer,touch,train
1255,The nurse watched the farmer.,active,nurse,farmer,watch,train
1255,The farmer was watched by the nurse.,passive,nurse,farmer,watch,train
1256,The nurse called the girl.,active,nurse,girl,call,train
1256,The girl was called by the nurse.,passive,nurse,girl,call,train
1257,The nurse followed the girl.,active,nurse,girl,follow,train
1257,The girl was followed by the nurse.,passive,nurse,girl,follow,train
1258,The nurse helped the girl.,active,nurse,girl,help,train
1258,The girl was helped by the nurse.,passive,nurse,girl,help,train
1259,The nurse kicked the girl.,active,nurse,girl,kick,train
1259,The girl was kicked by the nurse.,passive,nurse,girl,kick,train
1260,The nurse liked the girl.,active,nurse,girl,like,train
1260,The girl was liked by the nurse.,passive,nurse,girl,like,train
1261,The nurse loved the girl.,active,nurse,girl,love,train
1261,The girl was loved by the nurse.,passive,nurse,girl,love,train
1262,The nurse touched the girl.,active,nurse,girl,touch,train
1262,The girl was touched by the nurse.,passive,nurse,girl,touch,train
1263,The nurse watched the girl.,active,nurse,girl,watch,train
1263,The girl was watched by the nurse.,passive,nurse,girl,watch,train
1264,The nurse called the king.,active,nurse,king,call,train
1264,The king was called by the nurse.,passive,nurse,king,call,train
1265,The nurse followed the king.,active,nurse,king,follow,train
1265,The king was followed by the nurse.,passive,nurse,king,follow,train
1266,The nurse helped the king.,active,nurse,king,help,train
1266,The king was helped by the nurse.,passive,nurse,king,help,train
1267,The nurse kicked the king.,active,nurse,king,kick,train
1267,The king was kicked by the nurse.,passive,nurse,king,kick,train
1268,The nurse liked the king.,active,nurse,king,like,train
1268,The king was liked by the nurse.,passive,nurse,king,like,train
1269,The nurse loved the king.,active,nurse,king,love,train
1269,The king was loved by the nurse.,passive,nurse,king,love,train
1270,The nurse touched the king.,active,nurse,king,touch,train
1270,The king was touched by the nurse.,passive,nurse,king,touch,train
1271,The nurse watched the king.,active,nurse,king,watch,train
1271,The king was watched by the nurse.,passive,nurse,king,watch,train
1272,The nurse called the man.,active,nurse,man,call,val
1272,The man was called by the nurse.,passive,nurse,man,call,val
1273,The nurse followed the man.,active,nurse,man,follow,train
1273,The man was followed by the nurse.,passive,nurse,man,follow,train
1274,The nurse helped the man.,active,nurse,man,help,train
1274,The man was helped by the nurse.,passive,nurse,man,help,train
1275,The nurse kicked the man.,active,nurse,man,kick,val
1275,The man was kicked by the nurse.,passive,nurse,man,kick,val
1276,The nurse liked the man.,active,nurse,man,like,train
1276,The man was liked by the nurse.,passive,nurse,man,like,train
1277,The nurse loved the man.,active,nurse,man,love,val
1277,The man was loved by the nurse.,passive,nurse,man,love,val
1278,The nurse touched the man.,active,nurse,man,touch,train
1278,The man was touched by the nurse.,passive,nurse,man,touch,train
1279,The nurse watched the man.,active,nurse,man,watch,train
1279,The man was watched by the nurse.,passive,nurse,man,watch,train
1280,The nurse called the queen.,active,nurse,queen,call,val
1280,The queen was called by the nurse.,passive,nurse,queen,call,val
1281,The nurse followed the queen.,active,nurse,queen,follow,train
1281,The queen was followed by the nurse.,passive,nurse,queen,follow,train
1282,The nurse helped the queen.,active,nurse,queen,help,train
1282,The queen was helped by the nurse.,passive,nurse,queen,help,train
1283,The nurse kicked the queen.,active,nurse,queen,kick,train
1283,The queen was kicked by the nurse.,passive,nurse,queen,kick,train
1284,The nurse liked the queen.,active,nurse,queen,like,train
1284,The queen was liked by the nurse.,passive,nurse,queen,like,train
1285,The nurse loved the queen.,active,nurse,queen,love,train
1285,The queen was loved by the nurse.,passive,nurse,queen,love,train
1286,The nurse touched the queen.,active,nurse,queen,touch,train
1286,The queen was touched by the nurse.,passive,nurse,queen,touch,train
1287,The nurse watched the queen.,active,nurse,queen,watch,train
1287,The queen was watched by the nurse.,passive,nurse,queen,watch,train
1288,The nurse called the soldier.,active,nurse,soldier,call,gen_test
1288,The soldier was called by the nurse.,passive,nurse,soldier,call,gen_test
1289,The nurse followed the soldier.,active,nurse,soldier,follow,gen_test
1289,The soldier was followed by the nurse.,passive,nurse,soldier,follow,gen_test
1290,The nurse helped the soldier.,active,nurse,soldier,help,gen_test
1290,The soldier was helped by the nurse.,passive,nurse,soldier,help,gen_test
1291,The nurse kicked the soldier.,active,nurse,soldier,kick,gen_test
1291,The soldier was kicked by the nurse.,passive,nurse,soldier,kick,gen_test
1292,The nurse liked the soldier.,active,nurse,soldier,like,gen_test
1292,The soldier was liked by the nurse.,passive,nurse,soldier,like,gen_test
1293,The nurse loved the soldier.,active,nurse,soldier,love,gen_test
1293,The soldier was loved by the nurse.,passive,nurse,soldier,love,gen_test
1294,The nurse touched the soldier.,active,nurse,soldier,touch,gen_test
1294,The soldier was touched by the nurse.,passive,nurse,soldier,touch,gen_test
1295,The nurse watched the soldier.,active,nurse,soldier,watch,gen_test
1295,The soldier was watched by the nurse.,passive,nurse,soldier,watch,gen_test
1296,The nurse called the student.,active,nurse,student,call,train
1296,The student was called by the nurse.,passive,nurse,student,call,train
1297,The nurse followed the student.,active,nurse,student,follow,val
1297,The student was followed by the nurse.,passive,nurse,student,follow,val
1298,The nurse helped the student.,active,nurse,student,help,test
1298,The student was helped by the nurse.,passive,nurse,student,help,test
1299,The nurse kicked the student.,active,nurse,student,kick,train
1299,The student was kicked by the nurse.,passive,nurse,student,kick,train
1300,The nurse liked the student.,active,nurse,student,like,train
1300,The student was liked by the nurse.,passive,nurse,student,like,train
1301,The nurse loved the student.,active,nurse,student,love,train
1301,The student was loved by the nurse.,passive,nurse,student,love,train
1302,The nurse touched the student.,active,nurse,student,touch,train
1302,The student was touched by the nurse.,passive,nurse,student,touch,train
1303,The nurse watched the student.,active,nurse,student,watch,train
1303,The student was watched by the nurse.,passive,nurse,student,watch,train
1304,The nurse called the teacher.,active,nurse,teacher,call,gen_test
1304,The teacher was called by the nurse.,passive,nurse,teacher,call,gen_test
1305,The nurse followed the teacher.,active,nurse,teacher,follow,gen_test
1305,The teacher was followed by the nurse.,passive,nurse,teacher,follow,gen_test
1306,The nurse helped the teacher.,active,nurse,teacher,help,gen_test
1306,The teacher was helped by the nurse.,passive,nurse,teacher,help,gen_test
1307,The nurse kicked the teacher.,active,nurse,teacher,kick,gen_test
1307,The teacher was kicked by the nurse.,passive,nurse,teacher,kick,gen_test
1308,The nurse liked the teacher.,active,nurse,teacher,like,gen_test
1308,The teacher was liked by the nurse.,passive,nurse,teacher,like,gen_test
1309,The nurse loved the teacher.,active,nurse,teacher,love,gen_test
1309,The teacher was loved by the nurse.,passive,nurse,teacher,love,gen_test
1310,The nurse touched the teacher.,active,nurse,teacher,touch,gen_test
1310,The teacher was touched by the nurse.,passive,nurse,teacher,touch,gen_test
1311,The nurse watched the teacher.,active,nurse,teacher,watch,gen_test
1311,The teacher was watched by the nurse.,passive,nurse,teacher,watch,gen_test
1312,The nurse called the woman.,active,nurse,woman,call,train
1312,The woman was called by the nurse.,passive,nurse,woman,call,train
1313,The nurse followed the woman.,active,nurse,woman,follow,val
1313,The woman was followed by the nurse.,passive,nurse,woman,follow,val
1314,The nurse helped the woman.,active,nurse,woman,help,train
1314,The woman was helped by the nurse.,passive,nurse,woman,help,train
1315,The nurse kicked the woman.,active,nurse,woman,kick,train
1315,The woman was kicked by the nurse.,passive,nurse,woman,kick,train
1316,The nurse liked the woman.,active,nurse,woman,like,train
1316,The woman was liked by the nurse.,passive,nurse,woman,like,train
1317,The nurse loved the woman.,active,nurse,woman,love,train
1317,The woman was loved by the nurse.,passive,nurse,woman,love,train
1318,The nurse touched the woman.,active,nurse,woman,touch,train
1318,The woman was touched by the nurse.,passive,nurse,woman,touch,train
1319,The nurse watched the woman.,active,nurse,woman,watch,train
1319,The woman was watched by the nurse.,passive,nurse,woman,watch,train
1320,The queen called the actor.,active,queen,actor,call,train
1320,The actor was called by the queen.,passive,queen,actor,call,train
1321,The queen followed the actor.,active,queen,actor,follow,train
1321,The actor was followed by the queen.,passive,queen,actor,follow,train
1322,The queen helped the actor.,active,queen,actor,help,train
1322,The actor was helped by the queen.,passive,queen,actor,help,train
1323,The queen kicked the actor.,active,queen,actor,kick,train
1323,The actor was kicked by the queen.,passive,queen,actor,kick,train
1324,The queen liked the actor.,active,queen,actor,like,train
1324,The actor was liked by the queen.,passive,queen,actor,like,train
1325,The queen loved the actor.,active,queen,actor,love,train
1325,The actor was loved by the queen.,passive,queen,actor,love,train
1326,The queen touched the actor.,active,queen,actor,touch,train
1326,The actor was touched by the queen.,passive,queen,actor,touch,train
1327,The queen watched the actor.,active,queen,actor,watch,train
1327,The actor was watched by the queen.,passive,queen,actor,watch,train
1328,The queen called the artist.,active,queen,artist,call,gen_test
1328,The artist was called by the queen.,passive,queen,artist,call,gen_test
1329,The queen followed the artist.,active,queen,artist,follow,gen_test
1329,The artist was followed by the queen.,passive,queen,artist,follow,gen_test
1330,The queen helped the artist.,active,queen,artist,help,gen_test
1330,The artist was helped by the queen.,passive,queen,artist,help,gen_test
1331,The queen kicked the artist.,active,queen,artist,kick,gen_test
1331,The artist was kicked by the queen.,passive,queen,artist,kick,gen_test
1332,The queen liked the artist.,active,queen,artist,like,gen_test
1332,The artist was liked by the queen.,passive,queen,artist,like,gen_test
1333,The queen loved the artist.,active,queen,artist,love,gen_test
1333,The artist was loved by the queen.,passive,queen,artist,love,gen_test
1334,The queen touched the artist.,active,queen,artist,touch,gen_test
1334,The artist was touched by the queen.,passive,queen,artist,touch,gen_test
1335,The queen watched the artist.,active,queen,artist,watch,gen_test
1335,The artist was watched by the queen.,passive,queen,artist,watch,gen_test
1336,The queen called the baby.,active,queen,baby,call,train
1336,The baby was called by the queen.,passive,queen,baby,call,train
1337,The queen followed the baby.,active,queen,baby,follow,train
1337,The baby was followed by the queen.,passive,queen,baby,follow,train
1338,The queen helped the baby.,active,queen,baby,help,train
1338,The baby was helped by the queen.,passive,queen,baby,help,train
1339,The queen kicked the baby.,active,queen,baby,kick,train
1339,The baby was kicked by the queen.,passive,queen,baby,kick,train
1340,The queen liked the baby.,active,queen,baby,like,val
1340,The baby was liked by the queen.,passive,queen,baby,like,val
1341,The queen loved the baby.,active,queen,baby,love,train
1341,The baby was loved by the queen.,passive,queen,baby,love,train
1342,The queen touched the baby.,active,queen,baby,touch,val
1342,The baby was touched by the queen.,passive,queen,baby,touch,val
1343,The queen watched the baby.,active,queen,baby,watch,train
1343,The baby was watched by the queen.,passive,queen,baby,watch,train
1344,The queen called the boy.,active,queen,boy,call,test
1344,The boy was called by the queen.,passive,queen,boy,call,test
1345,The queen followed the boy.,active,queen,boy,follow,train
1345,The boy was followed by the queen.,passive,queen,boy,follow,train
1346,The queen helped the boy.,active,queen,boy,help,train
1346,The boy was helped by the queen.,passive,queen,boy,help,train
1347,The queen kicked the boy.,active,queen,boy,kick,train
1347,The boy was kicked by the queen.,passive,queen,boy,kick,train
1348,The queen liked the boy.,active,queen,boy,like,train
1348,The boy was liked by the queen.,passive,queen,boy,like,train
1349,The queen loved the boy.,active,queen,boy,love,train
1349,The boy was loved by the queen.,passive,queen,boy,love,train
1350,The queen touched the boy.,active,queen,boy,touch,train
1350,The boy was touched by the queen.,passive,queen,boy,touch,train
1351,The queen watched the boy.,active,queen,boy,watch,test
1351,The boy was watched by the queen.,passive,queen,boy,watch,test
1352,The queen called the child.,active,queen,child,call,gen_test
1352,The child was called by the queen.,passive,queen,child,call,gen_test
1353,The queen followed the child.,active,queen,child,follow,gen_test
1353,The child was followed by the queen.,passive,queen,child,follow,gen_test
1354,The queen helped the child.,active,queen,child,help,gen_test
1354,The child was helped by the queen.,passive,queen,child,help,gen_test
1355,The queen kicked the child.,active,queen,child,kick,gen_test
1355,The child was kicked by the queen.,passive,queen,child,kick,gen_test
1356,The queen liked the child.,active,queen,child,like,gen_test
1356,The child was liked by the queen.,passive,queen,child,like,gen_test
1357,The queen loved the child.,active,queen,child,love,gen_test
1357,The child was loved by the queen.,passive,queen,child,love,gen_test
1358,The queen touched the child.,active,queen,child,touch,gen_test
1358,The child was touched by the queen.,passive,queen,child,touch,gen_test
1359,The queen watched the child.,active,queen,child,watch,gen_test
1359,The child was watched by the queen.,passive,queen,child,watch,gen_test
1360,The queen called the doctor.,active,queen,doctor,call,train
1360,The doctor was called by the queen.,passive,queen,doctor,call,train
1361,The queen followed the doctor.,active,queen,doctor,follow,test
1361,The doctor was followed by the queen.,passive,queen,doctor,follow,test
1362,The queen helped the doctor.,active,queen,doctor,help,val
1362,The doctor was helped by the queen.,passive,queen,doctor,help,val
1363,The queen kicked the doctor.,active,queen,doctor,kick,train
1363,The doctor was kicked by the queen.,passive,queen,doctor,kick,train
1364,The queen liked the doctor.,active,queen,doctor,like,train
1364,The doctor was liked by the queen.,passive,queen,doctor,like,train
1365,The queen loved the doctor.,active,queen,doctor,love,val
1365,The doctor was loved by the queen.,passive,queen,doctor,love,val
1366,The queen touched the doctor.,active,queen,doctor,touch,train
1366,The doctor was touched by the queen.,passive,queen,doctor,touch,train
1367,The queen watched the doctor.,active,queen,doctor,watch,train
1367,The doctor was watched by the queen.,passive,queen,doctor,watch,train
1368,The queen called the farmer.,active,queen,farmer,call,train
1368,The farmer was called by the queen.,passive,queen,farmer,call,train
1369,The queen followed the farmer.,active,queen,farmer,follow,train
1369,The farmer was followed by the queen.,passive,queen,farmer,follow,train
1370,The queen helped the farmer.,active,queen,farmer,help,val
1370,The farmer was helped by the queen.,passive,queen,farmer,help,val
1371,The queen kicked the farmer.,active,queen,farmer,kick,train
1371,The farmer was kicked by the queen.,passive,queen,farmer,kick,train
1372,The queen liked the farmer.,active,queen,farmer,like,train
1372,The farmer was liked by the queen.,passive,queen,farmer,like,train
1373,The queen loved the farmer.,active,queen,farmer,love,train
1373,The farmer was loved by the queen.,passive,queen,farmer,love,train
1374,The queen touched the farmer.,active,queen,farmer,touch,train
1374,The farmer was touched by the queen.,passive,queen,farmer,touch,train
1375,The queen watched the farmer.,active,queen,farmer,watch,val
1375,The farmer was watched by the queen.,passive,queen,farmer,watch,val
1376,The queen called the girl.,active,queen,girl,call,train
1376,The girl was called by the queen.,passive,queen,girl,call,train
1377,The queen followed the girl.,active,queen,girl,follow,train
1377,The girl was followed by the queen.,passive,queen,girl,follow,train
1378,The queen helped the girl.,active,queen,girl,help,train
1378,The girl was helped by the queen.,passive,queen,girl,help,train
1379,The queen kicked the girl.,active,queen,girl,kick,train
1379,The girl was kicked by the queen.,passive,queen,girl,kick,train
1380,The queen liked the girl.,active,queen,girl,like,test
1380,The girl was liked by the queen.,passive,queen,girl,like,test
1381,The queen loved the girl.,active,queen,girl,love,train
1381,The girl was loved by the queen.,passive,queen,girl,love,train
1382,The queen touched the girl.,active,queen,girl,touch,test
1382,The girl was touched by the queen.,passive,queen,girl,touch,test
1383,The queen watched the girl.,active,queen,girl,watch,train
1383,The girl was watched by the queen.,passive,queen,girl,watch,train
1384,The queen called the king.,active,queen,king,call,val
1384,The king was called by the queen.,passive,queen,king,call,val
1385,The queen followed the king.,active,queen,king,follow,train
1385,The king was followed by the queen.,passive,queen,king,follow,train
1386,The queen helped the king.,active,queen,king,help,train
1386,The king was helped by the queen.,passive,queen,king,help,train
1387,The queen kicked the king.,active,queen,king,kick,val
1387,The king was kicked by the queen.,passive,queen,king,kick,val
1388,The queen liked the king.,active,queen,king,like,train
1388,The king was liked by the queen.,passive,queen,king,like,train
1389,The queen loved the king.,active,queen,king,love,test
1389,The king was loved by the queen.,passive,queen,king,love,test
1390,The queen touched the king.,active,queen,king,touch,train
1390,The king was touched by the queen.,passive,queen,king,touch,train
1391,The queen watched the king.,active,queen,king,watch,train
1391,The king was watched by the queen.,passive,queen,king,watch,train
1392,The queen called the man.,active,queen,man,call,train
1392,The man was called by the queen.,passive,queen,man,call,train
1393,The queen followed the man.,active,queen,man,follow,train
1393,The man was followed by the queen.,passive,queen,man,follow,train
1394,The queen helped the man.,active,queen,man,help,train
1394,The man was helped by the queen.,passive,queen,man,help,train
1395,The queen kicked the man.,active,queen,man,kick,train
1395,The man was kicked by the queen.,passive,queen,man,kick,train
1396,The queen liked the man.,active,queen,man,like,train
1396,The man was liked by the queen.,passive,queen,man,like,train
1397,The queen loved the man.,active,queen,man,love,train
1397,The man was loved by the queen.,passive,queen,man,love,train
1398,The queen touched the man.,active,queen,man,touch,train
1398,The man was touched by the queen.,passive,queen,man,touch,train
1399,The queen watched the man.,active,queen,man,watch,train
1399,The man was watched by the queen.,passive,queen,man,watch,train
1400,The queen called the nurse.,active,queen,nurse,call,val
1400,The nurse was called by the queen.,passive,queen,nurse,call,val
1401,The queen followed the nurse.,active,queen,nurse,follow,train
1401,The nurse was followed by the queen.,passive,queen,nurse,follow,train
1402,The queen helped the nurse.,active,queen,nurse,help,train
1402,The nurse was helped by the queen.,passive,queen,nurse,help,train
1403,The queen kicked the nurse.,active,queen,nurse,kick,train
1403,The nurse was kicked by the queen.,passive,queen,nurse,kick,train
1404,The queen liked the nurse.,active,queen,nurse,like,train
1404,The nurse was liked by the queen.,passive,queen,nurse,like,train
1405,The queen loved the nurse.,active,queen,nurse,love,train
1405,The nurse was loved by the queen.,passive,queen,nurse,love,train
1406,The queen touched the nurse.,active,queen,nurse,touch,train
1406,The nurse was touched by the queen.,passive,queen,nurse,touch,train
1407,The queen watched the nurse.,active,queen,nurse,watch,train
1407,The nurse was watched by the queen.,passive,queen,nurse,watch,train
1408,The queen called the soldier.,active,queen,soldier,call,gen_test
1408,The soldier was called by the queen.,passive,queen,soldier,call,gen_test
1409,The queen followed the soldier.,active,queen,soldier,follow,gen_test
1409,The soldier was followed by the queen.,passive,queen,soldier,follow,gen_test
1410,The queen helped the soldier.,active,queen,soldier,help,gen_test
1410,The soldier was helped by the queen.,passive,queen,soldier,help,gen_test
1411,The queen kicked the soldier.,active,queen,soldier,kick,gen_test
1411,The soldier was kicked by the queen.,passive,queen,soldier,kick,gen_test
1412,The queen liked the soldier.,active,queen,soldier,like,gen_test
1412,The soldier was liked by the queen.,passive,queen,soldier,like,gen_test
1413,The queen loved the soldier.,active,queen,soldier,love,gen_test
1413,The soldier was loved by the queen.,passive,queen,soldier,love,gen_test
1414,The queen touched the soldier.,active,queen,soldier,touch,gen_test
1414,The soldier was touched by the queen.,passive,queen,soldier,touch,gen_test
1415,The queen watched the soldier.,active,queen,soldier,watch,gen_test
1415,The soldier was watched by the queen.,passive,queen,soldier,watch,gen_test
1416,The queen called the student.,active,queen,student,call,train
1416,The student was called by the queen.,passive,queen,student,call,train
1417,The queen followed the student.,active,queen,student,follow,val
1417,The student was followed by the queen.,passive,queen,student,follow,val
1418,The queen helped the student.,active,queen,student,help,train
1418,The student was helped by the queen.,passive,queen,student,help,train
1419,The queen kicked the student.,active,queen,student,kick,test
1419,The student was kicked by the queen.,passive,queen,student,kick,test
1420,The queen liked the student.,active,queen,student,like,train
1420,The student was liked by the queen.,passive,queen,student,like,train
1421,The queen loved the student.,active,queen,student,love,train
1421,The student was loved by the queen.,passive,queen,student,love,train
1422,The queen touched the student.,active,queen,student,touch,val
1422,The student was touched by the queen.,passive,queen,student,touch,val
1423,The queen watched the student.,active,queen,student,watch,train
1423,The student was watched by the queen.,passive,queen,student,watch,train
1424,The queen called the teacher.,active,queen,teacher,call,gen_test
1424,The teacher was called by the queen.,passive,queen,teacher,call,gen_test
1425,The queen followed the teacher.,active,queen,teacher,follow,gen_test
1425,The teacher was followed by the queen.,passive,queen,teacher,follow,gen_test
1426,The queen helped the teacher.,active,queen,teacher,help,gen_test
1426,The teacher was helped by the queen.,passive,queen,teacher,help,gen_test
1427,The queen kicked the teacher.,active,queen,teacher,kick,gen_test
1427,The teacher was kicked by the queen.,passive,queen,teacher,kick,gen_test
1428,The queen liked the teacher.,active,queen,teacher,like,gen_test
1428,The teacher was liked by the queen.,passive,queen,teacher,like,gen_test
1429,The queen loved the teacher.,active,queen,teacher,love,gen_test
1429,The teacher was loved by the queen.,passive,queen,teacher,love,gen_test
1430,The queen touched the teacher.,active,queen,teacher,touch,gen_test
1430,The teacher was touched by the queen.,passive,queen,teacher,touch,gen_test
1431,The queen watched the teacher.,active,queen,teacher,watch,gen_test
1431,The teacher was watched by the queen.,passive,queen,teacher,watch,gen_test
1432,The queen called the woman.,active,queen,woman,call,train
1432,The woman was called by the queen.,passive,queen,woman,call,train
1433,The queen followed the woman.,active,queen,woman,follow,train
1433,The woman was followed by the queen.,passive,queen,woman,follow,train
1434,The queen helped the woman.,active,queen,woman,help,train
1434,The woman was helped by the queen.,passive,queen,woman,help,train
1435,The queen kicked the woman.,active,queen,woman,kick,train
1435,The woman was kicked by the queen.,passive,queen,woman,kick,train
1436,The queen liked the woman.,active,queen,woman,like,train
1436,The woman was liked by the queen.,passive,queen,woman,like,train
1437,The queen loved the woman.,active,queen,woman,love,train
1437,The woman was loved by the queen.,passive,queen,woman,love,train
1438,The queen touched the woman.,active,queen,woman,touch,train
1438,The woman was touched by the queen.,passive,queen,woman,touch,train
1439,The queen watched the woman.,active,queen,woman,watch,train
1439,The woman was watched by the queen.,passive,queen,woman,watch,train
1440,The soldier called the actor.,active,soldier,actor,call,gen_test
1440,The actor was called by the soldier.,passive,soldier,actor,call,gen_test
1441,The soldier followed the actor.,active,soldier,actor,follow,gen_test
1441,The actor was followed by the soldier.,passive,soldier,actor,follow,gen_test
1442,The soldier helped the actor.,active,soldier,actor,help,gen_test
1442,The actor was helped by the soldier.,passive,soldier,actor,help,gen_test
1443,The soldier kicked the actor.,active,soldier,actor,kick,gen_test
1443,The actor was kicked by the soldier.,passive,soldier,actor,kick,gen_test
1444,The soldier liked the actor.,active,soldier,actor,like,gen_test
1444,The actor was liked by the soldier.,passive,soldier,actor,like,gen_test
1445,The soldier loved the actor.,active,soldier,actor,love,gen_test
1445,The actor was loved by the soldier.,passive,soldier,actor,love,gen_test
1446,The soldier touched the actor.,active,soldier,actor,touch,gen_test
1446,The actor was touched by the soldier.,passive,soldier,actor,touch,gen_test
1447,The soldier watched the actor.,active,soldier,actor,watch,gen_test
1447,The actor was watched by the soldier.,passive,soldier,actor,watch,gen_test
1448,The soldier called the artist.,active,soldier,artist,call,gen_test
1448,The artist was called by the soldier.,passive,soldier,artist,call,gen_test
1449,The soldier followed the artist.,active,soldier,artist,follow,gen_test
1449,The artist was followed by the soldier.,passive,soldier,artist,follow,gen_test
1450,The soldier helped the artist.,active,soldier,artist,help,gen_test
1450,The artist was helped by the soldier.,passive,soldier,artist,help,gen_test
1451,The soldier kicked the artist.,active,soldier,artist,kick,gen_test
1451,The artist was kicked by the soldier.,passive,soldier,artist,kick,gen_test
1452,The soldier liked the artist.,active,soldier,artist,like,gen_test
1452,The artist was liked by the soldier.,passive,soldier,artist,like,gen_test
1453,The soldier loved the artist.,active,soldier,artist,love,gen_test
1453,The artist was loved by the soldier.,passive,soldier,artist,love,gen_test
1454,The soldier touched the artist.,active,soldier,artist,touch,gen_test
1454,The artist was touched by the soldier.,passive,soldier,artist,touch,gen_test
1455,The soldier watched the artist.,active,soldier,artist,watch,gen_test
1455,The artist was watched by the soldier.,passive,soldier,artist,watch,gen_test
1456,The soldier called the baby.,active,soldier,baby,call,gen_test
1456,The baby was called by the soldier.,passive,soldier,baby,call,gen_test
1457,The soldier followed the baby.,active,soldier,baby,follow,gen_test
1457,The baby was followed by the soldier.,passive,soldier,baby,follow,gen_test
1458,The soldier helped the baby.,active,soldier,baby,help,gen_test
1458,The baby was helped by the soldier.,passive,soldier,baby,help,gen_test
1459,The soldier kicked the baby.,active,soldier,baby,kick,gen_test
1459,The baby was kicked by the soldier.,passive,soldier,baby,kick,gen_test
1460,The soldier liked the baby.,active,soldier,baby,like,gen_test
1460,The baby was liked by the soldier.,passive,soldier,baby,like,gen_test
1461,The soldier loved the baby.,active,soldier,baby,love,gen_test
1461,The baby was loved by the soldier.,passive,soldier,baby,love,gen_test
1462,The soldier touched the baby.,active,soldier,baby,touch,gen_test
1462,The baby was touched by the soldier.,passive,soldier,baby,touch,gen_test
1463,The soldier watched the baby.,active,soldier,baby,watch,gen_test
1463,The baby was watched by the soldier.,passive,soldier,baby,watch,gen_test
1464,The soldier called the boy.,active,soldier,boy,call,gen_test
1464,The boy was called by the soldier.,passive,soldier,boy,call,gen_test
1465,The soldier followed the boy.,active,soldier,boy,follow,gen_test
1465,The boy was followed by the soldier.,passive,soldier,boy,follow,gen_test
1466,The soldier helped the boy.,active,soldier,boy,help,gen_test
1466,The boy was helped by the soldier.,passive,soldier,boy,help,gen_test
1467,The soldier kicked the boy.,active,soldier,boy,kick,gen_test
1467,The boy was kicked by the soldier.,passive,soldier,boy,kick,gen_test
1468,The soldier liked the boy.,active,soldier,boy,like,gen_test
1468,The boy was liked by the soldier.,passive,soldier,boy,like,gen_test
1469,The soldier loved the boy.,active,soldier,boy,love,gen_test
1469,The boy was loved by the soldier.,passive,soldier,boy,love,gen_test
1470,The soldier touched the boy.,active,soldier,boy,touch,gen_test
1470,The boy was touched by the soldier.,passive,soldier,boy,touch,gen_test
1471,The soldier watched the boy.,active,soldier,boy,watch,gen_test
1471,The boy was watched by the soldier.,passive,soldier,boy,watch,gen_test
1472,The soldier called the child.,active,soldier,child,call,gen_test
1472,The child was called by the soldier.,passive,soldier,child,call,gen_test
1473,The soldier followed the child.,active,soldier,child,follow,gen_test
1473,The child was followed by the soldier.,passive,soldier,child,follow,gen_test
1474,The soldier helped the child.,active,soldier,child,help,gen_test
1474,The child was helped by the soldier.,passive,soldier,child,help,gen_test
1475,The soldier kicked the child.,active,soldier,child,kick,gen_test
1475,The child was kicked by the soldier.,passive,soldier,child,kick,gen_test
1476,The soldier liked the child.,active,soldier,child,like,gen_test
1476,The child was liked by the soldier.,passive,soldier,child,like,gen_test
1477,The soldier loved the child.,active,soldier,child,love,gen_test
1477,The child was loved by the soldier.,passive,soldier,child,love,gen_test
1478,The soldier touched the child.,active,soldier,child,touch,gen_test
1478,The child was touched by the soldier.,passive,soldier,child,touch,gen_test
1479,The soldier watched the child.,active,soldier,child,watch,gen_test
1479,The child was watched by the soldier.,passive,soldier,child,watch,gen_test
1480,The soldier called the doctor.,active,soldier,doctor,call,gen_test
1480,The doctor was called by the soldier.,passive,soldier,doctor,call,gen_test
1481,The soldier followed the doctor.,active,soldier,doctor,follow,gen_test
1481,The doctor was followed by the soldier.,passive,soldier,doctor,follow,gen_test
1482,The soldier helped the doctor.,active,soldier,doctor,help,gen_test
1482,The doctor was helped by the soldier.,passive,soldier,doctor,help,gen_test
1483,The soldier kicked the doctor.,active,soldier,doctor,kick,gen_test
1483,The doctor was kicked by the soldier.,passive,soldier,doctor,kick,gen_test
1484,The soldier liked the doctor.,active,soldier,doctor,like,gen_test
1484,The doctor was liked by the soldier.,passive,soldier,doctor,like,gen_test
1485,The soldier loved the doctor.,active,soldier,doctor,love,gen_test
1485,The doctor was loved by the soldier.,passive,soldier,doctor,love,gen_test
1486,The soldier touched the doctor.,active,soldier,doctor,touch,gen_test
1486,The doctor was touched by the soldier.,passive,soldier,doctor,touch,gen_test
1487,The soldier watched the doctor.,active,soldier,doctor,watch,gen_test
1487,The doctor was watched by the soldier.,passive,soldier,doctor,watch,gen_test
1488,The soldier called the farmer.,active,soldier,farmer,call,gen_test
1488,The farmer was called by the soldier.,passive,soldier,farmer,call,gen_test
1489,The soldier followed the farmer.,active,soldier,farmer,follow,gen_test
1489,The farmer was followed by the soldier.,passive,soldier,farmer,follow,gen_test
1490,The soldier helped the farmer.,active,soldier,farmer,help,gen_test
1490,The farmer was helped by the soldier.,passive,soldier,farmer,help,gen_test
1491,The soldier kicked the farmer.,active,soldier,farmer,kick,gen_test
1491,The farmer was kicked by the soldier.,passive,soldier,farmer,kick,gen_test
1492,The soldier liked the farmer.,active,soldier,farmer,like,gen_test
1492,The farmer was liked by the soldier.,passive,soldier,farmer,like,gen_test
1493,The soldier loved the farmer.,active,soldier,farmer,love,gen_test
1493,The farmer was loved by the soldier.,passive,soldier,farmer,love,gen_test
1494,The soldier touched the farmer.,active,soldier,farmer,touch,gen_test
1494,The farmer was touched by the soldier.,passive,soldier,farmer,touch,gen_test
1495,The soldier watched the farmer.,active,soldier,farmer,watch,gen_test
1495,The farmer was watched by the soldier.,passive,soldier,farmer,watch,gen_test
1496,The soldier called the girl.,active,soldier,girl,call,gen_test
1496,The girl was called by the soldier.,passive,soldier,girl,call,gen_test
1497,The soldier followed the girl.,active,soldier,girl,follow,gen_test
1497,The girl was followed by the soldier.,passive,soldier,girl,follow,gen_test
1498,The soldier helped the girl.,active,soldier,girl,help,gen_test
1498,The girl was helped by the soldier.,passive,soldier,girl,help,gen_test
1499,The soldier kicked the girl.,active,soldier,girl,kick,gen_test
1499,The girl was kicked by the soldier.,passive,soldier,girl,kick,gen_test
1500,The soldier liked the girl.,active,soldier,girl,like,gen_test
1500,The girl was liked by the soldier.,passive,soldier,girl,like,gen_test
1501,The soldier loved the girl.,active,soldier,girl,love,gen_test
1501,The girl was loved by the soldier.,passive,soldier,girl,love,gen_test
1502,The soldier touched the girl.,active,soldier,girl,touch,gen_test
1502,The girl was touched by the soldier.,passive,soldier,girl,touch,gen_test
1503,The soldier watched the girl.,active,soldier,girl,watch,gen_test
1503,The girl was watched by the soldier.,passive,soldier,girl,watch,gen_test
1504,The soldier called the king.,active,soldier,king,call,gen_test
1504,The king was called by the soldier.,passive,soldier,king,call,gen_test
1505,The soldier followed the king.,active,soldier,king,follow,gen_test
1505,The king was followed by the soldier.,passive,soldier,king,follow,gen_test
1506,The soldier helped the king.,active,soldier,king,help,gen_test
1506,The king was helped by the soldier.,passive,soldier,king,help,gen_test
1507,The soldier kicked the king.,active,soldier,king,kick,gen_test
1507,The king was kicked by the soldier.,passive,soldier,king,kick,gen_test
1508,The soldier liked the king.,active,soldier,king,like,gen_test
1508,The king was liked by the soldier.,passive,soldier,king,like,gen_test
1509,The soldier loved the king.,active,soldier,king,love,gen_test
1509,The king was loved by the soldier.,passive,soldier,king,love,gen_test
1510,The soldier touched the king.,active,soldier,king,touch,gen_test
1510,The king was touched by the soldier.,passive,soldier,king,touch,gen_test
1511,The soldier watched the king.,active,soldier,king,watch,gen_test
1511,The king was watched by the soldier.,passive,soldier,king,watch,gen_test
1512,The soldier called the man.,active,soldier,man,call,gen_test
1512,The man was called by the soldier.,passive,soldier,man,call,gen_test
1513,The soldier followed the man.,active,soldier,man,follow,gen_test
1513,The man was followed by the soldier.,passive,soldier,man,follow,gen_test
1514,The soldier helped the man.,active,soldier,man,help,gen_test
1514,The man was helped by the soldier.,passive,soldier,man,help,gen_test
1515,The soldier kicked the man.,active,soldier,man,kick,gen_test
1515,The man was kicked by the soldier.,passive,soldier,man,kick,gen_test
1516,The soldier liked the man.,active,soldier,man,like,gen_test
1516,The man was liked by the soldier.,passive,soldier,man,like,gen_test
1517,The soldier loved the man.,active,soldier,man,love,gen_test
1517,The man was loved by the soldier.,passive,soldier,man,love,gen_test
1518,The soldier touched the man.,active,soldier,man,touch,gen_test
1518,The man was touched by the soldier.,passive,soldier,man,touch,gen_test
1519,The soldier watched the man.,active,soldier,man,watch,gen_test
1519,The man was watched by the soldier.,passive,soldier,man,watch,gen_test
1520,The soldier called the nurse.,active,soldier,nurse,call,gen_test
1520,The nurse was called by the soldier.,passive,soldier,nurse,call,gen_test
1521,The soldier followed the nurse.,active,soldier,nurse,follow,gen_test
1521,The nurse was followed by the soldier.,passive,soldier,nurse,follow,gen_test
1522,The soldier helped the nurse.,active,soldier,nurse,help,gen_test
1522,The nurse was helped by the soldier.,passive,soldier,nurse,help,gen_test
1523,The soldier kicked the nurse.,active,soldier,nurse,kick,gen_test
1523,The nurse was kicked by the soldier.,passive,soldier,nurse,kick,gen_test
1524,The soldier liked the nurse.,active,soldier,nurse,like,gen_test
1524,The nurse was liked by the soldier.,passive,soldier,nurse,like,gen_test
1525,The soldier loved the nurse.,active,soldier,nurse,love,gen_test
1525,The nurse was loved by the soldier.,passive,soldier,nurse,love,gen_test
1526,The soldier touched the nurse.,active,soldier,nurse,touch,gen_test
1526,The nurse was touched by the soldier.,passive,soldier,nurse,touch,gen_test
1527,The soldier watched the nurse.,active,soldier,nurse,watch,gen_test
1527,The nurse was watched by the soldier.,passive,soldier,nurse,watch,gen_test
1528,The soldier called the queen.,active,soldier,queen,call,gen_test
1528,The queen was called by the soldier.,passive,soldier,queen,call,gen_test
1529,The soldier followed the queen.,active,soldier,queen,follow,gen_test
1529,The queen was followed by the soldier.,passive,soldier,queen,follow,gen_test
1530,The soldier helped the queen.,active,soldier,queen,help,gen_test
1530,The queen was helped by the soldier.,passive,soldier,queen,help,gen_test
1531,The soldier kicked the queen.,active,soldier,queen,kick,gen_test
1531,The queen was kicked by the soldier.,passive,soldier,queen,kick,gen_test
1532,The soldier liked the queen.,active,soldier,queen,like,gen_test
1532,The queen was liked by the soldier.,passive,soldier,queen,like,gen_test
1533,The soldier loved the queen.,active,soldier,queen,love,gen_test
1533,The queen was loved by the soldier.,passive,soldier,queen,love,gen_test
1534,The soldier touched the queen.,active,soldier,queen,touch,gen_test
1534,The queen was touched by the soldier.,passive,soldier,queen,touch,gen_test
1535,The soldier watched the queen.,active,soldier,queen,watch,gen_test
1535,The queen was watched by the soldier.,passive,soldier,queen,watch,gen_test
1536,The soldier called the student.,active,soldier,student,call,gen_test
1536,The student was called by the soldier.,passive,soldier,student,call,gen_test
1537,The soldier followed the student.,active,soldier,student,follow,gen_test
1537,The student was followed by the soldier.,passive,soldier,student,follow,gen_test
1538,The soldier helped the student.,active,soldier,student,help,gen_test
1538,The student was helped by the soldier.,passive,soldier,student,help,gen_test
1539,The soldier kicked the student.,active,soldier,student,kick,gen_test
1539,The student was kicked by the soldier.,passive,soldier,student,kick,gen_test
1540,The soldier liked the student.,active,soldier,student,like,gen_test
1540,The student was liked by the soldier.,passive,soldier,student,like,gen_test
1541,The soldier loved the student.,active,soldier,student,love,gen_test
1541,The student was loved by the soldier.,passive,soldier,student,love,gen_test
1542,The soldier touched the student.,active,soldier,student,touch,gen_test
1542,The student was touched by the soldier.,passive,soldier,student,touch,gen_test
1543,The soldier watched the student.,active,soldier,student,watch,gen_test
1543,The student was watched by the soldier.,passive,soldier,student,watch,gen_test
1544,The soldier called the teacher.,active,soldier,teacher,call,gen_test
1544,The teacher was called by the soldier.,passive,soldier,teacher,call,gen_test
1545,The soldier followed the teacher.,active,soldier,teacher,follow,gen_test
1545,The teacher was followed by the soldier.,passive,soldier,teacher,follow,gen_test
1546,The soldier helped the teacher.,active,soldier,teacher,help,gen_test
1546,The teacher was helped by the soldier.,passive,soldier,teacher,help,gen_test
1547,The soldier kicked the teacher.,active,soldier,teacher,kick,gen_test
1547,The teacher was kicked by the soldier.,passive,soldier,teacher,kick,gen_test
1548,The soldier liked the teacher.,active,soldier,teacher,like,gen_test
1548,The teacher was liked by the soldier.,passive,soldier,teacher,like,gen_test
1549,The soldier loved the teacher.,active,soldier,teacher,love,gen_test
1549,The teacher was loved by the soldier.,passive,soldier,teacher,love,gen_test
1550,The soldier touched the teacher.,active,soldier,teacher,touch,gen_test
1550,The teacher was touched by the soldier.,passive,soldier,teacher,touch,gen_test
1551,The soldier watched the teacher.,active,soldier,teacher,watch,gen_test
1551,The teacher was watched by the soldier.,passive,soldier,teacher,watch,gen_test
1552,The soldier called the woman.,active,soldier,woman,call,gen_test
1552,The woman was called by the soldier.,passive,soldier,woman,call,gen_test
1553,The soldier followed the woman.,active,soldier,woman,follow,gen_test
1553,The woman was followed by the soldier.,passive,soldier,woman,follow,gen_test
1554,The soldier helped the woman.,active,soldier,woman,help,gen_test
1554,The woman was helped by the soldier.,passive,soldier,woman,help,gen_test
1555,The soldier kicked the woman.,active,soldier,woman,kick,gen_test
1555,The woman was kicked by the soldier.,passive,soldier,woman,kick,gen_test
1556,The soldier liked the woman.,active,soldier,woman,like,gen_test
1556,The woman was liked by the soldier.,passive,soldier,woman,like,gen_test
1557,The soldier loved the woman.,active,soldier,woman,love,gen_test
1557,The woman was loved by the soldier.,passive,soldier,woman,love,gen_test
1558,The soldier touched the woman.,active,soldier,woman,touch,gen_test
1558,The woman was touched by the soldier.,passive,soldier,woman,touch,gen_test
1559,The soldier watched the woman.,active,soldier,woman,watch,gen_test
1559,The woman was watched by the soldier.,passive,soldier,woman,watch,gen_test
1560,The student called the actor.,active,student,actor,call,train
1560,The actor was called by the student.,passive,student,actor,call,train
1561,The student followed the actor.,active,student,actor,follow,train
1561,The actor was followed by the student.,passive,student,actor,follow,train
1562,The student helped the actor.,active,student,actor,help,train
1562,The actor was helped by the student.,passive,student,actor,help,train
1563,The student kicked the actor.,active,student,actor,kick,train
1563,The actor was kicked by the student.,passive,student,actor,kick,train
1564,The student liked the actor.,active,student,actor,like,train
1564,The actor was liked by the student.,passive,student,actor,like,train
1565,The student loved the actor.,active,student,actor,love,train
1565,The actor was loved by the student.,passive,student,actor,love,train
1566,The student touched the actor.,active,student,actor,touch,train
1566,The actor was touched by the student.,passive,student,actor,touch,train
1567,The student watched the actor.,active,student,actor,watch,test
1567,The actor was watched by the student.,passive,student,actor,watch,test
1568,The student called the artist.,active,student,artist,call,gen_test
1568,The artist was called by the student.,passive,student,artist,call,gen_test
1569,The student followed the artist.,active,student,artist,follow,gen_test
1569,The artist was followed by the student.,passive,student,artist,follow,gen_test
1570,The student helped the artist.,active,student,artist,help,gen_test
1570,The artist was helped by the student.,passive,student,artist,help,gen_test
1571,The student kicked the artist.,active,student,artist,kick,gen_test
1571,The artist was kicked by the student.,passive,student,artist,kick,gen_test
1572,The student liked the artist.,active,student,artist,like,gen_test
1572,The artist was liked by the student.,passive,student,artist,like,gen_test
1573,The student loved the artist.,active,student,artist,love,gen_test
1573,The artist was loved by the student.,passive,student,artist,love,gen_test
1574,The student touched the artist.,active,student,artist,touch,gen_test
1574,The artist was touched by the student.,passive,student,artist,touch,gen_test
1575,The student watched the artist.,active,student,artist,watch,gen_test
1575,The artist was watched by the student.,passive,student,artist,watch,gen_test
1576,The student called the baby.,active,student,baby,call,train
1576,The baby was called by the student.,passive,student,baby,call,train
1577,The student followed the baby.,active,student,baby,follow,train
1577,The baby was followed by the student.,passive,student,baby,follow,train
1578,The student helped the baby.,active,student,baby,help,train
1578,The baby was helped by the student.,passive,student,baby,help,train
1579,The student kicked the baby.,active,student,baby,kick,train
1579,The baby was kicked by the student.,passive,student,baby,kick,train
1580,The student liked the baby.,active,student,baby,like,train
1580,The baby was liked by the student.,passive,student,baby,like,train
1581,The student loved the baby.,active,student,baby,love,train
1581,The baby was loved by the student.,passive,student,baby,love,train
1582,The student touched the baby.,active,student,baby,touch,train
1582,The baby was touched by the student.,passive,student,baby,touch,train
1583,The student watched the baby.,active,student,baby,watch,train
1583,The baby was watched by the student.,passive,student,baby,watch,train
1584,The student called the boy.,active,student,boy,call,train
1584,The boy was called by the student.,passive,student,boy,call,train
1585,The student followed the boy.,active,student,boy,follow,train
1585,The boy was followed by the student.,passive,student,boy,follow,train
1586,The student helped the boy.,active,student,boy,help,train
1586,The boy was helped by the student.,passive,student,boy,help,train
1587,The student kicked the boy.,active,student,boy,kick,train
1587,The boy was kicked by the student.,passive,student,boy,kick,train
1588,The student liked the boy.,active,student,boy,like,test
1588,The boy was liked by the student.,passive,student,boy,like,test
1589,The student loved the boy.,active,student,boy,love,test
1589,The boy was loved by the student.,passive,student,boy,love,test
1590,The student touched the boy.,active,student,boy,touch,train
1590,The boy was touched by the student.,passive,student,boy,touch,train
1591,The student watched the boy.,active,student,boy,watch,train
1591,The boy was watched by the student.,passive,student,boy,watch,train
1592,The student called the child.,active,student,child,call,gen_test
1592,The child was called by the student.,passive,student,child,call,gen_test
1593,The student followed the child.,active,student,child,follow,gen_test
1593,The child was followed by the student.,passive,student,child,follow,gen_test
1594,The student helped the child.,active,student,child,help,gen_test
1594,The child was helped by the student.,passive,student,child,help,gen_test
1595,The student kicked the child.,active,student,child,kick,gen_test
1595,The child was kicked by the student.,passive,student,child,kick,gen_test
1596,The student liked the child.,active,student,child,like,gen_test
1596,The child was liked by the student.,passive,student,child,like,gen_test
1597,The student loved the child.,active,student,child,love,gen_test
1597,The child was loved by the student.,passive,student,child,love,gen_test
1598,The student touched the child.,active,student,child,touch,gen_test
1598,The child was touched by the student.,passive,student,child,touch,gen_test
1599,The student watched the child.,active,student,child,watch,gen_test
1599,The child was watched by the student.,passive,student,child,watch,gen_test
1600,The student called the doctor.,active,student,doctor,call,train
1600,The doctor was called by the student.,passive,student,doctor,call,train
1601,The student followed the doctor.,active,student,doctor,follow,train
1601,The doctor was followed by the student.,passive,student,doctor,follow,train
1602,The student helped the doctor.,active,student,doctor,help,train
1602,The doctor was helped by the student.,passive,student,doctor,help,train
1603,The student kicked the doctor.,active,student,doctor,kick,train
1603,The doctor was kicked by the student.,passive,student,doctor,kick,train
1604,The student liked the doctor.,active,student,doctor,like,train
1604,The doctor was liked by the student.,passive,student,doctor,like,train
1605,The student loved the doctor.,active,student,doctor,love,train
1605,The doctor was loved by the student.,passive,student,doctor,love,train
1606,The student touched the doctor.,active,student,doctor,touch,train
1606,The doctor was touched by the student.,passive,student,doctor,touch,train
1607,The student watched the doctor.,active,student,doctor,watch,val
1607,The doctor was watched by the student.,passive,student,doctor,watch,val
1608,The student called the farmer.,active,student,farmer,call,train
1608,The farmer was called by the student.,passive,student,farmer,call,train
1609,The student followed the farmer.,active,student,farmer,follow,train
1609,The farmer was followed by the student.,passive,student,farmer,follow,train
1610,The student helped the farmer.,active,student,farmer,help,train
1610,The farmer was helped by the student.,passive,student,farmer,help,train
1611,The student kicked the farmer.,active,student,farmer,kick,train
1611,The farmer was kicked by the student.,passive,student,farmer,kick,train
1612,The student liked the farmer.,active,student,farmer,like,train
1612,The farmer was liked by the student.,passive,student,farmer,like,train
1613,The student loved the farmer.,active,student,farmer,love,val
1613,The farmer was loved by the student.,passive,student,farmer,love,val
1614,The student touched the farmer.,active,student,farmer,touch,train
1614,The farmer was touched by the student.,passive,student,farmer,touch,train
1615,The student watched the farmer.,active,student,farmer,watch,train
1615,The farmer was watched by the student.,passive,student,farmer,watch,train
1616,The student called the girl.,active,student,girl,call,train
1616,The girl was called by the student.,passive,student,girl,call,train
1617,The student followed the girl.,active,student,girl,follow,train
1617,The girl was followed by the student.,passive,student,girl,follow,train
1618,The student helped the girl.,active,student,girl,help,train
1618,The girl was helped by the student.,passive,student,girl,help,train
1619,The student kicked the girl.,active,student,girl,kick,val
1619,The girl was kicked by the student.,passive,student,girl,kick,val
1620,The student liked the girl.,active,student,girl,like,train
1620,The girl was liked by the student.,passive,student,girl,like,train
1621,The student loved the girl.,active,student,girl,love,train
1621,The girl was loved by the student.,passive,student,girl,love,train
1622,The student touched the girl.,active,student,girl,touch,train
1622,The girl was touched by the student.,passive,student,girl,touch,train
1623,The student watched the girl.,active,student,girl,watch,train
1623,The girl was watched by the student.,passive,student,girl,watch,train
1624,The student called the king.,active,student,king,call,test
1624,The king was called by the student.,passive,student,king,call,test
1625,The student followed the king.,active,student,king,follow,test
1625,The king was followed by the student.,passive,student,king,follow,test
1626,The student helped the king.,active,student,king,help,train
1626,The king was helped by the student.,passive,student,king,help,train
1627,The student kicked the king.,active,student,king,kick,train
1627,The king was kicked by the student.,passive,student,king,kick,train
1628,The student liked the king.,active,student,king,like,train
1628,The king was liked by the student.,passive,student,king,like,train
1629,The student loved the king.,active,student,king,love,val
1629,The king was loved by the student.,passive,student,king,love,val
1630,The student touched the king.,active,student,king,touch,train
1630,The king was touched by the student.,passive,student,king,touch,train
1631,The student watched the king.,active,student,king,watch,train
1631,The king was watched by the student.,passive,student,king,watch,train
1632,The student called the man.,active,student,man,call,train
1632,The man was called by the student.,passive,student,man,call,train
1633,The student followed the man.,active,student,man,follow,train
1633,The man was followed by the student.,passive,student,man,follow,train
1634,The student helped the man.,active,student,man,help,train
1634,The man was helped by the student.,passive,student,man,help,train
1635,The student kicked the man.,active,student,man,kick,train
1635,The man was kicked by the student.,passive,student,man,kick,train
1636,The student liked the man.,active,student,man,like,train
1636,The man was liked by the student.,passive,student,man,like,train
1637,The student loved the man.,active,student,man,love,train
1637,The man was loved by the student.,passive,student,man,love,train
1638,The student touched the man.,active,student,man,touch,train
1638,The man was touched by the student.,passive,student,man,touch,train
1639,The student watched the man.,active,student,man,watch,train
1639,The man was watched by the student.,passive,student,man,watch,train
1640,The student called the nurse.,active,student,nurse,call,train
1640,The nurse was called by the student.,passive,student,nurse,call,train
1641,The student followed the nurse.,active,student,nurse,follow,val
1641,The nurse was followed by the student.,passive,student,nurse,follow,val
1642,The student helped the nurse.,active,student,nurse,help,test
1642,The nurse was helped by the student.,passive,student,nurse,help,test
1643,The student kicked the nurse.,active,student,nurse,kick,train
1643,The nurse was kicked by the student.,passive,student,nurse,kick,train
1644,The student liked the nurse.,active,student,nurse,like,train
1644,The nurse was liked by the student.,passive,student,nurse,like,train
1645,The student loved the nurse.,active,student,nurse,love,train
1645,The nurse was loved by the student.,passive,student,nurse,love,train
1646,The student touched the nurse.,active,student,nurse,touch,train
1646,The nurse was touched by the student.,passive,student,nurse,touch,train
1647,The student watched the nurse.,active,student,nurse,watch,train
1647,The nurse was watched by the student.,passive,student,nurse,watch,train
1648,The student called the queen.,active,student,queen,call,train
1648,The queen was called by the student.,passive,student,queen,call,train
1649,The student followed the queen.,active,student,queen,follow,val
1649,The queen was followed by the student.,passive,student,queen,follow,val
1650,The student helped the queen.,active,student,queen,help,train
1650,The queen was helped by the student.,passive,student,queen,help,train
1651,The student kicked the queen.,active,student,queen,kick,test
1651,The queen was kicked by the student.,passive,student,queen,kick,test
1652,The student liked the queen.,active,student,queen,like,train
1652,The queen was liked by the student.,passive,student,queen,like,train
1653,The student loved the queen.,active,student,queen,love,train
1653,The queen was loved by the student.,passive,student,queen,love,train
1654,The student touched the queen.,active,student,queen,touch,val
1654,The queen was touched by the student.,passive,student,queen,touch,val
1655,The student watched the queen.,active,student,queen,watch,train
1655,The queen was watched by the student.,passive,student,queen,watch,train
1656,The student called the soldier.,active,student,soldier,call,gen_test
1656,The soldier was called by the student.,passive,student,soldier,call,gen_test
1657,The student followed the soldier.,active,student,soldier,follow,gen_test
1657,The soldier was followed by the student.,passive,student,soldier,follow,gen_test
1658,The student helped the soldier.,active,student,soldier,help,gen_test
1658,The soldier was helped by the student.,passive,student,soldier,help,gen_test
1659,The student kicked the soldier.,active,student,soldier,kick,gen_test
1659,The soldier was kicked by the student.,passive,student,soldier,kick,gen_test
1660,The student liked the soldier.,active,student,soldier,like,gen_test
1660,The soldier was liked by the student.,passive,student,soldier,like,gen_test
1661,The student loved the soldier.,active,student,soldier,love,gen_test
1661,The soldier was loved by the student.,passive,student,soldier,love,gen_test
1662,The student touched the soldier.,active,student,soldier,touch,gen_test
1662,The soldier was touched by the student.,passive,student,soldier,touch,gen_test
1663,The student watched the soldier.,active,student,soldier,watch,gen_test
1663,The soldier was watched by the student.,passive,student,soldier,watch,gen_test
1664,The student called the teacher.,active,student,teacher,call,gen_test
1664,The teacher was called by the student.,passive,student,teacher,call,gen_test
1665,The student followed the teacher.,active,student,teacher,follow,gen_test
1665,The teacher was followed by the student.,passive,student,teacher,follow,gen_test
1666,The student helped the teacher.,active,student,teacher,help,gen_test
1666,The teacher was helped by the student.,passive,student,teacher,help,gen_test
1667,The student kicked the teacher.,active,student,teacher,kick,gen_test
1667,The teacher was kicked by the student.,passive,student,teacher,kick,gen_test
1668,The student liked the teacher.,active,student,teacher,like,gen_test
1668,The teacher was liked by the student.,passive,student,teacher,like,gen_test
1669,The student loved the teacher.,active,student,teacher,love,gen_test
1669,The teacher was loved by the student.,passive,student,teacher,love,gen_test
1670,The student touched the teacher.,active,student,teacher,touch,gen_test
1670,The teacher was touched by the student.,passive,student,teacher,touch,gen_test
1671,The student watched the teacher.,active,student,teacher,watch,gen_test
1671,The teacher was watched by the student.,passive,student,teacher,watch,gen_test
1672,The student called the woman.,active,student,woman,call,train
1672,The woman was called by the student.,passive,student,woman,call,train
1673,The student followed the woman.,active,student,woman,follow,train
1673,The woman was followed by the student.,passive,student,woman,follow,train
1674,The student helped the woman.,active,student,woman,help,test
1674,The woman was helped by the student.,passive,student,woman,help,test
1675,The student kicked the woman.,active,student,woman,kick,train
1675,The woman was kicked by the student.,passive,student,woman,kick,train
1676,The student liked the woman.,active,student,woman,like,train
1676,The woman was liked by the student.,passive,student,woman,like,train
1677,The student loved the woman.,active,student,woman,love,train
1677,The woman was loved by the student.,passive,student,woman,love,train
1678,The student touched the woman.,active,student,woman,touch,train
1678,The woman was touched by the student.,passive,student,woman,touch,train
1679,The student watched the woman.,active,student,woman,watch,train
1679,The woman was watched by the student.,passive,student,woman,watch,train
1680,The teacher called the actor.,active,teacher,actor,call,gen_test
1680,The actor was called by the teacher.,passive,teacher,actor,call,gen_test
1681,The teacher followed the actor.,active,teacher,actor,follow,gen_test
1681,The actor was followed by the teacher.,passive,teacher,actor,follow,gen_test
1682,The teacher helped the actor.,active,teacher,actor,help,gen_test
1682,The actor was helped by the teacher.,passive,teacher,actor,help,gen_test
1683,The teacher kicked the actor.,active,teacher,actor,kick,gen_test
1683,The actor was kicked by the teacher.,passive,teacher,actor,kick,gen_test
1684,The teacher liked the actor.,active,teacher,actor,like,gen_test
1684,The actor was liked by the teacher.,passive,teacher,actor,like,gen_test
1685,The teacher loved the actor.,active,teacher,actor,love,gen_test
1685,The actor was loved by the teacher.,passive,teacher,actor,love,gen_test
1686,The teacher touched the actor.,active,teacher,actor,touch,gen_test
1686,The actor was touched by the teacher.,passive,teacher,actor,touch,gen_test
1687,The teacher watched the actor.,active,teacher,actor,watch,gen_test
1687,The actor was watched by the teacher.,passive,teacher,actor,watch,gen_test
1688,The teacher called the artist.,active,teacher,artist,call,gen_test
1688,The artist was called by the teacher.,passive,teacher,artist,call,gen_test
1689,The teacher followed the artist.,active,teacher,artist,follow,gen_test
1689,The artist was followed by the teacher.,passive,teacher,artist,follow,gen_test
1690,The teacher helped the artist.,active,teacher,artist,help,gen_test
1690,The artist was helped by the teacher.,passive,teacher,artist,help,gen_test
1691,The teacher kicked the artist.,active,teacher,artist,kick,gen_test
1691,The artist was kicked by the teacher.,passive,teacher,artist,kick,gen_test
1692,The teacher liked the artist.,active,teacher,artist,like,gen_test
1692,The artist was liked by the teacher.,passive,teacher,artist,like,gen_test
1693,The teacher loved the artist.,active,teacher,artist,love,gen_test
1693,The artist was loved by the teacher.,passive,teacher,artist,love,gen_test
1694,The teacher touched the artist.,active,teacher,artist,touch,gen_test
1694,The artist was touched by the teacher.,passive,teacher,artist,touch,gen_test
1695,The teacher watched the artist.,active,teacher,artist,watch,gen_test
1695,The artist was watched by the teacher.,passive,teacher,artist,watch,gen_test
1696,The teacher called the baby.,active,teacher,baby,call,gen_test
1696,The baby was called by the teacher.,passive,teacher,baby,call,gen_test
1697,The teacher followed the baby.,active,teacher,baby,follow,gen_test
1697,The baby was followed by the teacher.,passive,teacher,baby,follow,gen_test
1698,The teacher helped the baby.,active,teacher,baby,help,gen_test
1698,The baby was helped by the teacher.,passive,teacher,baby,help,gen_test
1699,The teacher kicked the baby.,active,teacher,baby,kick,gen_test
1699,The baby was kicked by the teacher.,passive,teacher,baby,kick,gen_test
1700,The teacher liked the baby.,active,teacher,baby,like,gen_test
1700,The baby was liked by the teacher.,passive,teacher,baby,like,gen_test
1701,The teacher loved the baby.,active,teacher,baby,love,gen_test
1701,The baby was loved by the teacher.,passive,teacher,baby,love,gen_test
1702,The teacher touched the baby.,active,teacher,baby,touch,gen_test
1702,The baby was touched by the teacher.,passive,teacher,baby,touch,gen_test
1703,The teacher watched the baby.,active,teacher,baby,watch,gen_test
1703,The baby was watched by the teacher.,passive,teacher,baby,watch,gen_test
1704,The teacher called the boy.,active,teacher,boy,call,gen_test
1704,The boy was called by the teacher.,passive,teacher,boy,call,gen_test
1705,The teacher followed the boy.,active,teacher,boy,follow,gen_test
1705,The boy was followed by the teacher.,passive,teacher,boy,follow,gen_test
1706,The teacher helped the boy.,active,teacher,boy,help,gen_test
1706,The boy was helped by the teacher.,passive,teacher,boy,help,gen_test
1707,The teacher kicked the boy.,active,teacher,boy,kick,gen_test
1707,The boy was kicked by the teacher.,passive,teacher,boy,kick,gen_test
1708,The teacher liked the boy.,active,teacher,boy,like,gen_test
1708,The boy was liked by the teacher.,passive,teacher,boy,like,gen_test
1709,The teacher loved the boy.,active,teacher,boy,love,gen_test
1709,The boy was loved by the teacher.,passive,teacher,boy,love,gen_test
1710,The teacher touched the boy.,active,teacher,boy,touch,gen_test
1710,The boy was touched by the teacher.,passive,teacher,boy,touch,gen_test
1711,The teacher watched the boy.,active,teacher,boy,watch,gen_test
1711,The boy was watched by the teacher.,passive,teacher,boy,watch,gen_test
1712,The teacher called the child.,active,teacher,child,call,gen_test
1712,The child was called by the teacher.,passive,teacher,child,call,gen_test
1713,The teacher followed the child.,active,teacher,child,follow,gen_test
1713,The child was followed by the teacher.,passive,teacher,child,follow,gen_test
1714,The teacher helped the child.,active,teacher,child,help,gen_test
1714,The child was helped by the teacher.,passive,teacher,child,help,gen_test
1715,The teacher kicked the child.,active,teacher,child,kick,gen_test
1715,The child was kicked by the teacher.,passive,teacher,child,kick,gen_test
1716,The teacher liked the child.,active,teacher,child,like,gen_test
1716,The child was liked by the teacher.,passive,teacher,child,like,gen_test
1717,The teacher loved the child.,active,teacher,child,love,gen_test
1717,The child was loved by the teacher.,passive,teacher,child,love,gen_test
1718,The teacher touched the child.,active,teacher,child,touch,gen_test
1718,The child was touched by the teacher.,passive,teacher,child,touch,gen_test
1719,The teacher watched the child.,active,teacher,child,watch,gen_test
1719,The child was watched by the teacher.,passive,teacher,child,watch,gen_test
1720,The teacher called the doctor.,active,teacher,doctor,call,gen_test
1720,The doctor was called by the teacher.,passive,teacher,doctor,call,gen_test
1721,The teacher followed the doctor.,active,teacher,doctor,follow,gen_test
1721,The doctor was followed by the teacher.,passive,teacher,doctor,follow,gen_test
1722,The teacher helped the doctor.,active,teacher,doctor,help,gen_test
1722,The doctor was helped by the teacher.,passive,teacher,doctor,help,gen_test
1723,The teacher kicked the doctor.,active,teacher,doctor,kick,gen_test
1723,The doctor was kicked by the teacher.,passive,teacher,doctor,kick,gen_test
1724,The teacher liked the doctor.,active,teacher,doctor,like,gen_test
1724,The doctor was liked by the teacher.,passive,teacher,doctor,like,gen_test
1725,The teacher loved the doctor.,active,teacher,doctor,love,gen_test
1725,The doctor was loved by the teacher.,passive,teacher,doctor,love,gen_test
1726,The teacher touched the doctor.,active,teacher,doctor,touch,gen_test
1726,The doctor was touched by the teacher.,passive,teacher,doctor,touch,gen_test
1727,The teacher watched the doctor.,active,teacher,doctor,watch,gen_test
1727,The doctor was watched by the teacher.,passive,teacher,doctor,watch,gen_test
1728,The teacher called the farmer.,active,teacher,farmer,call,gen_test
1728,The farmer was called by the teacher.,passive,teacher,farmer,call,gen_test
1729,The teacher followed the farmer.,active,teacher,farmer,follow,gen_test
1729,The farmer was followed by the teacher.,passive,teacher,farmer,follow,gen_test
1730,The teacher helped the farmer.,active,teacher,farmer,help,gen_test
1730,The farmer was helped by the teacher.,passive,teacher,farmer,help,gen_test
1731,The teacher kicked the farmer.,active,teacher,farmer,kick,gen_test
1731,The farmer was kicked by the teacher.,passive,teacher,farmer,kick,gen_test
1732,The teacher liked the farmer.,active,teacher,farmer,like,gen_test
1732,The farmer was liked by the teacher.,passive,teacher,farmer,like,gen_test
1733,The teacher loved the farmer.,active,teacher,farmer,love,gen_test
1733,The farmer was loved by the teacher.,passive,teacher,farmer,love,gen_test
1734,The teacher touched the farmer.,active,teacher,farmer,touch,gen_test
1734,The farmer was touched by the teacher.,passive,teacher,farmer,touch,gen_test
1735,The teacher watched the farmer.,active,teacher,farmer,watch,gen_test
1735,The farmer was watched by the teacher.,passive,teacher,farmer,watch,gen_test
1736,The teacher called the girl.,active,teacher,girl,call,gen_test
1736,The girl was called by the teacher.,passive,teacher,girl,call,gen_test
1737,The teacher followed the girl.,active,teacher,girl,follow,gen_test
1737,The girl was followed by the teacher.,passive,teacher,girl,follow,gen_test
1738,The teacher helped the girl.,active,teacher,girl,help,gen_test
1738,The girl was helped by the teacher.,passive,teacher,girl,help,gen_test
1739,The teacher kicked the girl.,active,teacher,girl,kick,gen_test
1739,The girl was kicked by the teacher.,passive,teacher,girl,kick,gen_test
1740,The teacher liked the girl.,active,teacher,girl,like,gen_test
1740,The girl was liked by the teacher.,passive,teacher,girl,like,gen_test
1741,The teacher loved the girl.,active,teacher,girl,love,gen_test
1741,The girl was loved by the teacher.,passive,teacher,girl,love,gen_test
1742,The teacher touched the girl.,active,teacher,girl,touch,gen_test
1742,The girl was touched by the teacher.,passive,teacher,girl,touch,gen_test
1743,The teacher watched the girl.,active,teacher,girl,watch,gen_test
1743,The girl was watched by the teacher.,passive,teacher,girl,watch,gen_test
1744,The teacher called the king.,active,teacher,king,call,gen_test
1744,The king was called by the teacher.,passive,teacher,king,call,gen_test
1745,The teacher followed the king.,active,teacher,king,follow,gen_test
1745,The king was followed by the teacher.,passive,teacher,king,follow,gen_test
1746,The teacher helped the king.,active,teacher,king,help,gen_test
1746,The king was helped by the teacher.,passive,teacher,king,help,gen_test
1747,The teacher kicked the king.,active,teacher,king,kick,gen_test
1747,The king was kicked by the teacher.,passive,teacher,king,kick,gen_test
1748,The teacher liked the king.,active,teacher,king,like,gen_test
1748,The king was liked by the teacher.,passive,teacher,king,like,gen_test
1749,The teacher loved the king.,active,teacher,king,love,gen_test
1749,The king was loved by the teacher.,passive,teacher,king,love,gen_test
1750,The teacher touched the king.,active,teacher,king,touch,gen_test
1750,The king was touched by the teacher.,passive,teacher,king,touch,gen_test
1751,The teacher watched the king.,active,teacher,king,watch,gen_test
1751,The king was watched by the teacher.,passive,teacher,king,watch,gen_test
1752,The teacher called the man.,active,teacher,man,call,gen_test
1752,The man was called by the teacher.,passive,teacher,man,call,gen_test
1753,The teacher followed the man.,active,teacher,man,follow,gen_test
1753,The man was followed by the teacher.,passive,teacher,man,follow,gen_test
1754,The teacher helped the man.,active,teacher,man,help,gen_test
1754,The man was helped by the teacher.,passive,teacher,man,help,gen_test
1755,The teacher kicked the man.,active,teacher,man,kick,gen_test
1755,The man was kicked by the teacher.,passive,teacher,man,kick,gen_test
1756,The teacher liked the man.,active,teacher,man,like,gen_test
1756,The man was liked by the teacher.,passive,teacher,man,like,gen_test
1757,The teacher loved the man.,active,teacher,man,love,gen_test
1757,The man was loved by the teacher.,passive,teacher,man,love,gen_test
1758,The teacher touched the man.,active,teacher,man,touch,gen_test
1758,The man was touched by the teacher.,passive,teacher,man,touch,gen_test
1759,The teacher watched the man.,active,teacher,man,watch,gen_test
1759,The man was watched by the teacher.,passive,teacher,man,watch,gen_test
1760,The teacher called the nurse.,active,teacher,nurse,call,gen_test
1760,The nurse was called by the teacher.,passive,teacher,nurse,call,gen_test
1761,The teacher followed the nurse.,active,teacher,nurse,follow,gen_test
1761,The nurse was followed by the teacher.,passive,teacher,nurse,follow,gen_test
1762,The teacher helped the nurse.,active,teacher,nurse,help,gen_test
1762,The nurse was helped by the teacher.,passive,teacher,nurse,help,gen_test
1763,The teacher kicked the nurse.,active,teacher,nurse,kick,gen_test
1763,The nurse was kicked by the teacher.,passive,teacher,nurse,kick,gen_test
1764,The teacher liked the nurse.,active,teacher,nurse,like,gen_test
1764,The nurse was liked by the teacher.,passive,teacher,nurse,like,gen_test
1765,The teacher loved the nurse.,active,teacher,nurse,love,gen_test
1765,The nurse was loved by the teacher.,passive,teacher,nurse,love,gen_test
1766,The teacher touched the nurse.,active,teacher,nurse,touch,gen_test
1766,The nurse was touched by the teacher.,passive,teacher,nurse,touch,gen_test
1767,The teacher watched the nurse.,active,teacher,nurse,watch,gen_test
1767,The nurse was watched by the teacher.,passive,teacher,nurse,watch,gen_test
1768,The teacher called the queen.,active,teacher,queen,call,gen_test
1768,The queen was called by the teacher.,passive,teacher,queen,call,gen_test
1769,The teacher followed the queen.,active,teacher,queen,follow,gen_test
1769,The queen was followed by the teacher.,passive,teacher,queen,follow,gen_test
1770,The teacher helped the queen.,active,teacher,queen,help,gen_test
1770,The queen was helped by the teacher.,passive,teacher,queen,help,gen_test
1771,The teacher kicked the queen.,active,teacher,queen,kick,gen_test
1771,The queen was kicked by the teacher.,passive,teacher,queen,kick,gen_test
1772,The teacher liked the queen.,active,teacher,queen,like,gen_test
1772,The queen was liked by the teacher.,passive,teacher,queen,like,gen_test
1773,The teacher loved the queen.,active,teacher,queen,love,gen_test
1773,The queen was loved by the teacher.,passive,teacher,queen,love,gen_test
1774,The teacher touched the queen.,active,teacher,queen,touch,gen_test
1774,The queen was touched by the teacher.,passive,teacher,queen,touch,gen_test
1775,The teacher watched the queen.,active,teacher,queen,watch,gen_test
1775,The queen was watched by the teacher.,passive,teacher,queen,watch,gen_test
1776,The teacher called the soldier.,active,teacher,soldier,call,gen_test
1776,The soldier was called by the teacher.,passive,teacher,soldier,call,gen_test
1777,The teacher followed the soldier.,active,teacher,soldier,follow,gen_test
1777,The soldier was followed by the teacher.,passive,teacher,soldier,follow,gen_test
1778,The teacher helped the soldier.,active,teacher,soldier,help,gen_test
1778,The soldier was helped by the teacher.,passive,teacher,soldier,help,gen_test
1779,The teacher kicked the soldier.,active,teacher,soldier,kick,gen_test
1779,The soldier was kicked by the teacher.,passive,teacher,soldier,kick,gen_test
1780,The teacher liked the soldier.,active,teacher,soldier,like,gen_test
1780,The soldier was liked by the teacher.,passive,teacher,soldier,like,gen_test
1781,The teacher loved the soldier.,active,teacher,soldier,love,gen_test
1781,The soldier was loved by the teacher.,passive,teacher,soldier,love,gen_test
1782,The teacher touched the soldier.,active,teacher,soldier,touch,gen_test
1782,The soldier was touched by the teacher.,passive,teacher,soldier,touch,gen_test
1783,The teacher watched the soldier.,active,teacher,soldier,watch,gen_test
1783,The soldier was watched by the teacher.,passive,teacher,soldier,watch,gen_test
1784,The teacher called the student.,active,teacher,student,call,gen_test
1784,The student was called by the teacher.,passive,teacher,student,call,gen_test
1785,The teacher followed the student.,active,teacher,student,follow,gen_test
1785,The student was followed by the teacher.,passive,teacher,student,follow,gen_test
1786,The teacher helped the student.,active,teacher,student,help,gen_test
1786,The student was helped by the teacher.,passive,teacher,student,help,gen_test
1787,The teacher kicked the student.,active,teacher,student,kick,gen_test
1787,The student was kicked by the teacher.,passive,teacher,student,kick,gen_test
1788,The teacher liked the student.,active,teacher,student,like,gen_test
1788,The student was liked by the teacher.,passive,teacher,student,like,gen_test
1789,The teacher loved the student.,active,teacher,student,love,gen_test
1789,The student was loved by the teacher.,passive,teacher,student,love,gen_test
1790,The teacher touched the student.,active,teacher,student,touch,gen_test
1790,The student was touched by the teacher.,passive,teacher,student,touch,gen_test
1791,The teacher watched the student.,active,teacher,student,watch,gen_test
1791,The student was watched by the teacher.,passive,teacher,student,watch,gen_test
1792,The teacher called the woman.,active,teacher,woman,call,gen_test
1792,The woman was called by the teacher.,passive,teacher,woman,call,gen_test
1793,The teacher followed the woman.,active,teacher,woman,follow,gen_test
1793,The woman was followed by the teacher.,passive,teacher,woman,follow,gen_test
1794,The teacher helped the woman.,active,teacher,woman,help,gen_test
1794,The woman was helped by the teacher.,passive,teacher,woman,help,gen_test
1795,The teacher kicked the woman.,active,teacher,woman,kick,gen_test
1795,The woman was kicked by the teacher.,passive,teacher,woman,kick,gen_test
1796,The teacher liked the woman.,active,teacher,woman,like,gen_test
1796,The woman was liked by the teacher.,passive,teacher,woman,like,gen_test
1797,The teacher loved the woman.,active,teacher,woman,love,gen_test
1797,The woman was loved by the teacher.,passive,teacher,woman,love,gen_test
1798,The teacher touched the woman.,active,teacher,woman,touch,gen_test
1798,The woman was touched by the teacher.,passive,teacher,woman,touch,gen_test
1799,The teacher watched the woman.,active,teacher,woman,watch,gen_test
1799,The woman was watched by the teacher.,passive,teacher,woman,watch,gen_test
1800,The woman called the actor.,active,woman,actor,call,train
1800,The actor was called by the woman.,passive,woman,actor,call,train
1801,The woman followed the actor.,active,woman,actor,follow,test
1801,The actor was followed by the woman.,passive,woman,actor,follow,test
1802,The woman helped the actor.,active,woman,actor,help,train
1802,The actor was helped by the woman.,passive,woman,actor,help,train
1803,The woman kicked the actor.,active,woman,actor,kick,val
1803,The actor was kicked by the woman.,passive,woman,actor,kick,val
1804,The woman liked the actor.,active,woman,actor,like,train
1804,The actor was liked by the woman.,passive,woman,actor,like,train
1805,The woman loved the actor.,active,woman,actor,love,train
1805,The actor was loved by the woman.,passive,woman,actor,love,train
1806,The woman touched the actor.,active,woman,actor,touch,train
1806,The actor was touched by the woman.,passive,woman,actor,touch,train
1807,The woman watched the actor.,active,woman,actor,watch,val
1807,The actor was watched by the woman.,passive,woman,actor,watch,val
1808,The woman called the artist.,active,woman,artist,call,gen_test
1808,The artist was called by the woman.,passive,woman,artist,call,gen_test
1809,The woman followed the artist.,active,woman,artist,follow,gen_test
1809,The artist was followed by the woman.,passive,woman,artist,follow,gen_test
1810,The woman helped the artist.,active,woman,artist,help,gen_test
1810,The artist was helped by the woman.,passive,woman,artist,help,gen_test
1811,The woman kicked the artist.,active,woman,artist,kick,gen_test
1811,The artist was kicked by the woman.,passive,woman,artist,kick,gen_test
1812,The woman liked the artist.,active,woman,artist,like,gen_test
1812,The artist was liked by the woman.,passive,woman,artist,like,gen_test
1813,The woman loved the artist.,active,woman,artist,love,gen_test
1813,The artist was loved by the woman.,passive,woman,artist,love,gen_test
1814,The woman touched the artist.,active,woman,artist,touch,gen_test
1814,The artist was touched by the woman.,passive,woman,artist,touch,gen_test
1815,The woman watched the artist.,active,woman,artist,watch,gen_test
1815,The artist was watched by the woman.,passive,woman,artist,watch,gen_test
1816,The woman called the baby.,active,woman,baby,call,train
1816,The baby was called by the woman.,passive,woman,baby,call,train
1817,The woman followed the baby.,active,woman,baby,follow,train
1817,The baby was followed by the woman.,passive,woman,baby,follow,train
1818,The woman helped the baby.,active,woman,baby,help,train
1818,The baby was helped by the woman.,passive,woman,baby,help,train
1819,The woman kicked the baby.,active,woman,baby,kick,train
1819,The baby was kicked by the woman.,passive,woman,baby,kick,train
1820,The woman liked the baby.,active,woman,baby,like,train
1820,The baby was liked by the woman.,passive,woman,baby,like,train
1821,The woman loved the baby.,active,woman,baby,love,train
1821,The baby was loved by the woman.,passive,woman,baby,love,train
1822,The woman touched the baby.,active,woman,baby,touch,train
1822,The baby was touched by the woman.,passive,woman,baby,touch,train
1823,The woman watched the baby.,active,woman,baby,watch,train
1823,The baby was watched by the woman.,passive,woman,baby,watch,train
1824,The woman called the boy.,active,woman,boy,call,val
1824,The boy was called by the woman.,passive,woman,boy,call,val
1825,The woman followed the boy.,active,woman,boy,follow,train
1825,The boy was followed by the woman.,passive,woman,boy,follow,train
1826,The woman helped the boy.,active,woman,boy,help,train
1826,The boy was helped by the woman.,passive,woman,boy,help,train
1827,The woman kicked the boy.,active,woman,boy,kick,test
1827,The boy was kicked by the woman.,passive,woman,boy,kick,test
1828,The woman liked the boy.,active,woman,boy,like,val
1828,The boy was liked by the woman.,passive,woman,boy,like,val
1829,The woman loved the boy.,active,woman,boy,love,train
1829,The boy was loved by the woman.,passive,woman,boy,love,train
1830,The woman touched the boy.,active,woman,boy,touch,test
1830,The boy was touched by the woman.,passive,woman,boy,touch,test
1831,The woman watched the boy.,active,woman,boy,watch,train
1831,The boy was watched by the woman.,passive,woman,boy,watch,train
1832,The woman called the child.,active,woman,child,call,gen_test
1832,The child was called by the woman.,passive,woman,child,call,gen_test
1833,The woman followed the child.,active,woman,child,follow,gen_test
1833,The child was followed by the woman.,passive,woman,child,follow,gen_test
1834,The woman helped the child.,active,woman,child,help,gen_test
1834,The child was helped by the woman.,passive,woman,child,help,gen_test
1835,The woman kicked the child.,active,woman,child,kick,gen_test
1835,The child was kicked by the woman.,passive,woman,child,kick,gen_test
1836,The woman liked the child.,active,woman,child,like,gen_test
1836,The child was liked by the woman.,passive,woman,child,like,gen_test
1837,The woman loved the child.,active,woman,child,love,gen_test
1837,The child was loved by the woman.,passive,woman,child,love,gen_test
1838,The woman touched the child.,active,woman,child,touch,gen_test
1838,The child was touched by the woman.,passive,woman,child,touch,gen_test
1839,The woman watched the child.,active,woman,child,watch,gen_test
1839,The child was watched by the woman.,passive,woman,child,watch,gen_test
1840,The woman called the doctor.,active,woman,doctor,call,train
1840,The doctor was called by the woman.,passive,woman,doctor,call,train
1841,The woman followed the doctor.,active,woman,doctor,follow,train
1841,The doctor was followed by the woman.,passive,woman,doctor,follow,train
1842,The woman helped the doctor.,active,woman,doctor,help,train
1842,The doctor was helped by the woman.,passive,woman,doctor,help,train
1843,The woman kicked the doctor.,active,woman,doctor,kick,train
1843,The doctor was kicked by the woman.,passive,woman,doctor,kick,train
1844,The woman liked the doctor.,active,woman,doctor,like,train
1844,The doctor was liked by the woman.,passive,woman,doctor,like,train
1845,The woman loved the doctor.,active,woman,doctor,love,test
1845,The doctor was loved by the woman.,passive,woman,doctor,love,test
1846,The woman touched the doctor.,active,woman,doctor,touch,train
1846,The doctor was touched by the woman.,passive,woman,doctor,touch,train
1847,The woman watched the doctor.,active,woman,doctor,watch,train
1847,The doctor was watched by the woman.,passive,woman,doctor,watch,train
1848,The woman called the farmer.,active,woman,farmer,call,val
1848,The farmer was called by the woman.,passive,woman,farmer,call,val
1849,The woman followed the farmer.,active,woman,farmer,follow,train
1849,The farmer was followed by the woman.,passive,woman,farmer,follow,train
1850,The woman helped the farmer.,active,woman,farmer,help,train
1850,The farmer was helped by the woman.,passive,woman,farmer,help,train
1851,The woman kicked the farmer.,active,woman,farmer,kick,train
1851,The farmer was kicked by the woman.,passive,woman,farmer,kick,train
1852,The woman liked the farmer.,active,woman,farmer,like,train
1852,The farmer was liked by the woman.,passive,woman,farmer,like,train
1853,The woman loved the farmer.,active,woman,farmer,love,test
1853,The farmer was loved by the woman.,passive,woman,farmer,love,test
1854,The woman touched the farmer.,active,woman,farmer,touch,train
1854,The farmer was touched by the woman.,passive,woman,farmer,touch,train
1855,The woman watched the farmer.,active,woman,farmer,watch,val
1855,The farmer was watched by the woman.,passive,woman,farmer,watch,val
1856,The woman called the girl.,active,woman,girl,call,train
1856,The girl was called by the woman.,passive,woman,girl,call,train
1857,The woman followed the girl.,active,woman,girl,follow,train
1857,The girl was followed by the woman.,passive,woman,girl,follow,train
1858,The woman helped the girl.,active,woman,girl,help,train
1858,The girl was helped by the woman.,passive,woman,girl,help,train
1859,The woman kicked the girl.,active,woman,girl,kick,train
1859,The girl was kicked by the woman.,passive,woman,girl,kick,train
1860,The woman liked the girl.,active,woman,girl,like,train
1860,The girl was liked by the woman.,passive,woman,girl,like,train
1861,The woman loved the girl.,active,woman,girl,love,train
1861,The girl was loved by the woman.,passive,woman,girl,love,train
1862,The woman touched the girl.,active,woman,girl,touch,train
1862,The girl was touched by the woman.,passive,woman,girl,touch,train
1863,The woman watched the girl.,active,woman,girl,watch,train
1863,The girl was watched by the woman.,passive,woman,girl,watch,train
1864,The woman called the king.,active,woman,king,call,train
1864,The king was called by the woman.,passive,woman,king,call,train
1865,The woman followed the king.,active,woman,king,follow,val
1865,The king was followed by the woman.,passive,woman,king,follow,val
1866,The woman helped the king.,active,woman,king,help,train
1866,The king was helped by the woman.,passive,woman,king,help,train
1867,The woman kicked the king.,active,woman,king,kick,val
1867,The king was kicked by the woman.,passive,woman,king,kick,val
1868,The woman liked the king.,active,woman,king,like,train
1868,The king was liked by the woman.,passive,woman,king,like,train
1869,The woman loved the king.,active,woman,king,love,test
1869,The king was loved by the woman.,passive,woman,king,love,test
1870,The woman touched the king.,active,woman,king,touch,train
1870,The king was touched by the woman.,passive,woman,king,touch,train
1871,The woman watched the king.,active,woman,king,watch,train
1871,The king was watched by the woman.,passive,woman,king,watch,train
1872,The woman called the man.,active,woman,man,call,test
1872,The man was called by the woman.,passive,woman,man,call,test
1873,The woman followed the man.,active,woman,man,follow,train
1873,The man was followed by the woman.,passive,woman,man,follow,train
1874,The woman helped the man.,active,woman,man,help,val
1874,The man was helped by the woman.,passive,woman,man,help,val
1875,The woman kicked the man.,active,woman,man,kick,train
1875,The man was kicked by the woman.,passive,woman,man,kick,train
1876,The woman liked the man.,active,woman,man,like,train
1876,The man was liked by the woman.,passive,woman,man,like,train
1877,The woman loved the man.,active,woman,man,love,train
1877,The man was loved by the woman.,passive,woman,man,love,train
1878,The woman touched the man.,active,woman,man,touch,train
1878,The man was touched by the woman.,passive,woman,man,touch,train
1879,The woman watched the man.,active,woman,man,watch,train
1879,The man was watched by the woman.,passive,woman,man,watch,train
1880,The woman called the nurse.,active,woman,nurse,call,train
1880,The nurse was called by the woman.,passive,woman,nurse,call,train
1881,The woman followed the nurse.,active,woman,nurse,follow,val
1881,The nurse was followed by the woman.,passive,woman,nurse,follow,val
1882,The woman helped the nurse.,active,woman,nurse,help,train
1882,The nurse was helped by the woman.,passive,woman,nurse,help,train
1883,The woman kicked the nurse.,active,woman,nurse,kick,train
1883,The nurse was kicked by the woman.,passive,woman,nurse,kick,train
1884,The woman liked the nurse.,active,woman,nurse,like,train
1884,The nurse was liked by the woman.,passive,woman,nurse,like,train
1885,The woman loved the nurse.,active,woman,nurse,love,train
1885,The nurse was loved by the woman.,passive,woman,nurse,love,train
1886,The woman touched the nurse.,active,woman,nurse,touch,train
1886,The nurse was touched by the woman.,passive,woman,nurse,touch,train
1887,The woman watched the nurse.,active,woman,nurse,watch,train
1887,The nurse was watched by the woman.,passive,woman,nurse,watch,train
1888,The woman called the queen.,active,woman,queen,call,train
1888,The queen was called by the woman.,passive,woman,queen,call,train
1889,The woman followed the queen.,active,woman,queen,follow,train
1889,The queen was followed by the woman.,passive,woman,queen,follow,train
1890,The woman helped the queen.,active,woman,queen,help,train
1890,The queen was helped by the woman.,passive,woman,queen,help,train
1891,The woman kicked the queen.,active,woman,queen,kick,train
1891,The queen was kicked by the woman.,passive,woman,queen,kick,train
1892,The woman liked the queen.,active,woman,queen,like,train
1892,The queen was liked by the woman.,passive,woman,queen,like,train
1893,The woman loved the queen.,active,woman,queen,love,train
1893,The queen was loved by the woman.,passive,woman,queen,love,train
1894,The woman touched the queen.,active,woman,queen,touch,train
1894,The queen was touched by the woman.,passive,woman,queen,touch,train
1895,The woman watched the queen.,active,woman,queen,watch,train
1895,The queen was watched by the woman.,passive,woman,queen,watch,train
1896,The woman called the soldier.,active,woman,soldier,call,gen_test
1896,The soldier was called by the woman.,passive,woman,soldier,call,gen_test
1897,The woman followed the soldier.,active,woman,soldier,follow,gen_test
1897,The soldier was followed by the woman.,passive,woman,soldier,follow,gen_test
1898,The woman helped the soldier.,active,woman,soldier,help,gen_test
1898,The soldier was helped by the woman.,passive,woman,soldier,help,gen_test
1899,The woman kicked the soldier.,active,woman,soldier,kick,gen_test
1899,The soldier was kicked by the woman.,passive,woman,soldier,kick,gen_test
1900,The woman liked the soldier.,active,woman,soldier,like,gen_test
1900,The soldier was liked by the woman.,passive,woman,soldier,like,gen_test
1901,The woman loved the soldier.,active,woman,soldier,love,gen_test
1901,The soldier was loved by the woman.,passive,woman,soldier,love,gen_test
1902,The woman touched the soldier.,active,woman,soldier,touch,gen_test
1902,The soldier was touched by the woman.,passive,woman,soldier,touch,gen_test
1903,The woman watched the soldier.,active,woman,soldier,watch,gen_test
1903,The soldier was watched by the woman.,passive,woman,soldier,watch,gen_test
1904,The woman called the student.,active,woman,student,call,train
1904,The student was called by the woman.,passive,woman,student,call,train
1905,The woman followed the student.,active,woman,student,follow,train
1905,The student was followed by the woman.,passive,woman,student,follow,train
1906,The woman helped the student.,active,woman,student,help,test
1906,The student was helped by the woman.,passive,woman,student,help,test
1907,The woman kicked the student.,active,woman,student,kick,train
1907,The student was kicked by the woman.,passive,woman,student,kick,train
1908,The woman liked the student.,active,woman,student,like,train
1908,The student was liked by the woman.,passive,woman,student,like,train
1909,The woman loved the student.,active,woman,student,love,train
1909,The student was loved by the woman.,passive,woman,student,love,train
1910,The woman touched the student.,active,woman,student,touch,train
1910,The student was touched by the woman.,passive,woman,student,touch,train
1911,The woman watched the student.,active,woman,student,watch,train
1911,The student was watched by the woman.,passive,woman,student,watch,train
1912,The woman called the teacher.,active,woman,teacher,call,gen_test
1912,The teacher was called by the woman.,passive,woman,teacher,call,gen_test
1913,The woman followed the teacher.,active,woman,teacher,follow,gen_test
1913,The teacher was followed by the woman.,passive,woman,teacher,follow,gen_test
1914,The woman helped the teacher.,active,woman,teacher,help,gen_test
1914,The teacher was helped by the woman.,passive,woman,teacher,help,gen_test
1915,The woman kicked the teacher.,active,woman,teacher,kick,gen_test
1915,The teacher was kicked by the woman.,passive,woman,teacher,kick,gen_test
1916,The woman liked the teacher.,active,woman,teacher,like,gen_test
1916,The teacher was liked by the woman.,passive,woman,teacher,like,gen_test
1917,The woman loved the teacher.,active,woman,teacher,love,gen_test
1917,The teacher was loved by the woman.,passive,woman,teacher,love,gen_test
1918,The woman touched the teacher.,active,woman,teacher,touch,gen_test
1918,The teacher was touched by the woman.,passive,woman,teacher,touch,gen_test
1919,The woman watched the teacher.,active,woman,teacher,watch,gen_test
1919,The teacher was watched by the woman.,passive,woman,teacher,watch,gen_test
