quad_id,subset,semantic_status,verb_class,tense,verb,filler_A,filler_B,animacy_A,animacy_B,active_sentence,passive_sentence,active_swap_sentence,passive_swap_sentence
0,names_agentive,sensible,agentive,past,kick,Mary,John,animate,animate,Mary kicked John.,John was kicked by Mary.,John kicked Mary.,Mary was kicked by John.
1,names_agentive,sensible,agentive,past,kick,Mary,Anna,animate,animate,Mary kicked Anna.,Anna was kicked by Mary.,Anna kicked Mary.,Mary was kicked by Anna.
2,names_agentive,sensible,agentive,past,kick,Mary,David,animate,animate,Mary kicked David.,David was kicked by Mary.,David kicked Mary.,Mary was kicked by David.
3,names_agentive,sensible,agentive,past,kick,Mary,Sarah,animate,animate,Mary kicked Sarah.,Sarah was kicked by Mary.,Sarah kicked Mary.,Mary was kicked by Sarah.
4,names_agentive,sensible,agentive,past,kick,Mary,Peter,animate,animate,Mary kicked Peter.,Peter was kicked by Mary.,Peter kicked Mary.,Mary was kicked by Peter.
5,names_agentive,sensible,agentive,past,kick,Mary,Emma,animate,animate,Mary kicked Emma.,Emma was kicked by Mary.,Emma kicked Mary.,Mary was kicked by Emma.
6,names_agentive,sensible,agentive,past,kick,Mary,James,animate,animate,Mary kicked James.,James was kicked by Mary.,James kicked Mary.,Mary was kicked by James.
7,names_agentive,sensible,agentive,past,kick,Mary,Lisa,animate,animate,Mary kicked Lisa.,Lisa was kicked by Mary.,Lisa kicked Mary.,Mary was kicked by Lisa.
8,names_agentive,sensible,agentive,past,kick,Mary,Tom,animate,animate,Mary kicked Tom.,Tom was kicked by Mary.,Tom kicked Mary.,Mary was kicked by Tom.
9,names_agentive,sensible,agentive,past,kick,John,Anna,animate,animate,John kicked Anna.,Anna was kicked by John.,Anna kicked John.,John was kicked by Anna.
10,names_agentive,sensible,agentive,past,kick,John,David,animate,animate,John kicked David.,David was kicked by John.,David kicked John.,John was kicked by David.
11,names_agentive,sensible,agentive,past,kick,John,Sarah,animate,animate,John kicked Sarah.,Sarah was kicked by John.,Sarah kicked John.,John was kicked by Sarah.
12,names_agentive,sensible,agentive,past,kick,John,Peter,animate,animate,John kicked Peter.,Peter was kicked by John.,Peter kicked John.,John was kicked by Peter.
13,names_agentive,sensible,agentive,past,kick,John,Emma,animate,animate,John kicked Emma.,Emma was kicked by John.,Emma kicked John.,John was kicked by Emma.
14,names_agentive,sensible,agentive,past,kick,John,James,animate,animate,John kicked James.,James was kicked by John.,James kicked John.,John was kicked by James.
15,names_agentive,sensible,agentive,past,kick,John,Lisa,animate,animate,John kicked Lisa.,Lisa was kicked by John.,Lisa kicked John.,John was kicked by Lisa.
16,names_agentive,sensible,agentive,past,kick,John,Tom,animate,animate,John kicked Tom.,Tom was kicked by John.,Tom kicked John.,John was kicked by Tom.
17,names_agentive,sensible,agentive,past,kick,Anna,David,animate,animate,Anna kicked David.,David was kicked by Anna.,David kicked Anna.,Anna was kicked by David.
18,names_agentive,sensible,agentive,past,kick,Anna,Sarah,animate,animate,Anna kicked Sarah.,Sarah was kicked by Anna.,Sarah kicked Anna.,Anna was kicked by Sarah.
19,names_agentive,sensible,agentive,past,kick,Anna,Peter,animate,animate,Anna kicked Peter.,Peter was kicked by Anna.,Peter kicked Anna.,Anna was kicked by Peter.
20,names_agentive,sensible,agentive,past,kick,Anna,Emma,animate,animate,Anna kicked Emma.,Emma was kicked by Anna.,Emma kicked Anna.,Anna was kicked by Emma.
21,names_agentive,sensible,agentive,past,kick,Anna,James,animate,animate,Anna kicked James.,James was kicked by Anna.,James kicked Anna.,Anna was kicked by James.
22,names_agentive,sensible,agentive,past,kick,Anna,Lisa,animate,animate,Anna kicked Lisa.,Lisa was kicked by Anna.,Lisa kicked Anna.,Anna was kicked by Lisa.
23,names_agentive,sensible,agentive,past,kick,Anna,Tom,animate,animate,Anna kicked Tom.,Tom was kicked by Anna.,Tom kicked Anna.,Anna was kicked by Tom.
24,names_agentive,sensible,agentive,past,kick,David,Sarah,animate,animate,David kicked Sarah.,Sarah was kicked by David.,Sarah kicked David.,David was kicked by Sarah.
25,names_agentive,sensible,agentive,past,kick,David,Peter,animate,animate,David kicked Peter.,Peter was kicked by David.,Peter kicked David.,David was kicked by Peter.
26,names_agentive,sensible,agentive,past,kick,David,Emma,animate,animate,David kicked Emma.,Emma was kicked by David.,Emma kicked David.,David was kicked by Emma.
27,names_agentive,sensible,agentive,past,kick,David,James,animate,animate,David kicked James.,James was kicked by David.,James kicked David.,David was kicked by James.
28,names_agentive,sensible,agentive,past,kick,David,Lisa,animate,animate,David kicked Lisa.,Lisa was kicked by David.,Lisa kicked David.,David was kicked by Lisa.
29,names_agentive,sensible,agentive,past,kick,David,Tom,animate,animate,David kicked Tom.,Tom was kicked by David.,Tom kicked David.,David was kicked by Tom.
30,names_agentive,sensible,agentive,past,kick,Sarah,Peter,animate,animate,Sarah kicked Peter.,Peter was kicked by Sarah.,Peter kicked Sarah.,Sarah was kicked by Peter.
31,names_agentive,sensible,agentive,past,kick,Sarah,Emma,animate,animate,Sarah kicked Emma.,Emma was kicked by Sarah.,Emma kicked Sarah.,Sarah was kicked by Emma.
32,names_agentive,sensible,agentive,past,kick,Sarah,James,animate,animate,Sarah kicked James.,James was kicked by Sarah.,James kicked Sarah.,Sarah was kicked by James.
33,names_agentive,sensible,agentive,past,kick,Sarah,Lisa,animate,animate,Sarah kicked Lisa.,Lisa was kicked by Sarah.,Lisa kicked Sarah.,Sarah was kicked by Lisa.
34,names_agentive,sensible,agentive,past,kick,Sarah,Tom,animate,animate,Sarah kicked Tom.,Tom was kicked by Sarah.,Tom kicked Sarah.,Sarah was kicked by Tom.
35,names_agentive,sensible,agentive,past,kick,Peter,Emma,animate,animate,Peter kicked Emma.,Emma was kicked by Peter.,Emma kicked Peter.,Peter was kicked by Emma.
36,names_agentive,sensible,agentive,past,kick,Peter,James,animate,animate,Peter kicked James.,James was kicked by Peter.,James kicked Peter.,Peter was kicked by James.
37,names_agentive,sensible,agentive,past,kick,Peter,Lisa,animate,animate,Peter kicked Lisa.,Lisa was kicked by Peter.,Lisa kicked Peter.,Peter was kicked by Lisa.
38,names_agentive,sensible,agentive,past,kick,Peter,Tom,animate,animate,Peter kicked Tom.,Tom was kicked by Peter.,Tom kicked Peter.,Peter was kicked by Tom.
39,names_agentive,sensible,agentive,past,kick,Emma,James,animate,animate,Emma kicked James.,James was kicked by Emma.,James kicked Emma.,Emma was kicked by James.
40,names_agentive,sensible,agentive,past,kick,Emma,Lisa,animate,animate,Emma kicked Lisa.,Lisa was kicked by Emma.,Lisa kicked Emma.,Emma was kicked by Lisa.
41,names_agentive,sensible,agentive,past,kick,Emma,Tom,animate,animate,Emma kicked Tom.,Tom was kicked by Emma.,Tom kicked Emma.,Emma was kicked by Tom.
42,names_agentive,sensible,agentive,past,kick,James,Lisa,animate,animate,James kicked Lisa.,Lisa was kicked by James.,Lisa kicked James.,James was kicked by Lisa.
43,names_agentive,sensible,agentive,past,kick,James,Tom,animate,animate,James kicked Tom.,Tom was kicked by James.,Tom kicked James.,James was kicked by Tom.
44,names_agentive,sensible,agentive,past,kick,Lisa,Tom,animate,animate,Lisa kicked Tom.,Tom was kicked by Lisa.,Tom kicked Lisa.,Lisa was kicked by Tom.
45,names_agentive,sensible,agentive,past,push,Mary,John,animate,animate,Mary pushed John.,John was pushed by Mary.,John pushed Mary.,Mary was pushed by John.
46,names_agentive,sensible,agentive,past,push,Mary,Anna,animate,animate,Mary pushed Anna.,Anna was pushed by Mary.,Anna pushed Mary.,Mary was pushed by Anna.
47,names_agentive,sensible,agentive,past,push,Mary,David,animate,animate,Mary pushed David.,David was pushed by Mary.,David pushed Mary.,Mary was pushed by David.
48,names_agentive,sensible,agentive,past,push,Mary,Sarah,animate,animate,Mary pushed Sarah.,Sarah was pushed by Mary.,Sarah pushed Mary.,Mary was pushed by Sarah.
49,names_agentive,sensible,agentive,past,push,Mary,Peter,animate,animate,Mary pushed Peter.,Peter was pushed by Mary.,Peter pushed Mary.,Mary was pushed by Peter.
50,names_agentive,sensible,agentive,past,push,Mary,Emma,animate,animate,Mary pushed Emma.,Emma was pushed by Mary.,Emma pushed Mary.,Mary was pushed by Emma.
51,names_agentive,sensible,agentive,past,push,Mary,James,animate,animate,Mary pushed James.,James was pushed by Mary.,James pushed Mary.,Mary was pushed by James.
52,names_agentive,sensible,agentive,past,push,Mary,Lisa,animate,animate,Mary pushed Lisa.,Lisa was pushed by Mary.,Lisa pushed Mary.,Mary was pushed by Lisa.
53,names_agentive,sensible,agentive,past,push,Mary,Tom,animate,animate,Mary pushed Tom.,Tom was pushed by Mary.,Tom pushed Mary.,Mary was pushed by Tom.
54,names_agentive,sensible,agentive,past,push,John,Anna,animate,animate,John pushed Anna.,Anna was pushed by John.,Anna pushed John.,John was pushed by Anna.
55,names_agentive,sensible,agentive,past,push,John,David,animate,animate,John pushed David.,David was pushed by John.,David pushed John.,John was pushed by David.
56,names_agentive,sensible,agentive,past,push,John,Sarah,animate,animate,John pushed Sarah.,Sarah was pushed by John.,Sarah pushed John.,John was pushed by Sarah.
57,names_agentive,sensible,agentive,past,push,John,Peter,animate,animate,John pushed Peter.,Peter was pushed by John.,Peter pushed John.,John was pushed by Peter.
58,names_agentive,sensible,agentive,past,push,John,Emma,animate,animate,John pushed Emma.,Emma was pushed by John.,Emma pushed John.,John was pushed by Emma.
59,names_agentive,sensible,agentive,past,push,John,James,animate,animate,John pushed James.,James was pushed by John.,James pushed John.,John was pushed by James.
60,names_agentive,sensible,agentive,past,push,John,Lisa,animate,animate,John pushed Lisa.,Lisa was pushed by John.,Lisa pushed John.,John was pushed by Lisa.
61,names_agentive,sensible,agentive,past,push,John,Tom,animate,animate,John pushed Tom.,Tom was pushed by John.,Tom pushed John.,John was pushed by Tom.
62,names_agentive,sensible,agentive,past,push,Anna,David,animate,animate,Anna pushed David.,David was pushed by Anna.,David pushed Anna.,Anna was pushed by David.
63,names_agentive,sensible,agentive,past,push,Anna,Sarah,animate,animate,Anna pushed Sarah.,Sarah was pushed by Anna.,Sarah pushed Anna.,Anna was pushed by Sarah.
64,names_agentive,sensible,agentive,past,push,Anna,Peter,animate,animate,Anna pushed Peter.,Peter was pushed by Anna.,Peter pushed Anna.,Anna was pushed by Peter.
65,names_agentive,sensible,agentive,past,push,Anna,Emma,animate,animate,Anna pushed Emma.,Emma was pushed by Anna.,Emma pushed Anna.,Anna was pushed by Emma.
66,names_agentive,sensible,agentive,past,push,Anna,James,animate,animate,Anna pushed James.,James was pushed by Anna.,James pushed Anna.,Anna was pushed by James.
67,names_agentive,sensible,agentive,past,push,Anna,Lisa,animate,animate,Anna pushed Lisa.,Lisa was pushed by Anna.,Lisa pushed Anna.,Anna was pushed by Lisa.
68,names_agentive,sensible,agentive,past,push,Anna,Tom,animate,animate,Anna pushed Tom.,Tom was pushed by Anna.,Tom pushed Anna.,Anna was pushed by Tom.
69,names_agentive,sensible,agentive,past,push,David,Sarah,animate,animate,David pushed Sarah.,Sarah was pushed by David.,Sarah pushed David.,David was pushed by Sarah.
70,names_agentive,sensible,agentive,past,push,David,Peter,animate,animate,David pushed Peter.,Peter was pushed by David.,Peter pushed David.,David was pushed by Peter.
71,names_agentive,sensible,agentive,past,push,David,Emma,animate,animate,David pushed Emma.,Emma was pushed by David.,Emma pushed David.,David was pushed by Emma.
72,names_agentive,sensible,agentive,past,push,David,James,animate,animate,David pushed James.,James was pushed by David.,James pushed David.,David was pushed by James.
73,names_agentive,sensible,agentive,past,push,David,Lisa,animate,animate,David pushed Lisa.,Lisa was pushed by David.,Lisa pushed David.,David was pushed by Lisa.
74,names_agentive,sensible,agentive,past,push,David,Tom,animate,animate,David pushed Tom.,Tom was pushed by David.,Tom pushed David.,David was pushed by Tom.
75,names_agentive,sensible,agentive,past,push,Sarah,Peter,animate,animate,Sarah pushed Peter.,Peter was pushed by Sarah.,Peter pushed Sarah.,Sarah was pushed by Peter.
76,names_agentive,sensible,agentive,past,push,Sarah,Emma,animate,animate,Sarah pushed Emma.,Emma was pushed by Sarah.,Emma pushed Sarah.,Sarah was pushed by Emma.
77,names_agentive,sensible,agentive,past,push,Sarah,James,animate,animate,Sarah pushed James.,James was pushed by Sarah.,James pushed Sarah.,Sarah was pushed by James.
78,names_agentive,sensible,agentive,past,push,Sarah,Lisa,animate,animate,Sarah pushed Lisa.,Lisa was pushed by Sarah.,Lisa pushed Sarah.,Sarah was pushed by Lisa.
79,names_agentive,sensible,agentive,past,push,Sarah,Tom,animate,animate,Sarah pushed Tom.,Tom was pushed by Sarah.,Tom pushed Sarah.,Sarah was pushed by Tom.
80,names_agentive,sensible,agentive,past,push,Peter,Emma,animate,animate,Peter pushed Emma.,Emma was pushed by Peter.,Emma pushed Peter.,Peter was pushed by Emma.
81,names_agentive,sensible,agentive,past,push,Peter,James,animate,animate,Peter pushed James.,James was pushed by Peter.,James pushed Peter.,Peter was pushed by James.
82,names_agentive,sensible,agentive,past,push,Peter,Lisa,animate,animate,Peter pushed Lisa.,Lisa was pushed by Peter.,Lisa pushed Peter.,Peter was pushed by Lisa.
83,names_agentive,sensible,agentive,past,push,Peter,Tom,animate,animate,Peter pushed Tom.,Tom was pushed by Peter.,Tom pushed Peter.,Peter was pushed by Tom.
84,names_agentive,sensible,agentive,past,push,Emma,James,animate,animate,Emma pushed James.,James was pushed by Emma.,James pushed Emma.,Emma was pushed by James.
85,names_agentive,sensible,agentive,past,push,Emma,Lisa,animate,animate,Emma pushed Lisa.,Lisa was pushed by Emma.,Lisa pushed Emma.,Emma was pushed by Lisa.
86,names_agentive,sensible,agentive,past,push,Emma,Tom,animate,animate,Emma pushed Tom.,Tom was pushed by Emma.,Tom pushed Emma.,Emma was pushed by Tom.
87,names_agentive,sensible,agentive,past,push,James,Lisa,animate,animate,James pushed Lisa.,Lisa was pushed by James.,Lisa pushed James.,James was pushed by Lisa.
88,names_agentive,sensible,agentive,past,push,James,Tom,animate,animate,James pushed Tom.,Tom was pushed by James.,Tom pushed James.,James was pushed by Tom.
89,names_agentive,sensible,agentive,past,push,Lisa,Tom,animate,animate,Lisa pushed Tom.,Tom was pushed by Lisa.,Tom pushed Lisa.,Lisa was pushed by Tom.
90,names_agentive,sensible,agentive,past,pull,Mary,John,animate,animate,Mary pulled John.,John was pulled by Mary.,John pulled Mary.,Mary was pulled by John.
91,names_agentive,sensible,agentive,past,pull,Mary,Anna,animate,animate,Mary pulled Anna.,Anna was pulled by Mary.,Anna pulled Mary.,Mary was pulled by Anna.
92,names_agentive,sensible,agentive,past,pull,Mary,David,animate,animate,Mary pulled David.,David was pulled by Mary.,David pulled Mary.,Mary was pulled by David.
93,names_agentive,sensible,agentive,past,pull,Mary,Sarah,animate,animate,Mary pulled Sarah.,Sarah was pulled by Mary.,Sarah pulled Mary.,Mary was pulled by Sarah.
94,names_agentive,sensible,agentive,past,pull,Mary,Peter,animate,animate,Mary pulled Peter.,Peter was pulled by Mary.,Peter pulled Mary.,Mary was pulled by Peter.
95,names_agentive,sensible,agentive,past,pull,Mary,Emma,animate,animate,Mary pulled Emma.,Emma was pulled by Mary.,Emma pulled Mary.,Mary was pulled by Emma.
96,names_agentive,sensible,agentive,past,pull,Mary,James,animate,animate,Mary pulled James.,James was pulled by Mary.,James pulled Mary.,Mary was pulled by James.
97,names_agentive,sensible,agentive,past,pull,Mary,Lisa,animate,animate,Mary pulled Lisa.,Lisa was pulled by Mary.,Lisa pulled Mary.,Mary was pulled by Lisa.
98,names_agentive,sensible,agentive,past,pull,Mary,Tom,animate,animate,Mary pulled Tom.,Tom was pulled by Mary.,Tom pulled Mary.,Mary was pulled by Tom.
99,names_agentive,sensible,agentive,past,pull,John,Anna,animate,animate,John pulled Anna.,Anna was pulled by John.,Anna pulled John.,John was pulled by Anna.
100,names_agentive,sensible,agentive,past,pull,John,David,animate,animate,John pulled David.,David was pulled by John.,David pulled John.,John was pulled by David.
101,names_agentive,sensible,agentive,past,pull,John,Sarah,animate,animate,John pulled Sarah.,Sarah was pulled by John.,Sarah pulled John.,John was pulled by Sarah.
102,names_agentive,sensible,agentive,past,pull,John,Peter,animate,animate,John pulled Peter.,Peter was pulled by John.,Peter pulled John.,John was pulled by Peter.
103,names_agentive,sensible,agentive,past,pull,John,Emma,animate,animate,John pulled Emma.,Emma was pulled by John.,Emma pulled John.,John was pulled by Emma.
104,names_agentive,sensible,agentive,past,pull,John,James,animate,animate,John pulled James.,James was pulled by John.,James pulled John.,John was pulled by James.
105,names_agentive,sensible,agentive,past,pull,John,Lisa,animate,animate,John pulled Lisa.,Lisa was pulled by John.,Lisa pulled John.,John was pulled by Lisa.
106,names_agentive,sensible,agentive,past,pull,John,Tom,animate,animate,John pulled Tom.,Tom was pulled by John.,Tom pulled John.,John was pulled by Tom.
107,names_agentive,sensible,agentive,past,pull,Anna,David,animate,animate,Anna pulled David.,David was pulled by Anna.,David pulled Anna.,Anna was pulled by David.
108,names_agentive,sensible,agentive,past,pull,Anna,Sarah,animate,animate,Anna pulled Sarah.,Sarah was pulled by Anna.,Sarah pulled Anna.,Anna was pulled by Sarah.
109,names_agentive,sensible,agentive,past,pull,Anna,Peter,animate,animate,Anna pulled Peter.,Peter was pulled by Anna.,Peter pulled Anna.,Anna was pulled by Peter.
110,names_agentive,sensible,agentive,past,pull,Anna,Emma,animate,animate,Anna pulled Emma.,Emma was pulled by Anna.,Emma pulled Anna.,Anna was pulled by Emma.
111,names_agentive,sensible,agentive,past,pull,Anna,James,animate,animate,Anna pulled James.,James was pulled by Anna.,James pulled Anna.,Anna was pulled by James.
112,names_agentive,sensible,agentive,past,pull,Anna,Lisa,animate,animate,Anna pulled Lisa.,Lisa was pulled by Anna.,Lisa pulled Anna.,Anna was pulled by Lisa.
113,names_agentive,sensible,agentive,past,pull,Anna,Tom,animate,animate,Anna pulled Tom.,Tom was pulled by Anna.,Tom pulled Anna.,Anna was pulled by Tom.
114,names_agentive,sensible,agentive,past,pull,David,Sarah,animate,animate,David pulled Sarah.,Sarah was pulled by David.,Sarah pulled David.,David was pulled by Sarah.
115,names_agentive,sensible,agentive,past,pull,David,Peter,animate,animate,David pulled Peter.,Peter was pulled by David.,Peter pulled David.,David was pulled by Peter.
116,names_agentive,sensible,agentive,past,pull,David,Emma,animate,animate,David pulled Emma.,Emma was pulled by David.,Emma pulled David.,David was pulled by Emma.
117,names_agentive,sensible,agentive,past,pull,David,James,animate,animate,David pulled James.,James was pulled by David.,James pulled David.,David was pulled by James.
118,names_agentive,sensible,agentive,past,pull,David,Lisa,animate,animate,David pulled Lisa.,Lisa was pulled by David.,Lisa pulled David.,David was pulled by Lisa.
119,names_agentive,sensible,agentive,past,pull,David,Tom,animate,animate,David pulled Tom.,Tom was pulled by David.,Tom pulled David.,David was pulled by Tom.
120,names_agentive,sensible,agentive,past,pull,Sarah,Peter,animate,animate,Sarah pulled Peter.,Peter was pulled by Sarah.,Peter pulled Sarah.,Sarah was pulled by Peter.
121,names_agentive,sensible,agentive,past,pull,Sarah,Emma,animate,animate,Sarah pulled Emma.,Emma was pulled by Sarah.,Emma pulled Sarah.,Sarah was pulled by Emma.
122,names_agentive,sensible,agentive,past,pull,Sarah,James,animate,animate,Sarah pulled James.,James was pulled by Sarah.,James pulled Sarah.,Sarah was pulled by James.
123,names_agentive,sensible,agentive,past,pull,Sarah,Lisa,animate,animate,Sarah pulled Lisa.,Lisa was pulled by Sarah.,Lisa pulled Sarah.,Sarah was pulled by Lisa.
124,names_agentive,sensible,agentive,past,pull,Sarah,Tom,animate,animate,Sarah pulled Tom.,Tom was pulled by Sarah.,Tom pulled Sarah.,Sarah was pulled by Tom.
125,names_agentive,sensible,agentive,past,pull,Peter,Emma,animate,animate,Peter pulled Emma.,Emma was pulled by Peter.,Emma pulled Peter.,Peter was pulled by Emma.
126,names_agentive,sensible,agentive,past,pull,Peter,James,animate,animate,Peter pulled James.,James was pulled by Peter.,James pulled Peter.,Peter was pulled by James.
127,names_agentive,sensible,agentive,past,pull,Peter,Lisa,animate,animate,Peter pulled Lisa.,Lisa was pulled by Peter.,Lisa pulled Peter.,Peter was pulled by Lisa.
128,names_agentive,sensible,agentive,past,pull,Peter,Tom,animate,animate,Peter pulled Tom.,Tom was pulled by Peter.,Tom pulled Peter.,Peter was pulled by Tom.
129,names_agentive,sensible,agentive,past,pull,Emma,James,animate,animate,Emma pulled James.,James was pulled by Emma.,James pulled Emma.,Emma was pulled by James.
130,names_agentive,sensible,agentive,past,pull,Emma,Lisa,animate,animate,Emma pulled Lisa.,Lisa was pulled by Emma.,Lisa pulled Emma.,Emma was pulled by Lisa.
131,names_agentive,sensible,agentive,past,pull,Emma,Tom,animate,animate,Emma pulled Tom.,Tom was pulled by Emma.,Tom pulled Emma.,Emma was pulled by Tom.
132,names_agentive,sensible,agentive,past,pull,James,Lisa,animate,animate,James pulled Lisa.,Lisa was pulled by James.,Lisa pulled James.,James was pulled by Lisa.
133,names_agentive,sensible,agentive,past,pull,James,Tom,animate,animate,James pulled Tom.,Tom was pulled by James.,Tom pulled James.,James was pulled by Tom.
134,names_agentive,sensible,agentive,past,pull,Lisa,Tom,animate,animate,Lisa pulled Tom.,Tom was pulled by Lisa.,Tom pulled Lisa.,Lisa was pulled by Tom.
135,names_agentive,sensible,agentive,past,tickle,Mary,John,animate,animate,Mary tickled John.,John was tickled by Mary.,John tickled Mary.,Mary was tickled by John.
136,names_agentive,sensible,agentive,past,tickle,Mary,Anna,animate,animate,Mary tickled Anna.,Anna was tickled by Mary.,Anna tickled Mary.,Mary was tickled by Anna.
137,names_agentive,sensible,agentive,past,tickle,Mary,David,animate,animate,Mary tickled David.,David was tickled by Mary.,David tickled Mary.,Mary was tickled by David.
138,names_agentive,sensible,agentive,past,tickle,Mary,Sarah,animate,animate,Mary tickled Sarah.,Sarah was tickled by Mary.,Sarah tickled Mary.,Mary was tickled by Sarah.
139,names_agentive,sensible,agentive,past,tickle,Mary,Peter,animate,animate,Mary tickled Peter.,Peter was tickled by Mary.,Peter tickled Mary.,Mary was tickled by Peter.
140,names_agentive,sensible,agentive,past,tickle,Mary,Emma,animate,animate,Mary tickled Emma.,Emma was tickled by Mary.,Emma tickled Mary.,Mary was tickled by Emma.
141,names_agentive,sensible,agentive,past,tickle,Mary,James,animate,animate,Mary tickled James.,James was tickled by Mary.,James tickled Mary.,Mary was tickled by James.
142,names_agentive,sensible,agentive,past,tickle,Mary,Lisa,animate,animate,Mary tickled Lisa.,Lisa was tickled by Mary.,Lisa tickled Mary.,Mary was tickled by Lisa.
143,names_agentive,sensible,agentive,past,tickle,Mary,Tom,animate,animate,Mary tickled Tom.,Tom was tickled by Mary.,Tom tickled Mary.,Mary was tickled by Tom.
144,names_agentive,sensible,agentive,past,tickle,John,Anna,animate,animate,John tickled Anna.,Anna was tickled by John.,Anna tickled John.,John was tickled by Anna.
145,names_agentive,sensible,agentive,past,tickle,John,David,animate,animate,John tickled David.,David was tickled by John.,David tickled John.,John was tickled by David.
146,names_agentive,sensible,agentive,past,tickle,John,Sarah,animate,animate,John tickled Sarah.,Sarah was tickled by John.,Sarah tickled John.,John was tickled by Sarah.
147,names_agentive,sensible,agentive,past,tickle,John,Peter,animate,animate,John tickled Peter.,Peter was tickled by John.,Peter tickled John.,John was tickled by Peter.
148,names_agentive,sensible,agentive,past,tickle,John,Emma,animate,animate,John tickled Emma.,Emma was tickled by John.,Emma tickled John.,John was tickled by Emma.
149,names_agentive,sensible,agentive,past,tickle,John,James,animate,animate,John tickled James.,James was tickled by John.,James tickled John.,John was tickled by James.
150,names_agentive,sensible,agentive,past,tickle,John,Lisa,animate,animate,John tickled Lisa.,Lisa was tickled by John.,Lisa tickled John.,John was tickled by Lisa.
151,names_agentive,sensible,agentive,past,tickle,John,Tom,animate,animate,John tickled Tom.,Tom was tickled by John.,Tom tickled John.,John was tickled by Tom.
152,names_agentive,sensible,agentive,past,tickle,Anna,David,animate,animate,Anna tickled David.,David was tickled by Anna.,David tickled Anna.,Anna was tickled by David.
153,names_agentive,sensible,agentive,past,tickle,Anna,Sarah,animate,animate,Anna tickled Sarah.,Sarah was tickled by Anna.,Sarah tickled Anna.,Anna was tickled by Sarah.
154,names_agentive,sensible,agentive,past,tickle,Anna,Peter,animate,animate,Anna tickled Peter.,Peter was tickled by Anna.,Peter tickled Anna.,Anna was tickled by Peter.
155,names_agentive,sensible,agentive,past,tickle,Anna,Emma,animate,animate,Anna tickled Emma.,Emma was tickled by Anna.,Emma tickled Anna.,Anna was tickled by Emma.
156,names_agentive,sensible,agentive,past,tickle,Anna,James,animate,animate,Anna tickled James.,James was tickled by Anna.,James tickled Anna.,Anna was tickled by James.
157,names_agentive,sensible,agentive,past,tickle,Anna,Lisa,animate,animate,Anna tickled Lisa.,Lisa was tickled by Anna.,Lisa tickled Anna.,Anna was tickled by Lisa.
158,names_agentive,sensible,agentive,past,tickle,Anna,Tom,animate,animate,Anna tickled Tom.,Tom was tickled by Anna.,Tom tickled Anna.,Anna was tickled by Tom.
159,names_agentive,sensible,agentive,past,tickle,David,Sarah,animate,animate,David tickled Sarah.,Sarah was tickled by David.,Sarah tickled David.,David was tickled by Sarah.
160,names_agentive,sensible,agentive,past,tickle,David,Peter,animate,animate,David tickled Peter.,Peter was tickled by David.,Peter tickled David.,David was tickled by Peter.
161,names_agentive,sensible,agentive,past,tickle,David,Emma,animate,animate,David tickled Emma.,Emma was tickled by David.,Emma tickled David.,David was tickled by Emma.
162,names_agentive,sensible,agentive,past,tickle,David,James,animate,animate,David tickled James.,James was tickled by David.,James tickled David.,David was tickled by James.
163,names_agentive,sensible,agentive,past,tickle,David,Lisa,animate,animate,David tickled Lisa.,Lisa was tickled by David.,Lisa tickled David.,David was tickled by Lisa.
164,names_agentive,sensible,agentive,past,tickle,David,Tom,animate,animate,David tickled Tom.,Tom was tickled by David.,Tom tickled David.,David was tickled by Tom.
165,names_agentive,sensible,agentive,past,tickle,Sarah,Peter,animate,animate,Sarah tickled Peter.,Peter was tickled by Sarah.,Peter tickled Sarah.,Sarah was tickled by Peter.
166,names_agentive,sensible,agentive,past,tickle,Sarah,Emma,animate,animate,Sarah tickled Emma.,Emma was tickled by Sarah.,Emma tickled Sarah.,Sarah was tickled by Emma.
167,names_agentive,sensible,agentive,past,tickle,Sarah,James,animate,animate,Sarah tickled James.,James was tickled by Sarah.,James tickled Sarah.,Sarah was tickled by James.
168,names_agentive,sensible,agentive,past,tickle,Sarah,Lisa,animate,animate,Sarah tickled Lisa.,Lisa was tickled by Sarah.,Lisa tickled Sarah.,Sarah was tickled by Lisa.
169,names_agentive,sensible,agentive,past,tickle,Sarah,Tom,animate,animate,Sarah tickled Tom.,Tom was tickled by Sarah.,Tom tickled Sarah.,Sarah was tickled by Tom.
170,names_agentive,sensible,agentive,past,tickle,Peter,Emma,animate,animate,Peter tickled Emma.,Emma was tickled by Peter.,Emma tickled Peter.,Peter was tickled by Emma.
171,names_agentive,sensible,agentive,past,tickle,Peter,James,animate,animate,Peter tickled James.,James was tickled by Peter.,James tickled Peter.,Peter was tickled by James.
172,names_agentive,sensible,agentive,past,tickle,Peter,Lisa,animate,animate,Peter tickled Lisa.,Lisa was tickled by Peter.,Lisa tickled Peter.,Peter was tickled by Lisa.
173,names_agentive,sensible,agentive,past,tickle,Peter,Tom,animate,animate,Peter tickled Tom.,Tom was tickled by Peter.,Tom tickled Peter.,Peter was tickled by Tom.
174,names_agentive,sensible,agentive,past,tickle,Emma,James,animate,animate,Emma tickled James.,James was tickled by Emma.,James tickled Emma.,Emma was tickled by James.
175,names_agentive,sensible,agentive,past,tickle,Emma,Lisa,animate,animate,Emma tickled Lisa.,Lisa was tickled by Emma.,Lisa tickled Emma.,Emma was tickled by Lisa.
176,names_agentive,sensible,agentive,past,tickle,Emma,Tom,animate,animate,Emma tickled Tom.,Tom was tickled by Emma.,Tom tickled Emma.,Emma was tickled by Tom.
177,names_agentive,sensible,agentive,past,tickle,James,Lisa,animate,animate,James tickled Lisa.,Lisa was tickled by James.,Lisa tickled James.,James was tickled by Lisa.
178,names_agentive,sensible,agentive,past,tickle,James,Tom,animate,animate,James tickled Tom.,Tom was tickled by James.,Tom tickled James.,James was tickled by Tom.
179,names_agentive,sensible,agentive,past,tickle,Lisa,Tom,animate,animate,Lisa tickled Tom.,Tom was tickled by Lisa.,Tom tickled Lisa.,Lisa was tickled by Tom.
180,names_agentive,sensible,agentive,past,chase,Mary,John,animate,animate,Mary chased John.,John was chased by Mary.,John chased Mary.,Mary was chased by John.
181,names_agentive,sensible,agentive,past,chase,Mary,Anna,animate,animate,Mary chased Anna.,Anna was chased by Mary.,Anna chased Mary.,Mary was chased by Anna.
182,names_agentive,sensible,agentive,past,chase,Mary,David,animate,animate,Mary chased David.,David was chased by Mary.,David chased Mary.,Mary was chased by David.
183,names_agentive,sensible,agentive,past,chase,Mary,Sarah,animate,animate,Mary chased Sarah.,Sarah was chased by Mary.,Sarah chased Mary.,Mary was chased by Sarah.
184,names_agentive,sensible,agentive,past,chase,Mary,Peter,animate,animate,Mary chased Peter.,Peter was chased by Mary.,Peter chased Mary.,Mary was chased by Peter.
185,names_agentive,sensible,agentive,past,chase,Mary,Emma,animate,animate,Mary chased Emma.,Emma was chased by Mary.,Emma chased Mary.,Mary was chased by Emma.
186,names_agentive,sensible,agentive,past,chase,Mary,James,animate,animate,Mary chased James.,James was chased by Mary.,James chased Mary.,Mary was chased by James.
187,names_agentive,sensible,agentive,past,chase,Mary,Lisa,animate,animate,Mary chased Lisa.,Lisa was chased by Mary.,Lisa chased Mary.,Mary was chased by Lisa.
188,names_agentive,sensible,agentive,past,chase,Mary,Tom,animate,animate,Mary chased Tom.,Tom was chased by Mary.,Tom chased Mary.,Mary was chased by Tom.
189,names_agentive,sensible,agentive,past,chase,John,Anna,animate,animate,John chased Anna.,Anna was chased by John.,Anna chased John.,John was chased by Anna.
190,names_agentive,sensible,agentive,past,chase,John,David,animate,animate,John chased David.,David was chased by John.,David chased John.,John was chased by David.
191,names_agentive,sensible,agentive,past,chase,John,Sarah,animate,animate,John chased Sarah.,Sarah was chased by John.,Sarah chased John.,John was chased by Sarah.
192,names_agentive,sensible,agentive,past,chase,John,Peter,animate,animate,John chased Peter.,Peter was chased by John.,Peter chased John.,John was chased by Peter.
193,names_agentive,sensible,agentive,past,chase,John,Emma,animate,animate,John chased Emma.,Emma was chased by John.,Emma chased John.,John was chased by Emma.
194,names_agentive,sensible,agentive,past,chase,John,James,animate,animate,John chased James.,James was chased by John.,James chased John.,John was chased by James.
195,names_agentive,sensible,agentive,past,chase,John,Lisa,animate,animate,John chased Lisa.,Lisa was chased by John.,Lisa chased John.,John was chased by Lisa.
196,names_agentive,sensible,agentive,past,chase,John,Tom,animate,animate,John chased Tom.,Tom was chased by John.,Tom chased John.,John was chased by Tom.
197,names_agentive,sensible,agentive,past,chase,Anna,David,animate,animate,Anna chased David.,David was chased by Anna.,David chased Anna.,Anna was chased by David.
198,names_agentive,sensible,agentive,past,chase,Anna,Sarah,animate,animate,Anna chased Sarah.,Sarah was chased by Anna.,Sarah chased Anna.,Anna was chased by Sarah.
199,names_agentive,sensible,agentive,past,chase,Anna,Peter,animate,animate,Anna chased Peter.,Peter was chased by Anna.,Peter chased Anna.,Anna was chased by Peter.
200,names_agentive,sensible,agentive,past,chase,Anna,Emma,animate,animate,Anna chased Emma.,Emma was chased by Anna.,Emma chased Anna.,Anna was chased by Emma.
201,names_agentive,sensible,agentive,past,chase,Anna,James,animate,animate,Anna chased James.,James was chased by Anna.,James chased Anna.,Anna was chased by James.
202,names_agentive,sensible,agentive,past,chase,Anna,Lisa,animate,animate,Anna chased Lisa.,Lisa was chased by Anna.,Lisa chased Anna.,Anna was chased by Lisa.
203,names_agentive,sensible,agentive,past,chase,Anna,Tom,animate,animate,Anna chased Tom.,Tom was chased by Anna.,Tom chased Anna.,Anna was chased by Tom.
204,names_agentive,sensible,agentive,past,chase,David,Sarah,animate,animate,David chased Sarah.,Sarah was chased by David.,Sarah chased David.,David was chased by Sarah.
205,names_agentive,sensible,agentive,past,chase,David,Peter,animate,animate,David chased Peter.,Peter was chased by David.,Peter chased David.,David was chased by Peter.
206,names_agentive,sensible,agentive,past,chase,David,Emma,animate,animate,David chased Emma.,Emma was chased by David.,Emma chased David.,David was chased by Emma.
207,names_agentive,sensible,agentive,past,chase,David,James,animate,animate,David chased James.,James was chased by David.,James chased David.,David was chased by James.
208,names_agentive,sensible,agentive,past,chase,David,Lisa,animate,animate,David chased Lisa.,Lisa was chased by David.,Lisa chased David.,David was chased by Lisa.
209,names_agentive,sensible,agentive,past,chase,David,Tom,animate,animate,David chased Tom.,Tom was chased by David.,Tom chased David.,David was chased by Tom.
210,names_agentive,sensible,agentive,past,chase,Sarah,Peter,animate,animate,Sarah chased Peter.,Peter was chased by Sarah.,Peter chased Sarah.,Sarah was chased by Peter.
211,names_agentive,sensible,agentive,past,chase,Sarah,Emma,animate,animate,Sarah chased Emma.,Emma was chased by Sarah.,Emma chased Sarah.,Sarah was chased by Emma.
212,names_agentive,sensible,agentive,past,chase,Sarah,James,animate,animate,Sarah chased James.,James was chased by Sarah.,James chased Sarah.,Sarah was chased by James.
213,names_agentive,sensible,agentive,past,chase,Sarah,Lisa,animate,animate,Sarah chased Lisa.,Lisa was chased by Sarah.,Lisa chased Sarah.,Sarah was chased by Lisa.
214,names_agentive,sensible,agentive,past,chase,Sarah,Tom,animate,animate,Sarah chased Tom.,Tom was chased by Sarah.,Tom chased Sarah.,Sarah was chased by Tom.
215,names_agentive,sensible,agentive,past,chase,Peter,Emma,animate,animate,Peter chased Emma.,Emma was chased by Peter.,Emma chased Peter.,Peter was chased by Emma.
216,names_agentive,sensible,agentive,past,chase,Peter,James,animate,animate,Peter chased James.,James was chased by Peter.,James chased Peter.,Peter was chased by James.
217,names_agentive,sensible,agentive,past,chase,Peter,Lisa,animate,animate,Peter chased Lisa.,Lisa was chased by Peter.,Lisa chased Peter.,Peter was chased by Lisa.
218,names_agentive,sensible,agentive,past,chase,Peter,Tom,animate,animate,Peter chased Tom.,Tom was chased by Peter.,Tom chased Peter.,Peter was chased by Tom.
219,names_agentive,sensible,agentive,past,chase,Emma,James,animate,animate,Emma chased James.,James was chased by Emma.,James chased Emma.,Emma was chased by James.
220,names_agentive,sensible,agentive,past,chase,Emma,Lisa,animate,animate,Emma chased Lisa.,Lisa was chased by Emma.,Lisa chased Emma.,Emma was chased by Lisa.
221,names_agentive,sensible,agentive,past,chase,Emma,Tom,animate,animate,Emma chased Tom.,Tom was chased by Emma.,Tom chased Emma.,Emma was chased by Tom.
222,names_agentive,sensible,agentive,past,chase,James,Lisa,animate,animate,James chased Lisa.,Lisa was chased by James.,Lisa chased James.,James was chased by Lisa.
223,names_agentive,sensible,agentive,past,chase,James,Tom,animate,animate,James chased Tom.,Tom was chased by James.,Tom chased James.,James was chased by Tom.
224,names_agentive,sensible,agentive,past,chase,Lisa,Tom,animate,animate,Lisa chased Tom.,Tom was chased by Lisa.,Tom chased Lisa.,Lisa was chased by Tom.
225,names_agentive,sensible,agentive,past,follow,Mary,John,animate,animate,Mary followed John.,John was followed by Mary.,John followed Mary.,Mary was followed by John.
226,names_agentive,sensible,agentive,past,follow,Mary,Anna,animate,animate,Mary followed Anna.,Anna was followed by Mary.,Anna followed Mary.,Mary was followed by Anna.
227,names_agentive,sensible,agentive,past,follow,Mary,David,animate,animate,Mary followed David.,David was followed by Mary.,David followed Mary.,Mary was followed by David.
228,names_agentive,sensible,agentive,past,follow,Mary,Sarah,animate,animate,Mary followed Sarah.,Sarah was followed by Mary.,Sarah followed Mary.,Mary was followed by Sarah.
229,names_agentive,sensible,agentive,past,follow,Mary,Peter,animate,animate,Mary followed Peter.,Peter was followed by Mary.,Peter followed Mary.,Mary was followed by Peter.
230,names_agentive,sensible,agentive,past,follow,Mary,Emma,animate,animate,Mary followed Emma.,Emma was followed by Mary.,Emma followed Mary.,Mary was followed by Emma.
231,names_agentive,sensible,agentive,past,follow,Mary,James,animate,animate,Mary followed James.,James was followed by Mary.,James followed Mary.,Mary was followed by James.
232,names_agentive,sensible,agentive,past,follow,Mary,Lisa,animate,animate,Mary followed Lisa.,Lisa was followed by Mary.,Lisa followed Mary.,Mary was followed by Lisa.
233,names_agentive,sensible,agentive,past,follow,Mary,Tom,animate,animate,Mary followed Tom.,Tom was followed by Mary.,Tom followed Mary.,Mary was followed by Tom.
234,names_agentive,sensible,agentive,past,follow,John,Anna,animate,animate,John followed Anna.,Anna was followed by John.,Anna followed John.,John was followed by Anna.
235,names_agentive,sensible,agentive,past,follow,John,David,animate,animate,John followed David.,David was followed by John.,David followed John.,John was followed by David.
236,names_agentive,sensible,agentive,past,follow,John,Sarah,animate,animate,John followed Sarah.,Sarah was followed by John.,Sarah followed John.,John was followed by Sarah.
237,names_agentive,sensible,agentive,past,follow,John,Peter,animate,animate,John followed Peter.,Peter was followed by John.,Peter followed John.,John was followed by Peter.
238,names_agentive,sensible,agentive,past,follow,John,Emma,animate,animate,John followed Emma.,Emma was followed by John.,Emma followed John.,John was followed by Emma.
239,names_agentive,sensible,agentive,past,follow,John,James,animate,animate,John followed James.,James was followed by John.,James followed John.,John was followed by James.
240,names_agentive,sensible,agentive,past,follow,John,Lisa,animate,animate,John followed Lisa.,Lisa was followed by John.,Lisa followed John.,John was followed by Lisa.
241,names_agentive,sensible,agentive,past,follow,John,Tom,animate,animate,John followed Tom.,Tom was followed by John.,Tom followed John.,John was followed by Tom.
242,names_agentive,sensible,agentive,past,follow,Anna,David,animate,animate,Anna followed David.,David was followed by Anna.,David followed Anna.,Anna was followed by David.
243,names_agentive,sensible,agentive,past,follow,Anna,Sarah,animate,animate,Anna followed Sarah.,Sarah was followed by Anna.,Sarah followed Anna.,Anna was followed by Sarah.
244,names_agentive,sensible,agentive,past,follow,Anna,Peter,animate,animate,Anna followed Peter.,Peter was followed by Anna.,Peter followed Anna.,Anna was followed by Peter.
245,names_agentive,sensible,agentive,past,follow,Anna,Emma,animate,animate,Anna followed Emma.,Emma was followed by Anna.,Emma followed Anna.,Anna was followed by Emma.
246,names_agentive,sensible,agentive,past,follow,Anna,James,animate,animate,Anna followed James.,James was followed by Anna.,James followed Anna.,Anna was followed by James.
247,names_agentive,sensible,agentive,past,follow,Anna,Lisa,animate,animate,Anna followed Lisa.,Lisa was followed by Anna.,Lisa followed Anna.,Anna was followed by Lisa.
248,names_agentive,sensible,agentive,past,follow,Anna,Tom,animate,animate,Anna followed Tom.,Tom was followed by Anna.,Tom followed Anna.,Anna was followed by Tom.
249,names_agentive,sensible,agentive,past,follow,David,Sarah,animate,animate,David followed Sarah.,Sarah was followed by David.,Sarah followed David.,David was followed by Sarah.
250,names_agentive,sensible,agentive,past,follow,David,Peter,animate,animate,David followed Peter.,Peter was followed by David.,Peter followed David.,David was followed by Peter.
251,names_agentive,sensible,agentive,past,follow,David,Emma,animate,animate,David followed Emma.,Emma was followed by David.,Emma followed David.,David was followed by Emma.
252,names_agentive,sensible,agentive,past,follow,David,James,animate,animate,David followed James.,James was followed by David.,James followed David.,David was followed by James.
253,names_agentive,sensible,agentive,past,follow,David,Lisa,animate,animate,David followed Lisa.,Lisa was followed by David.,Lisa followed David.,David was followed by Lisa.
254,names_agentive,sensible,agentive,past,follow,David,Tom,animate,animate,David followed Tom.,Tom was followed by David.,Tom followed David.,David was followed by Tom.
255,names_agentive,sensible,agentive,past,follow,Sarah,Peter,animate,animate,Sarah followed Peter.,Peter was followed by Sarah.,Peter followed Sarah.,Sarah was followed by Peter.
256,names_agentive,sensible,agentive,past,follow,Sarah,Emma,animate,animate,Sarah followed Emma.,Emma was followed by Sarah.,Emma followed Sarah.,Sarah was followed by Emma.
257,names_agentive,sensible,agentive,past,follow,Sarah,James,animate,animate,Sarah followed James.,James was followed by Sarah.,James followed Sarah.,Sarah was followed by James.
258,names_agentive,sensible,agentive,past,follow,Sarah,Lisa,animate,animate,Sarah followed Lisa.,Lisa was followed by Sarah.,Lisa followed Sarah.,Sarah was followed by Lisa.
259,names_agentive,sensible,agentive,past,follow,Sarah,Tom,animate,animate,Sarah followed Tom.,Tom was followed by Sarah.,Tom followed Sarah.,Sarah was followed by Tom.
260,names_agentive,sensible,agentive,past,follow,Peter,Emma,animate,animate,Peter followed Emma.,Emma was followed by Peter.,Emma followed Peter.,Peter was followed by Emma.
261,names_agentive,sensible,agentive,past,follow,Peter,James,animate,animate,Peter followed James.,James was followed by Peter.,James followed Peter.,Peter was followed by James.
262,names_agentive,sensible,agentive,past,follow,Peter,Lisa,animate,animate,Peter followed Lisa.,Lisa was followed by Peter.,Lisa followed Peter.,Peter was followed by Lisa.
263,names_agentive,sensible,agentive,past,follow,Peter,Tom,animate,animate,Peter followed Tom.,Tom was followed by Peter.,Tom followed Peter.,Peter was followed by Tom.
264,names_agentive,sensible,agentive,past,follow,Emma,James,animate,animate,Emma followed James.,James was followed by Emma.,James followed Emma.,Emma was followed by James.
265,names_agentive,sensible,agentive,past,follow,Emma,Lisa,animate,animate,Emma followed Lisa.,Lisa was followed by Emma.,Lisa followed Emma.,Emma was followed by Lisa.
266,names_agentive,sensible,agentive,past,follow,Emma,Tom,animate,animate,Emma followed Tom.,Tom was followed by Emma.,Tom followed Emma.,Emma was followed by Tom.
267,names_agentive,sensible,agentive,past,follow,James,Lisa,animate,animate,James followed Lisa.,Lisa was followed by James.,Lisa followed James.,James was followed by Lisa.
268,names_agentive,sensible,agentive,past,follow,James,Tom,animate,animate,James followed Tom.,Tom was followed by James.,Tom followed James.,James was followed by Tom.
269,names_agentive,sensible,agentive,past,follow,Lisa,Tom,animate,animate,Lisa followed Tom.,Tom was followed by Lisa.,Tom followed Lisa.,Lisa was followed by Tom.
270,names_agentive,sensible,agentive,past,call,Mary,John,animate,animate,Mary called John.,John was called by Mary.,John called Mary.,Mary was called by John.
271,names_agentive,sensible,agentive,past,call,Mary,Anna,animate,animate,Mary called Anna.,Anna was called by Mary.,Anna called Mary.,Mary was called by Anna.
272,names_agentive,sensible,agentive,past,call,Mary,David,animate,animate,Mary called David.,David was called by Mary.,David called Mary.,Mary was called by David.
273,names_agentive,sensible,agentive,past,call,Mary,Sarah,animate,animate,Mary called Sarah.,Sarah was called by Mary.,Sarah called Mary.,Mary was called by Sarah.
274,names_agentive,sensible,agentive,past,call,Mary,Peter,animate,animate,Mary called Peter.,Peter was called by Mary.,Peter called Mary.,Mary was called by Peter.
275,names_agentive,sensible,agentive,past,call,Mary,Emma,animate,animate,Mary called Emma.,Emma was called by Mary.,Emma called Mary.,Mary was called by Emma.
276,names_agentive,sensible,agentive,past,call,Mary,James,animate,animate,Mary called James.,James was called by Mary.,James called Mary.,Mary was called by James.
277,names_agentive,sensible,agentive,past,call,Mary,Lisa,animate,animate,Mary called Lisa.,Lisa was called by Mary.,Lisa called Mary.,Mary was called by Lisa.
278,names_agentive,sensible,agentive,past,call,Mary,Tom,animate,animate,Mary called Tom.,Tom was called by Mary.,Tom called Mary.,Mary was called by Tom.
279,names_agentive,sensible,agentive,past,call,John,Anna,animate,animate,John called Anna.,Anna was called by John.,Anna called John.,John was called by Anna.
280,names_agentive,sensible,agentive,past,call,John,David,animate,animate,John called David.,David was called by John.,David called John.,John was called by David.
281,names_agentive,sensible,agentive,past,call,John,Sarah,animate,animate,John called Sarah.,Sarah was called by John.,Sarah called John.,John was called by Sarah.
282,names_agentive,sensible,agentive,past,call,John,Peter,animate,animate,John called Peter.,Peter was called by John.,Peter called John.,John was called by Peter.
283,names_agentive,sensible,agentive,past,call,John,Emma,animate,animate,John called Emma.,Emma was called by John.,Emma called John.,John was called by Emma.
284,names_agentive,sensible,agentive,past,call,John,James,animate,animate,John called James.,James was called by John.,James called John.,John was called by James.
285,names_agentive,sensible,agentive,past,call,John,Lisa,animate,animate,John called Lisa.,Lisa was called by John.,Lisa called John.,John was called by Lisa.
286,names_agentive,sensible,agentive,past,call,John,Tom,animate,animate,John called Tom.,Tom was called by John.,Tom called John.,John was called by Tom.
287,names_agentive,sensible,agentive,past,call,Anna,David,animate,animate,Anna called David.,David was called by Anna.,David called Anna.,Anna was called by David.
288,names_agentive,sensible,agentive,past,call,Anna,Sarah,animate,animate,Anna called Sarah.,Sarah was called by Anna.,Sarah called Anna.,Anna was called by Sarah.
289,names_agentive,sensible,agentive,past,call,Anna,Peter,animate,animate,Anna called Peter.,Peter was called by Anna.,Peter called Anna.,Anna was called by Peter.
290,names_agentive,sensible,agentive,past,call,Anna,Emma,animate,animate,Anna called Emma.,Emma was called by Anna.,Emma called Anna.,Anna was called by Emma.
291,names_agentive,sensible,agentive,past,call,Anna,James,animate,animate,Anna called James.,James was called by Anna.,James called Anna.,Anna was called by James.
292,names_agentive,sensible,agentive,past,call,Anna,Lisa,animate,animate,Anna called Lisa.,Lisa was called by Anna.,Lisa called Anna.,Anna was called by Lisa.
293,names_agentive,sensible,agentive,past,call,Anna,Tom,animate,animate,Anna called Tom.,Tom was called by Anna.,Tom called Anna.,Anna was called by Tom.
294,names_agentive,sensible,agentive,past,call,David,Sarah,animate,animate,David called Sarah.,Sarah was called by David.,Sarah called David.,David was called by Sarah.
295,names_agentive,sensible,agentive,past,call,David,Peter,animate,animate,David called Peter.,Peter was called by David.,Peter called David.,David was called by Peter.
296,names_agentive,sensible,agentive,past,call,David,Emma,animate,animate,David called Emma.,Emma was called by David.,Emma called David.,David was called by Emma.
297,names_agentive,sensible,agentive,past,call,David,James,animate,animate,David called James.,James was called by David.,James called David.,David was called by James.
298,names_agentive,sensible,agentive,past,call,David,Lisa,animate,animate,David called Lisa.,Lisa was called by David.,Lisa called David.,David was called by Lisa.
299,names_agentive,sensible,agentive,past,call,David,Tom,animate,animate,David called Tom.,Tom was called by David.,Tom called David.,David was called by Tom.
300,names_agentive,sensible,agentive,past,call,Sarah,Peter,animate,animate,Sarah called Peter.,Peter was called by Sarah.,Peter called Sarah.,Sarah was called by Peter.
301,names_agentive,sensible,agentive,past,call,Sarah,Emma,animate,animate,Sarah called Emma.,Emma was called by Sarah.,Emma called Sarah.,Sarah was called by Emma.
302,names_agentive,sensible,agentive,past,call,Sarah,James,animate,animate,Sarah called James.,James was called by Sarah.,James called Sarah.,Sarah was called by James.
303,names_agentive,sensible,agentive,past,call,Sarah,Lisa,animate,animate,Sarah called Lisa.,Lisa was called by Sarah.,Lisa called Sarah.,Sarah was called by Lisa.
304,names_agentive,sensible,agentive,past,call,Sarah,Tom,animate,animate,Sarah called Tom.,Tom was called by Sarah.,Tom called Sarah.,Sarah was called by Tom.
305,names_agentive,sensible,agentive,past,call,Peter,Emma,animate,animate,Peter called Emma.,Emma was called by Peter.,Emma called Peter.,Peter was called by Emma.
306,names_agentive,sensible,agentive,past,call,Peter,James,animate,animate,Peter called James.,James was called by Peter.,James called Peter.,Peter was called by James.
307,names_agentive,sensible,agentive,past,call,Peter,Lisa,animate,animate,Peter called Lisa.,Lisa was called by Peter.,Lisa called Peter.,Peter was called by Lisa.
308,names_agentive,sensible,agentive,past,call,Peter,Tom,animate,animate,Peter called Tom.,Tom was called by Peter.,Tom called Peter.,Peter was called by Tom.
309,names_agentive,sensible,agentive,past,call,Emma,James,animate,animate,Emma called James.,James was called by Emma.,James called Emma.,Emma was called by James.
310,names_agentive,sensible,agentive,past,call,Emma,Lisa,animate,animate,Emma called Lisa.,Lisa was called by Emma.,Lisa called Emma.,Emma was called by Lisa.
311,names_agentive,sensible,agentive,past,call,Emma,Tom,animate,animate,Emma called Tom.,Tom was called by Emma.,Tom called Emma.,Emma was called by Tom.
312,names_agentive,sensible,agentive,past,call,James,Lisa,animate,animate,James called Lisa.,Lisa was called by James.,Lisa called James.,James was called by Lisa.
313,names_agentive,sensible,agentive,past,call,James,Tom,animate,animate,James called Tom.,Tom was called by James.,Tom called James.,James was called by Tom.
314,names_agentive,sensible,agentive,past,call,Lisa,Tom,animate,animate,Lisa called Tom.,Tom was called by Lisa.,Tom called Lisa.,Lisa was called by Tom.
315,names_agentive,sensible,agentive,past,thank,Mary,John,animate,animate,Mary thanked John.,John was thanked by Mary.,John thanked Mary.,Mary was thanked by John.
316,names_agentive,sensible,agentive,past,thank,Mary,Anna,animate,animate,Mary thanked Anna.,Anna was thanked by Mary.,Anna thanked Mary.,Mary was thanked by Anna.
317,names_agentive,sensible,agentive,past,thank,Mary,David,animate,animate,Mary thanked David.,David was thanked by Mary.,David thanked Mary.,Mary was thanked by David.
318,names_agentive,sensible,agentive,past,thank,Mary,Sarah,animate,animate,Mary thanked Sarah.,Sarah was thanked by Mary.,Sarah thanked Mary.,Mary was thanked by Sarah.
319,names_agentive,sensible,agentive,past,thank,Mary,Peter,animate,animate,Mary thanked Peter.,Peter was thanked by Mary.,Peter thanked Mary.,Mary was thanked by Peter.
320,names_agentive,sensible,agentive,past,thank,Mary,Emma,animate,animate,Mary thanked Emma.,Emma was thanked by Mary.,Emma thanked Mary.,Mary was thanked by Emma.
321,names_agentive,sensible,agentive,past,thank,Mary,James,animate,animate,Mary thanked James.,James was thanked by Mary.,James thanked Mary.,Mary was thanked by James.
322,names_agentive,sensible,agentive,past,thank,Mary,Lisa,animate,animate,Mary thanked Lisa.,Lisa was thanked by Mary.,Lisa thanked Mary.,Mary was thanked by Lisa.
323,names_agentive,sensible,agentive,past,thank,Mary,Tom,animate,animate,Mary thanked Tom.,Tom was thanked by Mary.,Tom thanked Mary.,Mary was thanked by Tom.
324,names_agentive,sensible,agentive,past,thank,John,Anna,animate,animate,John thanked Anna.,Anna was thanked by John.,Anna thanked John.,John was thanked by Anna.
325,names_agentive,sensible,agentive,past,thank,John,David,animate,animate,John thanked David.,David was thanked by John.,David thanked John.,John was thanked by David.
326,names_agentive,sensible,agentive,past,thank,John,Sarah,animate,animate,John thanked Sarah.,Sarah was thanked by John.,Sarah thanked John.,John was thanked by Sarah.
327,names_agentive,sensible,agentive,past,thank,John,Peter,animate,animate,John thanked Peter.,Peter was thanked by John.,Peter thanked John.,John was thanked by Peter.
328,names_agentive,sensible,agentive,past,thank,John,Emma,animate,animate,John thanked Emma.,Emma was thanked by John.,Emma thanked John.,John was thanked by Emma.
329,names_agentive,sensible,agentive,past,thank,John,James,animate,animate,John thanked James.,James was thanked by John.,James thanked John.,John was thanked by James.
330,names_agentive,sensible,agentive,past,thank,John,Lisa,animate,animate,John thanked Lisa.,Lisa was thanked by John.,Lisa thanked John.,John was thanked by Lisa.
331,names_agentive,sensible,agentive,past,thank,John,Tom,animate,animate,John thanked Tom.,Tom was thanked by John.,Tom thanked John.,John was thanked by Tom.
332,names_agentive,sensible,agentive,past,thank,Anna,David,animate,animate,Anna thanked David.,David was thanked by Anna.,David thanked Anna.,Anna was thanked by David.
333,names_agentive,sensible,agentive,past,thank,Anna,Sarah,animate,animate,Anna thanked Sarah.,Sarah was thanked by Anna.,Sarah thanked Anna.,Anna was thanked by Sarah.
334,names_agentive,sensible,agentive,past,thank,Anna,Peter,animate,animate,Anna thanked Peter.,Peter was thanked by Anna.,Peter thanked Anna.,Anna was thanked by Peter.
335,names_agentive,sensible,agentive,past,thank,Anna,Emma,animate,animate,Anna thanked Emma.,Emma was thanked by Anna.,Emma thanked Anna.,Anna was thanked by Emma.
336,names_agentive,sensible,agentive,past,thank,Anna,James,animate,animate,Anna thanked James.,James was thanked by Anna.,James thanked Anna.,Anna was thanked by James.
337,names_agentive,sensible,agentive,past,thank,Anna,Lisa,animate,animate,Anna thanked Lisa.,Lisa was thanked by Anna.,Lisa thanked Anna.,Anna was thanked by Lisa.
338,names_agentive,sensible,agentive,past,thank,Anna,Tom,animate,animate,Anna thanked Tom.,Tom was thanked by Anna.,Tom thanked Anna.,Anna was thanked by Tom.
339,names_agentive,sensible,agentive,past,thank,David,Sarah,animate,animate,David thanked Sarah.,Sarah was thanked by David.,Sarah thanked David.,David was thanked by Sarah.
340,names_agentive,sensible,agentive,past,thank,David,Peter,animate,animate,David thanked Peter.,Peter was thanked by David.,Peter thanked David.,David was thanked by Peter.
341,names_agentive,sensible,agentive,past,thank,David,Emma,animate,animate,David thanked Emma.,Emma was thanked by David.,Emma thanked David.,David was thanked by Emma.
342,names_agentive,sensible,agentive,past,thank,David,James,animate,animate,David thanked James.,James was thanked by David.,James thanked David.,David was thanked by James.
343,names_agentive,sensible,agentive,past,thank,David,Lisa,animate,animate,David thanked Lisa.,Lisa was thanked by David.,Lisa thanked David.,David was thanked by Lisa.
344,names_agentive,sensible,agentive,past,thank,David,Tom,animate,animate,David thanked Tom.,Tom was thanked by David.,Tom thanked David.,David was thanked by Tom.
345,names_agentive,sensible,agentive,past,thank,Sarah,Peter,animate,animate,Sarah thanked Peter.,Peter was thanked by Sarah.,Peter thanked Sarah.,Sarah was thanked by Peter.
346,names_agentive,sensible,agentive,past,thank,Sarah,Emma,animate,animate,Sarah thanked Emma.,Emma was thanked by Sarah.,Emma thanked Sarah.,Sarah was thanked by Emma.
347,names_agentive,sensible,agentive,past,thank,Sarah,James,animate,animate,Sarah thanked James.,James was thanked by Sarah.,James thanked Sarah.,Sarah was thanked by James.
348,names_agentive,sensible,agentive,past,thank,Sarah,Lisa,animate,animate,Sarah thanked Lisa.,Lisa was thanked by Sarah.,Lisa thanked Sarah.,Sarah was thanked by Lisa.
349,names_agentive,sensible,agentive,past,thank,Sarah,Tom,animate,animate,Sarah thanked Tom.,Tom was thanked by Sarah.,Tom thanked Sarah.,Sarah was thanked by Tom.
350,names_agentive,sensible,agentive,past,thank,Peter,Emma,animate,animate,Peter thanked Emma.,Emma was thanked by Peter.,Emma thanked Peter.,Peter was thanked by Emma.
351,names_agentive,sensible,agentive,past,thank,Peter,James,animate,animate,Peter thanked James.,James was thanked by Peter.,James thanked Peter.,Peter was thanked by James.
352,names_agentive,sensible,agentive,past,thank,Peter,Lisa,animate,animate,Peter thanked Lisa.,Lisa was thanked by Peter.,Lisa thanked Peter.,Peter was thanked by Lisa.
353,names_agentive,sensible,agentive,past,thank,Peter,Tom,animate,animate,Peter thanked Tom.,Tom was thanked by Peter.,Tom thanked Peter.,Peter was thanked by Tom.
354,names_agentive,sensible,agentive,past,thank,Emma,James,animate,animate,Emma thanked James.,James was thanked by Emma.,James thanked Emma.,Emma was thanked by James.
355,names_agentive,sensible,agentive,past,thank,Emma,Lisa,animate,animate,Emma thanked Lisa.,Lisa was thanked by Emma.,Lisa thanked Emma.,Emma was thanked by Lisa.
356,names_agentive,sensible,agentive,past,thank,Emma,Tom,animate,animate,Emma thanked Tom.,Tom was thanked by Emma.,Tom thanked Emma.,Emma was thanked by Tom.
357,names_agentive,sensible,agentive,past,thank,James,Lisa,animate,animate,James thanked Lisa.,Lisa was thanked by James.,Lisa thanked James.,James was thanked by Lisa.
358,names_agentive,sensible,agentive,past,thank,James,Tom,animate,animate,James thanked Tom.,Tom was thanked by James.,Tom thanked James.,James was thanked by Tom.
359,names_agentive,sensible,agentive,past,thank,Lisa,Tom,animate,animate,Lisa thanked Tom.,Tom was thanked by Lisa.,Tom thanked Lisa.,Lisa was thanked by Tom.
360,names_agentive,sensible,agentive,past,praise,Mary,John,animate,animate,Mary praised John.,John was praised by Mary.,John praised Mary.,Mary was praised by John.
361,names_agentive,sensible,agentive,past,praise,Mary,Anna,animate,animate,Mary praised Anna.,Anna was praised by Mary.,Anna praised Mary.,Mary was praised by Anna.
362,names_agentive,sensible,agentive,past,praise,Mary,David,animate,animate,Mary praised David.,David was praised by Mary.,David praised Mary.,Mary was praised by David.
363,names_agentive,sensible,agentive,past,praise,Mary,Sarah,animate,animate,Mary praised Sarah.,Sarah was praised by Mary.,Sarah praised Mary.,Mary was praised by Sarah.
364,names_agentive,sensible,agentive,past,praise,Mary,Peter,animate,animate,Mary praised Peter.,Peter was praised by Mary.,Peter praised Mary.,Mary was praised by Peter.
365,names_agentive,sensible,agentive,past,praise,Mary,Emma,animate,animate,Mary praised Emma.,Emma was praised by Mary.,Emma praised Mary.,Mary was praised by Emma.
366,names_agentive,sensible,agentive,past,praise,Mary,James,animate,animate,Mary praised James.,James was praised by Mary.,James praised Mary.,Mary was praised by James.
367,names_agentive,sensible,agentive,past,praise,Mary,Lisa,animate,animate,Mary praised Lisa.,Lisa was praised by Mary.,Lisa praised Mary.,Mary was praised by Lisa.
368,names_agentive,sensible,agentive,past,praise,Mary,Tom,animate,animate,Mary praised Tom.,Tom was praised by Mary.,Tom praised Mary.,Mary was praised by Tom.
369,names_agentive,sensible,agentive,past,praise,John,Anna,animate,animate,John praised Anna.,Anna was praised by John.,Anna praised John.,John was praised by Anna.
370,names_agentive,sensible,agentive,past,praise,John,David,animate,animate,John praised David.,David was praised by John.,David praised John.,John was praised by David.
371,names_agentive,sensible,agentive,past,praise,John,Sarah,animate,animate,John praised Sarah.,Sarah was praised by John.,Sarah praised John.,John was praised by Sarah.
372,names_agentive,sensible,agentive,past,praise,John,Peter,animate,animate,John praised Peter.,Peter was praised by John.,Peter praised John.,John was praised by Peter.
373,names_agentive,sensible,agentive,past,praise,John,Emma,animate,animate,John praised Emma.,Emma was praised by John.,Emma praised John.,John was praised by Emma.
374,names_agentive,sensible,agentive,past,praise,John,James,animate,animate,John praised James.,James was praised by John.,James praised John.,John was praised by James.
375,names_agentive,sensible,agentive,past,praise,John,Lisa,animate,animate,John praised Lisa.,Lisa was praised by John.,Lisa praised John.,John was praised by Lisa.
376,names_agentive,sensible,agentive,past,praise,John,Tom,animate,animate,John praised Tom.,Tom was praised by John.,Tom praised John.,John was praised by Tom.
377,names_agentive,sensible,agentive,past,praise,Anna,David,animate,animate,Anna praised David.,David was praised by Anna.,David praised Anna.,Anna was praised by David.
378,names_agentive,sensible,agentive,past,praise,Anna,Sarah,animate,animate,Anna praised Sarah.,Sarah was praised by Anna.,Sarah praised Anna.,Anna was praised by Sarah.
379,names_agentive,sensible,agentive,past,praise,Anna,Peter,animate,animate,Anna praised Peter.,Peter was praised by Anna.,Peter praised Anna.,Anna was praised by Peter.
380,names_agentive,sensible,agentive,past,praise,Anna,Emma,animate,animate,Anna praised Emma.,Emma was praised by Anna.,Emma praised Anna.,Anna was praised by Emma.
381,names_agentive,sensible,agentive,past,praise,Anna,James,animate,animate,Anna praised James.,James was praised by Anna.,James praised Anna.,Anna was praised by James.
382,names_agentive,sensible,agentive,past,praise,Anna,Lisa,animate,animate,Anna praised Lisa.,Lisa was praised by Anna.,Lisa praised Anna.,Anna was praised by Lisa.
383,names_agentive,sensible,agentive,past,praise,Anna,Tom,animate,animate,Anna praised Tom.,Tom was praised by Anna.,Tom praised Anna.,Anna was praised by Tom.
384,names_agentive,sensible,agentive,past,praise,David,Sarah,animate,animate,David praised Sarah.,Sarah was praised by David.,Sarah praised David.,David was praised by Sarah.
385,names_agentive,sensible,agentive,past,praise,David,Peter,animate,animate,David praised Peter.,Peter was praised by David.,Peter praised David.,David was praised by Peter.
386,names_agentive,sensible,agentive,past,praise,David,Emma,animate,animate,David praised Emma.,Emma was praised by David.,Emma praised David.,David was praised by Emma.
387,names_agentive,sensible,agentive,past,praise,David,James,animate,animate,David praised James.,James was praised by David.,James praised David.,David was praised by James.
388,names_agentive,sensible,agentive,past,praise,David,Lisa,animate,animate,David praised Lisa.,Lisa was praised by David.,Lisa praised David.,David was praised by Lisa.
389,names_agentive,sensible,agentive,past,praise,David,Tom,animate,animate,David praised Tom.,Tom was praised by David.,Tom praised David.,David was praised by Tom.
390,names_agentive,sensible,agentive,past,praise,Sarah,Peter,animate,animate,Sarah praised Peter.,Peter was praised by Sarah.,Peter praised Sarah.,Sarah was praised by Peter.
391,names_agentive,sensible,agentive,past,praise,Sarah,Emma,animate,animate,Sarah praised Emma.,Emma was praised by Sarah.,Emma praised Sarah.,Sarah was praised by Emma.
392,names_agentive,sensible,agentive,past,praise,Sarah,James,animate,animate,Sarah praised James.,James was praised by Sarah.,James praised Sarah.,Sarah was praised by James.
393,names_agentive,sensible,agentive,past,praise,Sarah,Lisa,animate,animate,Sarah praised Lisa.,Lisa was praised by Sarah.,Lisa praised Sarah.,Sarah was praised by Lisa.
394,names_agentive,sensible,agentive,past,praise,Sarah,Tom,animate,animate,Sarah praised Tom.,Tom was praised by Sarah.,Tom praised Sarah.,Sarah was praised by Tom.
395,names_agentive,sensible,agentive,past,praise,Peter,Emma,animate,animate,Peter praised Emma.,Emma was praised by Peter.,Emma praised Peter.,Peter was praised by Emma.
396,names_agentive,sensible,agentive,past,praise,Peter,James,animate,animate,Peter praised James.,James was praised by Peter.,James praised Peter.,Peter was praised by James.
397,names_agentive,sensible,agentive,past,praise,Peter,Lisa,animate,animate,Peter praised Lisa.,Lisa was praised by Peter.,Lisa praised Peter.,Peter was praised by Lisa.
398,names_agentive,sensible,agentive,past,praise,Peter,Tom,animate,animate,Peter praised Tom.,Tom was praised by Peter.,Tom praised Peter.,Peter was praised by Tom.
399,names_agentive,sensible,agentive,past,praise,Emma,James,animate,animate,Emma praised James.,James was praised by Emma.,James praised Emma.,Emma was praised by James.
400,names_agentive,sensible,agentive,past,praise,Emma,Lisa,animate,animate,Emma praised Lisa.,Lisa was praised by Emma.,Lisa praised Emma.,Emma was praised by Lisa.
401,names_agentive,sensible,agentive,past,praise,Emma,Tom,animate,animate,Emma praised Tom.,Tom was praised by Emma.,Tom praised Emma.,Emma was praised by Tom.
402,names_agentive,sensible,agentive,past,praise,James,Lisa,animate,animate,James praised Lisa.,Lisa was praised by James.,Lisa praised James.,James was praised by Lisa.
403,names_agentive,sensible,agentive,past,praise,James,Tom,animate,animate,James praised Tom.,Tom was praised by James.,Tom praised James.,James was praised by Tom.
404,names_agentive,sensible,agentive,past,praise,Lisa,Tom,animate,animate,Lisa praised Tom.,Tom was praised by Lisa.,Tom praised Lisa.,Lisa was praised by Tom.
405,names_agentive,sensible,agentive,past,blame,Mary,John,animate,animate,Mary blamed John.,John was blamed by Mary.,John blamed Mary.,Mary was blamed by John.
406,names_agentive,sensible,agentive,past,blame,Mary,Anna,animate,animate,Mary blamed Anna.,Anna was blamed by Mary.,Anna blamed Mary.,Mary was blamed by Anna.
407,names_agentive,sensible,agentive,past,blame,Mary,David,animate,animate,Mary blamed David.,David was blamed by Mary.,David blamed Mary.,Mary was blamed by David.
408,names_agentive,sensible,agentive,past,blame,Mary,Sarah,animate,animate,Mary blamed Sarah.,Sarah was blamed by Mary.,Sarah blamed Mary.,Mary was blamed by Sarah.
409,names_agentive,sensible,agentive,past,blame,Mary,Peter,animate,animate,Mary blamed Peter.,Peter was blamed by Mary.,Peter blamed Mary.,Mary was blamed by Peter.
410,names_agentive,sensible,agentive,past,blame,Mary,Emma,animate,animate,Mary blamed Emma.,Emma was blamed by Mary.,Emma blamed Mary.,Mary was blamed by Emma.
411,names_agentive,sensible,agentive,past,blame,Mary,James,animate,animate,Mary blamed James.,James was blamed by Mary.,James blamed Mary.,Mary was blamed by James.
412,names_agentive,sensible,agentive,past,blame,Mary,Lisa,animate,animate,Mary blamed Lisa.,Lisa was blamed by Mary.,Lisa blamed Mary.,Mary was blamed by Lisa.
413,names_agentive,sensible,agentive,past,blame,Mary,Tom,animate,animate,Mary blamed Tom.,Tom was blamed by Mary.,Tom blamed Mary.,Mary was blamed by Tom.
414,names_agentive,sensible,agentive,past,blame,John,Anna,animate,animate,John blamed Anna.,Anna was blamed by John.,Anna blamed John.,John was blamed by Anna.
415,names_agentive,sensible,agentive,past,blame,John,David,animate,animate,John blamed David.,David was blamed by John.,David blamed John.,John was blamed by David.
416,names_agentive,sensible,agentive,past,blame,John,Sarah,animate,animate,John blamed Sarah.,Sarah was blamed by John.,Sarah blamed John.,John was blamed by Sarah.
417,names_agentive,sensible,agentive,past,blame,John,Peter,animate,animate,John blamed Peter.,Peter was blamed by John.,Peter blamed John.,John was blamed by Peter.
418,names_agentive,sensible,agentive,past,blame,John,Emma,animate,animate,John blamed Emma.,Emma was blamed by John.,Emma blamed John.,John was blamed by Emma.
419,names_agentive,sensible,agentive,past,blame,John,James,animate,animate,John blamed James.,James was blamed by John.,James blamed John.,John was blamed by James.
420,names_agentive,sensible,agentive,past,blame,John,Lisa,animate,animate,John blamed Lisa.,Lisa was blamed by John.,Lisa blamed John.,John was blamed by Lisa.
421,names_agentive,sensible,agentive,past,blame,John,Tom,animate,animate,John blamed Tom.,Tom was blamed by John.,Tom blamed John.,John was blamed by Tom.
422,names_agentive,sensible,agentive,past,blame,Anna,David,animate,animate,Anna blamed David.,David was blamed by Anna.,David blamed Anna.,Anna was blamed by David.
423,names_agentive,sensible,agentive,past,blame,Anna,Sarah,animate,animate,Anna blamed Sarah.,Sarah was blamed by Anna.,Sarah blamed Anna.,Anna was blamed by Sarah.
424,names_agentive,sensible,agentive,past,blame,Anna,Peter,animate,animate,Anna blamed Peter.,Peter was blamed by Anna.,Peter blamed Anna.,Anna was blamed by Peter.
425,names_agentive,sensible,agentive,past,blame,Anna,Emma,animate,animate,Anna blamed Emma.,Emma was blamed by Anna.,Emma blamed Anna.,Anna was blamed by Emma.
426,names_agentive,sensible,agentive,past,blame,Anna,James,animate,animate,Anna blamed James.,James was blamed by Anna.,James blamed Anna.,Anna was blamed by James.
427,names_agentive,sensible,agentive,past,blame,Anna,Lisa,animate,animate,Anna blamed Lisa.,Lisa was blamed by Anna.,Lisa blamed Anna.,Anna was blamed by Lisa.
428,names_agentive,sensible,agentive,past,blame,Anna,Tom,animate,animate,Anna blamed Tom.,Tom was blamed by Anna.,Tom blamed Anna.,Anna was blamed by Tom.
429,names_agentive,sensible,agentive,past,blame,David,Sarah,animate,animate,David blamed Sarah.,Sarah was blamed by David.,Sarah blamed David.,David was blamed by Sarah.
430,names_agentive,sensible,agentive,past,blame,David,Peter,animate,animate,David blamed Peter.,Peter was blamed by David.,Peter blamed David.,David was blamed by Peter.
431,names_agentive,sensible,agentive,past,blame,David,Emma,animate,animate,David blamed Emma.,Emma was blamed by David.,Emma blamed David.,David was blamed by Emma.
432,names_agentive,sensible,agentive,past,blame,David,James,animate,animate,David blamed James.,James was blamed by David.,James blamed David.,David was blamed by James.
433,names_agentive,sensible,agentive,past,blame,David,Lisa,animate,animate,David blamed Lisa.,Lisa was blamed by David.,Lisa blamed David.,David was blamed by Lisa.
434,names_agentive,sensible,agentive,past,blame,David,Tom,animate,animate,David blamed Tom.,Tom was blamed by David.,Tom blamed David.,David was blamed by Tom.
435,names_agentive,sensible,agentive,past,blame,Sarah,Peter,animate,animate,Sarah blamed Peter.,Peter was blamed by Sarah.,Peter blamed Sarah.,Sarah was blamed by Peter.
436,names_agentive,sensible,agentive,past,blame,Sarah,Emma,animate,animate,Sarah blamed Emma.,Emma was blamed by Sarah.,Emma blamed Sarah.,Sarah was blamed by Emma.
437,names_agentive,sensible,agentive,past,blame,Sarah,James,animate,animate,Sarah blamed James.,James was blamed by Sarah.,James blamed Sarah.,Sarah was blamed by James.
438,names_agentive,sensible,agentive,past,blame,Sarah,Lisa,animate,animate,Sarah blamed Lisa.,Lisa was blamed by Sarah.,Lisa blamed Sarah.,Sarah was blamed by Lisa.
439,names_agentive,sensible,agentive,past,blame,Sarah,Tom,animate,animate,Sarah blamed Tom.,Tom was blamed by Sarah.,Tom blamed Sarah.,Sarah was blamed by Tom.
440,names_agentive,sensible,agentive,past,blame,Peter,Emma,animate,animate,Peter blamed Emma.,Emma was blamed by Peter.,Emma blamed Peter.,Peter was blamed by Emma.
441,names_agentive,sensible,agentive,past,blame,Peter,James,animate,animate,Peter blamed James.,James was blamed by Peter.,James blamed Peter.,Peter was blamed by James.
442,names_agentive,sensible,agentive,past,blame,Peter,Lisa,animate,animate,Peter blamed Lisa.,Lisa was blamed by Peter.,Lisa blamed Peter.,Peter was blamed by Lisa.
443,names_agentive,sensible,agentive,past,blame,Peter,Tom,animate,animate,Peter blamed Tom.,Tom was blamed by Peter.,Tom blamed Peter.,Peter was blamed by Tom.
444,names_agentive,sensible,agentive,past,blame,Emma,James,animate,animate,Emma blamed James.,James was blamed by Emma.,James blamed Emma.,Emma was blamed by James.
445,names_agentive,sensible,agentive,past,blame,Emma,Lisa,animate,animate,Emma blamed Lisa.,Lisa was blamed by Emma.,Lisa blamed Emma.,Emma was blamed by Lisa.
446,names_agentive,sensible,agentive,past,blame,Emma,Tom,animate,animate,Emma blamed Tom.,Tom was blamed by Emma.,Tom blamed Emma.,Emma was blamed by Tom.
447,names_agentive,sensible,agentive,past,blame,James,Lisa,animate,animate,James blamed Lisa.,Lisa was blamed by James.,Lisa blamed James.,James was blamed by Lisa.
448,names_agentive,sensible,agentive,past,blame,James,Tom,animate,animate,James blamed Tom.,Tom was blamed by James.,Tom blamed James.,James was blamed by Tom.
449,names_agentive,sensible,agentive,past,blame,Lisa,Tom,animate,animate,Lisa blamed Tom.,Tom was blamed by Lisa.,Tom blamed Lisa.,Lisa was blamed by Tom.
450,names_agentive,sensible,agentive,past,warn,Mary,John,animate,animate,Mary warned John.,John was warned by Mary.,John warned Mary.,Mary was warned by John.
451,names_agentive,sensible,agentive,past,warn,Mary,Anna,animate,animate,Mary warned Anna.,Anna was warned by Mary.,Anna warned Mary.,Mary was warned by Anna.
452,names_agentive,sensible,agentive,past,warn,Mary,David,animate,animate,Mary warned David.,David was warned by Mary.,David warned Mary.,Mary was warned by David.
453,names_agentive,sensible,agentive,past,warn,Mary,Sarah,animate,animate,Mary warned Sarah.,Sarah was warned by Mary.,Sarah warned Mary.,Mary was warned by Sarah.
454,names_agentive,sensible,agentive,past,warn,Mary,Peter,animate,animate,Mary warned Peter.,Peter was warned by Mary.,Peter warned Mary.,Mary was warned by Peter.
455,names_agentive,sensible,agentive,past,warn,Mary,Emma,animate,animate,Mary warned Emma.,Emma was warned by Mary.,Emma warned Mary.,Mary was warned by Emma.
456,names_agentive,sensible,agentive,past,warn,Mary,James,animate,animate,Mary warned James.,James was warned by Mary.,James warned Mary.,Mary was warned by James.
457,names_agentive,sensible,agentive,past,warn,Mary,Lisa,animate,animate,Mary warned Lisa.,Lisa was warned by Mary.,Lisa warned Mary.,Mary was warned by Lisa.
458,names_agentive,sensible,agentive,past,warn,Mary,Tom,animate,animate,Mary warned Tom.,Tom was warned by Mary.,Tom warned Mary.,Mary was warned by Tom.
459,names_agentive,sensible,agentive,past,warn,John,Anna,animate,animate,John warned Anna.,Anna was warned by John.,Anna warned John.,John was warned by Anna.
460,names_agentive,sensible,agentive,past,warn,John,David,animate,animate,John warned David.,David was warned by John.,David warned John.,John was warned by David.
461,names_agentive,sensible,agentive,past,warn,John,Sarah,animate,animate,John warned Sarah.,Sarah was warned by John.,Sarah warned John.,John was warned by Sarah.
462,names_agentive,sensible,agentive,past,warn,John,Peter,animate,animate,John warned Peter.,Peter was warned by John.,Peter warned John.,John was warned by Peter.
463,names_agentive,sensible,agentive,past,warn,John,Emma,animate,animate,John warned Emma.,Emma was warned by John.,Emma warned John.,John was warned by Emma.
464,names_agentive,sensible,agentive,past,warn,John,James,animate,animate,John warned James.,James was warned by John.,James warned John.,John was warned by James.
465,names_agentive,sensible,agentive,past,warn,John,Lisa,animate,animate,John warned Lisa.,Lisa was warned by John.,Lisa warned John.,John was warned by Lisa.
466,names_agentive,sensible,agentive,past,warn,John,Tom,animate,animate,John warned Tom.,Tom was warned by John.,Tom warned John.,John was warned by Tom.
467,names_agentive,sensible,agentive,past,warn,Anna,David,animate,animate,Anna warned David.,David was warned by Anna.,David warned Anna.,Anna was warned by David.
468,names_agentive,sensible,agentive,past,warn,Anna,Sarah,animate,animate,Anna warned Sarah.,Sarah was warned by Anna.,Sarah warned Anna.,Anna was warned by Sarah.
469,names_agentive,sensible,agentive,past,warn,Anna,Peter,animate,animate,Anna warned Peter.,Peter was warned by Anna.,Peter warned Anna.,Anna was warned by Peter.
470,names_agentive,sensible,agentive,past,warn,Anna,Emma,animate,animate,Anna warned Emma.,Emma was warned by Anna.,Emma warned Anna.,Anna was warned by Emma.
471,names_agentive,sensible,agentive,past,warn,Anna,James,animate,animate,Anna warned James.,James was warned by Anna.,James warned Anna.,Anna was warned by James.
472,names_agentive,sensible,agentive,past,warn,Anna,Lisa,animate,animate,Anna warned Lisa.,Lisa was warned by Anna.,Lisa warned Anna.,Anna was warned by Lisa.
473,names_agentive,sensible,agentive,past,warn,Anna,Tom,animate,animate,Anna warned Tom.,Tom was warned by Anna.,Tom warned Anna.,Anna was warned by Tom.
474,names_agentive,sensible,agentive,past,warn,David,Sarah,animate,animate,David warned Sarah.,Sarah was warned by David.,Sarah warned David.,David was warned by Sarah.
475,names_agentive,sensible,agentive,past,warn,David,Peter,animate,animate,David warned Peter.,Peter was warned by David.,Peter warned David.,David was warned by Peter.
476,names_agentive,sensible,agentive,past,warn,David,Emma,animate,animate,David warned Emma.,Emma was warned by David.,Emma warned David.,David was warned by Emma.
477,names_agentive,sensible,agentive,past,warn,David,James,animate,animate,David warned James.,James was warned by David.,James warned David.,David was warned by James.
478,names_agentive,sensible,agentive,past,warn,David,Lisa,animate,animate,David warned Lisa.,Lisa was warned by David.,Lisa warned David.,David was warned by Lisa.
479,names_agentive,sensible,agentive,past,warn,David,Tom,animate,animate,David warned Tom.,Tom was warned by David.,Tom warned David.,David was warned by Tom.
480,names_agentive,sensible,agentive,past,warn,Sarah,Peter,animate,animate,Sarah warned Peter.,Peter was warned by Sarah.,Peter warned Sarah.,Sarah was warned by Peter.
481,names_agentive,sensible,agentive,past,warn,Sarah,Emma,animate,animate,Sarah warned Emma.,Emma was warned by Sarah.,Emma warned Sarah.,Sarah was warned by Emma.
482,names_agentive,sensible,agentive,past,warn,Sarah,James,animate,animate,Sarah warned James.,James was warned by Sarah.,James warned Sarah.,Sarah was warned by James.
483,names_agentive,sensible,agentive,past,warn,Sarah,Lisa,animate,animate,Sarah warned Lisa.,Lisa was warned by Sarah.,Lisa warned Sarah.,Sarah was warned by Lisa.
484,names_agentive,sensible,agentive,past,warn,Sarah,Tom,animate,animate,Sarah warned Tom.,Tom was warned by Sarah.,Tom warned Sarah.,Sarah was warned by Tom.
485,names_agentive,sensible,agentive,past,warn,Peter,Emma,animate,animate,Peter warned Emma.,Emma was warned by Peter.,Emma warned Peter.,Peter was warned by Emma.
486,names_agentive,sensible,agentive,past,warn,Peter,James,animate,animate,Peter warned James.,James was warned by Peter.,James warned Peter.,Peter was warned by James.
487,names_agentive,sensible,agentive,past,warn,Peter,Lisa,animate,animate,Peter warned Lisa.,Lisa was warned by Peter.,Lisa warned Peter.,Peter was warned by Lisa.
488,names_agentive,sensible,agentive,past,warn,Peter,Tom,animate,animate,Peter warned Tom.,Tom was warned by Peter.,Tom warned Peter.,Peter was warned by Tom.
489,names_agentive,sensible,agentive,past,warn,Emma,James,animate,animate,Emma warned James.,James was warned by Emma.,James warned Emma.,Emma was warned by James.
490,names_agentive,sensible,agentive,past,warn,Emma,Lisa,animate,animate,Emma warned Lisa.,Lisa was warned by Emma.,Lisa warned Emma.,Emma was warned by Lisa.
491,names_agentive,sensible,agentive,past,warn,Emma,Tom,animate,animate,Emma warned Tom.,Tom was warned by Emma.,Tom warned Emma.,Emma was warned by Tom.
492,names_agentive,sensible,agentive,past,warn,James,Lisa,animate,animate,James warned Lisa.,Lisa was warned by James.,Lisa warned James.,James was warned by Lisa.
493,names_agentive,sensible,agentive,past,warn,James,Tom,animate,animate,James warned Tom.,Tom was warned by James.,Tom warned James.,James was warned by Tom.
494,names_agentive,sensible,agentive,past,warn,Lisa,Tom,animate,animate,Lisa warned Tom.,Tom was warned by Lisa.,Tom warned Lisa.,Lisa was warned by Tom.
495,names_agentive,sensible,agentive,past,help,Mary,John,animate,animate,Mary helped John.,John was helped by Mary.,John helped Mary.,Mary was helped by John.
496,names_agentive,sensible,agentive,past,help,Mary,Anna,animate,animate,Mary helped Anna.,Anna was helped by Mary.,Anna helped Mary.,Mary was helped by Anna.
497,names_agentive,sensible,agentive,past,help,Mary,David,animate,animate,Mary helped David.,David was helped by Mary.,David helped Mary.,Mary was helped by David.
498,names_agentive,sensible,agentive,past,help,Mary,Sarah,animate,animate,Mary helped Sarah.,Sarah was helped by Mary.,Sarah helped Mary.,Mary was helped by Sarah.
499,names_agentive,sensible,agentive,past,help,Mary,Peter,animate,animate,Mary helped Peter.,Peter was helped by Mary.,Peter helped Mary.,Mary was helped by Peter.
500,names_agentive,sensible,agentive,past,help,Mary,Emma,animate,animate,Mary helped Emma.,Emma was helped by Mary.,Emma helped Mary.,Mary was helped by Emma.
501,names_agentive,sensible,agentive,past,help,Mary,James,animate,animate,Mary helped James.,James was helped by Mary.,James helped Mary.,Mary was helped by James.
502,names_agentive,sensible,agentive,past,help,Mary,Lisa,animate,animate,Mary helped Lisa.,Lisa was helped by Mary.,Lisa helped Mary.,Mary was helped by Lisa.
503,names_agentive,sensible,agentive,past,help,Mary,Tom,animate,animate,Mary helped Tom.,Tom was helped by Mary.,Tom helped Mary.,Mary was helped by Tom.
504,names_agentive,sensible,agentive,past,help,John,Anna,animate,animate,John helped Anna.,Anna was helped by John.,Anna helped John.,John was helped by Anna.
505,names_agentive,sensible,agentive,past,help,John,David,animate,animate,John helped David.,David was helped by John.,David helped John.,John was helped by David.
506,names_agentive,sensible,agentive,past,help,John,Sarah,animate,animate,John helped Sarah.,Sarah was helped by John.,Sarah helped John.,John was helped by Sarah.
507,names_agentive,sensible,agentive,past,help,John,Peter,animate,animate,John helped Peter.,Peter was helped by John.,Peter helped John.,John was helped by Peter.
508,names_agentive,sensible,agentive,past,help,John,Emma,animate,animate,John helped Emma.,Emma was helped by John.,Emma helped John.,John was helped by Emma.
509,names_agentive,sensible,agentive,past,help,John,James,animate,animate,John helped James.,James was helped by John.,James helped John.,John was helped by James.
510,names_agentive,sensible,agentive,past,help,John,Lisa,animate,animate,John helped Lisa.,Lisa was helped by John.,Lisa helped John.,John was helped by Lisa.
511,names_agentive,sensible,agentive,past,help,John,Tom,animate,animate,John helped Tom.,Tom was helped by John.,Tom helped John.,John was helped by Tom.
512,names_agentive,sensible,agentive,past,help,Anna,David,animate,animate,Anna helped David.,David was helped by Anna.,David helped Anna.,Anna was helped by David.
513,names_agentive,sensible,agentive,past,help,Anna,Sarah,animate,animate,Anna helped Sarah.,Sarah was helped by Anna.,Sarah helped Anna.,Anna was helped by Sarah.
514,names_agentive,sensible,agentive,past,help,Anna,Peter,animate,animate,Anna helped Peter.,Peter was helped by Anna.,Peter helped Anna.,Anna was helped by Peter.
515,names_agentive,sensible,agentive,past,help,Anna,Emma,animate,animate,Anna helped Emma.,Emma was helped by Anna.,Emma helped Anna.,Anna was helped by Emma.
516,names_agentive,sensible,agentive,past,help,Anna,James,animate,animate,Anna helped James.,James was helped by Anna.,James helped Anna.,Anna was helped by James.
517,names_agentive,sensible,agentive,past,help,Anna,Lisa,animate,animate,Anna helped Lisa.,Lisa was helped by Anna.,Lisa helped Anna.,Anna was helped by Lisa.
518,names_agentive,sensible,agentive,past,help,Anna,Tom,animate,animate,Anna helped Tom.,Tom was helped by Anna.,Tom helped Anna.,Anna was helped by Tom.
519,names_agentive,sensible,agentive,past,help,David,Sarah,animate,animate,David helped Sarah.,Sarah was helped by David.,Sarah helped David.,David was helped by Sarah.
520,names_agentive,sensible,agentive,past,help,David,Peter,animate,animate,David helped Peter.,Peter was helped by David.,Peter helped David.,David was helped by Peter.
521,names_agentive,sensible,agentive,past,help,David,Emma,animate,animate,David helped Emma.,Emma was helped by David.,Emma helped David.,David was helped by Emma.
522,names_agentive,sensible,agentive,past,help,David,James,animate,animate,David helped James.,James was helped by David.,James helped David.,David was helped by James.
523,names_agentive,sensible,agentive,past,help,David,Lisa,animate,animate,David helped Lisa.,Lisa was helped by David.,Lisa helped David.,David was helped by Lisa.
524,names_agentive,sensible,agentive,past,help,David,Tom,animate,animate,David helped Tom.,Tom was helped by David.,Tom helped David.,David was helped by Tom.
525,names_agentive,sensible,agentive,past,help,Sarah,Peter,animate,animate,Sarah helped Peter.,Peter was helped by Sarah.,Peter helped Sarah.,Sarah was helped by Peter.
526,names_agentive,sensible,agentive,past,help,Sarah,Emma,animate,animate,Sarah helped Emma.,Emma was helped by Sarah.,Emma helped Sarah.,Sarah was helped by Emma.
527,names_agentive,sensible,agentive,past,help,Sarah,James,animate,animate,Sarah helped James.,James was helped by Sarah.,James helped Sarah.,Sarah was helped by James.
528,names_agentive,sensible,agentive,past,help,Sarah,Lisa,animate,animate,Sarah helped Lisa.,Lisa was helped by Sarah.,Lisa helped Sarah.,Sarah was helped by Lisa.
529,names_agentive,sensible,agentive,past,help,Sarah,Tom,animate,animate,Sarah helped Tom.,Tom was helped by Sarah.,Tom helped Sarah.,Sarah was helped by Tom.
530,names_agentive,sensible,agentive,past,help,Peter,Emma,animate,animate,Peter helped Emma.,Emma was helped by Peter.,Emma helped Peter.,Peter was helped by Emma.
531,names_agentive,sensible,agentive,past,help,Peter,James,animate,animate,Peter helped James.,James was helped by Peter.,James helped Peter.,Peter was helped by James.
532,names_agentive,sensible,agentive,past,help,Peter,Lisa,animate,animate,Peter helped Lisa.,Lisa was helped by Peter.,Lisa helped Peter.,Peter was helped by Lisa.
533,names_agentive,sensible,agentive,past,help,Peter,Tom,animate,animate,Peter helped Tom.,Tom was helped by Peter.,Tom helped Peter.,Peter was helped by Tom.
534,names_agentive,sensible,agentive,past,help,Emma,James,animate,animate,Emma helped James.,James was helped by Emma.,James helped Emma.,Emma was helped by James.
535,names_agentive,sensible,agentive,past,help,Emma,Lisa,animate,animate,Emma helped Lisa.,Lisa was helped by Emma.,Lisa helped Emma.,Emma was helped by Lisa.
536,names_agentive,sensible,agentive,past,help,Emma,Tom,animate,animate,Emma helped Tom.,Tom was helped by Emma.,Tom helped Emma.,Emma was helped by Tom.
537,names_agentive,sensible,agentive,past,help,James,Lisa,animate,animate,James helped Lisa.,Lisa was helped by James.,Lisa helped James.,James was helped by Lisa.
538,names_agentive,sensible,agentive,past,help,James,Tom,animate,animate,James helped Tom.,Tom was helped by James.,Tom helped James.,James was helped by Tom.
539,names_agentive,sensible,agentive,past,help,Lisa,Tom,animate,animate,Lisa helped Tom.,Tom was helped by Lisa.,Tom helped Lisa.,Lisa was helped by Tom.
540,nouns_contact,sensible,contact,past,hit,teacher,doctor,animate,animate,The teacher hit the doctor.,The doctor was hit by the teacher.,The doctor hit the teacher.,The teacher was hit by the doctor.
541,nouns_contact,sensible,contact,past,hit,teacher,farmer,animate,animate,The teacher hit the farmer.,The farmer was hit by the teacher.,The farmer hit the teacher.,The teacher was hit by the farmer.
542,nouns_contact,sensible,contact,past,hit,teacher,pilot,animate,animate,The teacher hit the pilot.,The pilot was hit by the teacher.,The pilot hit the teacher.,The teacher was hit by the pilot.
543,nouns_contact,sensible,contact,past,hit,teacher,chef,animate,animate,The teacher hit the chef.,The chef was hit by the teacher.,The chef hit the teacher.,The teacher was hit by the chef.
544,nouns_contact,sensible,contact,past,hit,teacher,driver,animate,animate,The teacher hit the driver.,The driver was hit by the teacher.,The driver hit the teacher.,The teacher was hit by the driver.
545,nouns_contact,sensible,contact,past,hit,teacher,ball,animate,inanimate,The teacher hit the ball.,The ball was hit by the teacher.,The ball hit the teacher.,The teacher was hit by the ball.
546,nouns_contact,sensible,contact,past,hit,teacher,rock,animate,inanimate,The teacher hit the rock.,The rock was hit by the teacher.,The rock hit the teacher.,The teacher was hit by the rock.
547,nouns_contact,sensible,contact,past,hit,teacher,box,animate,inanimate,The teacher hit the box.,The box was hit by the teacher.,The box hit the teacher.,The teacher was hit by the box.
548,nouns_contact,sensible,contact,past,hit,teacher,car,animate,inanimate,The teacher hit the car.,The car was hit by the teacher.,The car hit the teacher.,The teacher was hit by the car.
549,nouns_contact,sensible,contact,past,hit,teacher,door,animate,inanimate,The teacher hit the door.,The door was hit by the teacher.,The door hit the teacher.,The teacher was hit by the door.
550,nouns_contact,sensible,contact,past,hit,teacher,branch,animate,inanimate,The teacher hit the branch.,The branch was hit by the teacher.,The branch hit the teacher.,The teacher was hit by the branch.
551,nouns_contact,sensible,contact,past,hit,doctor,farmer,animate,animate,The doctor hit the farmer.,The farmer was hit by the doctor.,The farmer hit the doctor.,The doctor was hit by the farmer.
552,nouns_contact,sensible,contact,past,hit,doctor,pilot,animate,animate,The doctor hit the pilot.,The pilot was hit by the doctor.,The pilot hit the doctor.,The doctor was hit by the pilot.
553,nouns_contact,sensible,contact,past,hit,doctor,chef,animate,animate,The doctor hit the chef.,The chef was hit by the doctor.,The chef hit the doctor.,The doctor was hit by the chef.
554,nouns_contact,sensible,contact,past,hit,doctor,driver,animate,animate,The doctor hit the driver.,The driver was hit by the doctor.,The driver hit the doctor.,The doctor was hit by the driver.
555,nouns_contact,sensible,contact,past,hit,doctor,ball,animate,inanimate,The doctor hit the ball.,The ball was hit by the doctor.,The ball hit the doctor.,The doctor was hit by the ball.
556,nouns_contact,sensible,contact,past,hit,doctor,rock,animate,inanimate,The doctor hit the rock.,The rock was hit by the doctor.,The rock hit the doctor.,The doctor was hit by the rock.
557,nouns_contact,sensible,contact,past,hit,doctor,box,animate,inanimate,The doctor hit the box.,The box was hit by the doctor.,The box hit the doctor.,The doctor was hit by the box.
558,nouns_contact,sensible,contact,past,hit,doctor,car,animate,inanimate,The doctor hit the car.,The car was hit by the doctor.,The car hit the doctor.,The doctor was hit by the car.
559,nouns_contact,sensible,contact,past,hit,doctor,door,animate,inanimate,The doctor hit the door.,The door was hit by the doctor.,The door hit the doctor.,The doctor was hit by the door.
560,nouns_contact,sensible,contact,past,hit,doctor,branch,animate,inanimate,The doctor hit the branch.,The branch was hit by the doctor.,The branch hit the doctor.,The doctor was hit by the branch.
561,nouns_contact,sensible,contact,past,hit,farmer,pilot,animate,animate,The farmer hit the pilot.,The pilot was hit by the farmer.,The pilot hit the farmer.,The farmer was hit by the pilot.
562,nouns_contact,sensible,contact,past,hit,farmer,chef,animate,animate,The farmer hit the chef.,The chef was hit by the farmer.,The chef hit the farmer.,The farmer was hit by the chef.
563,nouns_contact,sensible,contact,past,hit,farmer,driver,animate,animate,The farmer hit the driver.,The driver was hit by the farmer.,The driver hit the farmer.,The farmer was hit by the driver.
564,nouns_contact,sensible,contact,past,hit,farmer,ball,animate,inanimate,The farmer hit the ball.,The ball was hit by the farmer.,The ball hit the farmer.,The farmer was hit by the ball.
565,nouns_contact,sensible,contact,past,hit,farmer,rock,animate,inanimate,The farmer hit the rock.,The rock was hit by the farmer.,The rock hit the farmer.,The farmer was hit by the rock.
566,nouns_contact,sensible,contact,past,hit,farmer,box,animate,inanimate,The farmer hit the box.,The box was hit by the farmer.,The box hit the farmer.,The farmer was hit by the box.
567,nouns_contact,sensible,contact,past,hit,farmer,car,animate,inanimate,The farmer hit the car.,The car was hit by the farmer.,The car hit the farmer.,The farmer was hit by the car.
568,nouns_contact,sensible,contact,past,hit,farmer,door,animate,inanimate,The farmer hit the door.,The door was hit by the farmer.,The door hit the farmer.,The farmer was hit by the door.
569,nouns_contact,sensible,contact,past,hit,farmer,branch,animate,inanimate,The farmer hit the branch.,The branch was hit by the farmer.,The branch hit the farmer.,The farmer was hit by the branch.
570,nouns_contact,sensible,contact,past,hit,pilot,chef,animate,animate,The pilot hit the chef.,The chef was hit by the pilot.,The chef hit the pilot.,The pilot was hit by the chef.
571,nouns_contact,sensible,contact,past,hit,pilot,driver,animate,animate,The pilot hit the driver.,The driver was hit by the pilot.,The driver hit the pilot.,The pilot was hit by the driver.
572,nouns_contact,sensible,contact,past,hit,pilot,ball,animate,inanimate,The pilot hit the ball.,The ball was hit by the pilot.,The ball hit the pilot.,The pilot was hit by the ball.
573,nouns_contact,sensible,contact,past,hit,pilot,rock,animate,inanimate,The pilot hit the rock.,The rock was hit by the pilot.,The rock hit the pilot.,The pilot was hit by the rock.
574,nouns_contact,sensible,contact,past,hit,pilot,box,animate,inanimate,The pilot hit the box.,The box was hit by the pilot.,The box hit the pilot.,The pilot was hit by the box.
575,nouns_contact,sensible,contact,past,hit,pilot,car,animate,inanimate,The pilot hit the car.,The car was hit by the pilot.,The car hit the pilot.,The pilot was hit by the car.
576,nouns_contact,sensible,contact,past,hit,pilot,door,animate,inanimate,The pilot hit the door.,The door was hit by the pilot.,The door hit the pilot.,The pilot was hit by the door.
577,nouns_contact,sensible,contact,past,hit,pilot,branch,animate,inanimate,The pilot hit the branch.,The branch was hit by the pilot.,The branch hit the pilot.,The pilot was hit by the branch.
578,nouns_contact,sensible,contact,past,hit,chef,driver,animate,animate,The chef hit the driver.,The driver was hit by the chef.,The driver hit the chef.,The chef was hit by the driver.
579,nouns_contact,sensible,contact,past,hit,chef,ball,animate,inanimate,The chef hit the ball.,The ball was hit by the chef.,The ball hit the chef.,The chef was hit by the ball.
580,nouns_contact,sensible,contact,past,hit,chef,rock,animate,inanimate,The chef hit the rock.,The rock was hit by the chef.,The rock hit the chef.,The chef was hit by the rock.
581,nouns_contact,sensible,contact,past,hit,chef,box,animate,inanimate,The chef hit the box.,The box was hit by the chef.,The box hit the chef.,The chef was hit by the box.
582,nouns_contact,sensible,contact,past,hit,chef,car,animate,inanimate,The chef hit the car.,The car was hit by the chef.,The car hit the chef.,The chef was hit by the car.
583,nouns_contact,sensible,contact,past,hit,chef,door,animate,inanimate,The chef hit the door.,The door was hit by the chef.,The door hit the chef.,The chef was hit by the door.
584,nouns_contact,sensible,contact,past,hit,chef,branch,animate,inanimate,The chef hit the branch.,The branch was hit by the chef.,The branch hit the chef.,The chef was hit by the branch.
585,nouns_contact,sensible,contact,past,hit,driver,ball,animate,inanimate,The driver hit the ball.,The ball was hit by the driver.,The ball hit the driver.,The driver was hit by the ball.
586,nouns_contact,sensible,contact,past,hit,driver,rock,animate,inanimate,The driver hit the rock.,The rock was hit by the driver.,The rock hit the driver.,The driver was hit by the rock.
587,nouns_contact,sensible,contact,past,hit,driver,box,animate,inanimate,The driver hit the box.,The box was hit by the driver.,The box hit the driver.,The driver was hit by the box.
588,nouns_contact,sensible,contact,past,hit,driver,car,animate,inanimate,The driver hit the car.,The car was hit by the driver.,The car hit the driver.,The driver was hit by the car.
589,nouns_contact,sensible,contact,past,hit,driver,door,animate,inanimate,The driver hit the door.,The door was hit by the driver.,The door hit the driver.,The driver was hit by the door.
590,nouns_contact,sensible,contact,past,hit,driver,branch,animate,inanimate,The driver hit the branch.,The branch was hit by the driver.,The branch hit the driver.,The driver was hit by the branch.
591,nouns_contact,sensible,contact,past,hit,ball,rock,inanimate,inanimate,The ball hit the rock.,The rock was hit by the ball.,The rock hit the ball.,The ball was hit by the rock.
592,nouns_contact,sensible,contact,past,hit,ball,box,inanimate,inanimate,The ball hit the box.,The box was hit by the ball.,The box hit the ball.,The ball was hit by the box.
593,nouns_contact,sensible,contact,past,hit,ball,car,inanimate,inanimate,The ball hit the car.,The car was hit by the ball.,The car hit the ball.,The ball was hit by the car.
594,nouns_contact,sensible,contact,past,hit,ball,door,inanimate,inanimate,The ball hit the door.,The door was hit by the ball.,The door hit the ball.,The ball was hit by the door.
595,nouns_contact,sensible,contact,past,hit,ball,branch,inanimate,inanimate,The ball hit the branch.,The branch was hit by the ball.,The branch hit the ball.,The ball was hit by the branch.
596,nouns_contact,sensible,contact,past,hit,rock,box,inanimate,inanimate,The rock hit the box.,The box was hit by the rock.,The box hit the rock.,The rock was hit by the box.
597,nouns_contact,sensible,contact,past,hit,rock,car,inanimate,inanimate,The rock hit the car.,The car was hit by the rock.,The car hit the rock.,The rock was hit by the car.
598,nouns_contact,sensible,contact,past,hit,rock,door,inanimate,inanimate,The rock hit the door.,The door was hit by the rock.,The door hit the rock.,The rock was hit by the door.
599,nouns_contact,sensible,contact,past,hit,rock,branch,inanimate,inanimate,The rock hit the branch.,The branch was hit by the rock.,The branch hit the rock.,The rock was hit by the branch.
600,nouns_contact,sensible,contact,past,hit,box,car,inanimate,inanimate,The box hit the car.,The car was hit by the box.,The car hit the box.,The box was hit by the car.
601,nouns_contact,sensible,contact,past,hit,box,door,inanimate,inanimate,The box hit the door.,The door was hit by the box.,The door hit the box.,The box was hit by the door.
602,nouns_contact,sensible,contact,past,hit,box,branch,inanimate,inanimate,The box hit the branch.,The branch was hit by the box.,The branch hit the box.,The box was hit by the branch.
603,nouns_contact,sensible,contact,past,hit,car,door,inanimate,inanimate,The car hit the door.,The door was hit by the car.,The door hit the car.,The car was hit by the door.
604,nouns_contact,sensible,contact,past,hit,car,branch,inanimate,inanimate,The car hit the branch.,The branch was hit by the car.,The branch hit the car.,The car was hit by the branch.
605,nouns_contact,sensible,contact,past,hit,door,branch,inanimate,inanimate,The door hit the branch.,The branch was hit by the door.,The branch hit the door.,The door was hit by the branch.
606,nouns_contact,sensible,contact,past,strike,teacher,doctor,animate,animate,The teacher struck the doctor.,The doctor was struck by the teacher.,The doctor struck the teacher.,The teacher was struck by the doctor.
607,nouns_contact,sensible,contact,past,strike,teacher,farmer,animate,animate,The teacher struck the farmer.,The farmer was struck by the teacher.,The farmer struck the teacher.,The teacher was struck by the farmer.
608,nouns_contact,sensible,contact,past,strike,teacher,pilot,animate,animate,The teacher struck the pilot.,The pilot was struck by the teacher.,The pilot struck the teacher.,The teacher was struck by the pilot.
609,nouns_contact,sensible,contact,past,strike,teacher,chef,animate,animate,The teacher struck the chef.,The chef was struck by the teacher.,The chef struck the teacher.,The teacher was struck by the chef.
610,nouns_contact,sensible,contact,past,strike,teacher,driver,animate,animate,The teacher struck the driver.,The driver was struck by the teacher.,The driver struck the teacher.,The teacher was struck by the driver.
611,nouns_contact,sensible,contact,past,strike,teacher,ball,animate,inanimate,The teacher struck the ball.,The ball was struck by the teacher.,The ball struck the teacher.,The teacher was struck by the ball.
612,nouns_contact,sensible,contact,past,strike,teacher,rock,animate,inanimate,The teacher struck the rock.,The rock was struck by the teacher.,The rock struck the teacher.,The teacher was struck by the rock.
613,nouns_contact,sensible,contact,past,strike,teacher,box,animate,inanimate,The teacher struck the box.,The box was struck by the teacher.,The box struck the teacher.,The teacher was struck by the box.
614,nouns_contact,sensible,contact,past,strike,teacher,car,animate,inanimate,The teacher struck the car.,The car was struck by the teacher.,The car struck the teacher.,The teacher was struck by the car.
615,nouns_contact,sensible,contact,past,strike,teacher,door,animate,inanimate,The teacher struck the door.,The door was struck by the teacher.,The door struck the teacher.,The teacher was struck by the door.
616,nouns_contact,sensible,contact,past,strike,teacher,branch,animate,inanimate,The teacher struck the branch.,The branch was struck by the teacher.,The branch struck the teacher.,The teacher was struck by the branch.
617,nouns_contact,sensible,contact,past,strike,doctor,farmer,animate,animate,The doctor struck the farmer.,The farmer was struck by the doctor.,The farmer struck the doctor.,The doctor was struck by the farmer.
618,nouns_contact,sensible,contact,past,strike,doctor,pilot,animate,animate,The doctor struck the pilot.,The pilot was struck by the doctor.,The pilot struck the doctor.,The doctor was struck by the pilot.
619,nouns_contact,sensible,contact,past,strike,doctor,chef,animate,animate,The doctor struck the chef.,The chef was struck by the doctor.,The chef struck the doctor.,The doctor was struck by the chef.
620,nouns_contact,sensible,contact,past,strike,doctor,driver,animate,animate,The doctor struck the driver.,The driver was struck by the doctor.,The driver struck the doctor.,The doctor was struck by the driver.
621,nouns_contact,sensible,contact,past,strike,doctor,ball,animate,inanimate,The doctor struck the ball.,The ball was struck by the doctor.,The ball struck the doctor.,The doctor was struck by the ball.
622,nouns_contact,sensible,contact,past,strike,doctor,rock,animate,inanimate,The doctor struck the rock.,The rock was struck by the doctor.,The rock struck the doctor.,The doctor was struck by the rock.
623,nouns_contact,sensible,contact,past,strike,doctor,box,animate,inanimate,The doctor struck the box.,The box was struck by the doctor.,The box struck the doctor.,The doctor was struck by the box.
624,nouns_contact,sensible,contact,past,strike,doctor,car,animate,inanimate,The doctor struck the car.,The car was struck by the doctor.,The car struck the doctor.,The doctor was struck by the car.
625,nouns_contact,sensible,contact,past,strike,doctor,door,animate,inanimate,The doctor struck the door.,The door was struck by the doctor.,The door struck the doctor.,The doctor was struck by the door.
626,nouns_contact,sensible,contact,past,strike,doctor,branch,animate,inanimate,The doctor struck the branch.,The branch was struck by the doctor.,The branch struck the doctor.,The doctor was struck by the branch.
627,nouns_contact,sensible,contact,past,strike,farmer,pilot,animate,animate,The farmer struck the pilot.,The pilot was struck by the farmer.,The pilot struck the farmer.,The farmer was struck by the pilot.
628,nouns_contact,sensible,contact,past,strike,farmer,chef,animate,animate,The farmer struck the chef.,The chef was struck by the farmer.,The chef struck the farmer.,The farmer was struck by the chef.
629,nouns_contact,sensible,contact,past,strike,farmer,driver,animate,animate,The farmer struck the driver.,The driver was struck by the farmer.,The driver struck the farmer.,The farmer was struck by the driver.
630,nouns_contact,sensible,contact,past,strike,farmer,ball,animate,inanimate,The farmer struck the ball.,The ball was struck by the farmer.,The ball struck the farmer.,The farmer was struck by the ball.
631,nouns_contact,sensible,contact,past,strike,farmer,rock,animate,inanimate,The farmer struck the rock.,The rock was struck by the farmer.,The rock struck the farmer.,The farmer was struck by the rock.
632,nouns_contact,sensible,contact,past,strike,farmer,box,animate,inanimate,The farmer struck the box.,The box was struck by the farmer.,The box struck the farmer.,The farmer was struck by the box.
633,nouns_contact,sensible,contact,past,strike,farmer,car,animate,inanimate,The farmer struck the car.,The car was struck by the farmer.,The car struck the farmer.,The farmer was struck by the car.
634,nouns_contact,sensible,contact,past,strike,farmer,door,animate,inanimate,The farmer struck the door.,The door was struck by the farmer.,The door struck the farmer.,The farmer was struck by the door.
635,nouns_contact,sensible,contact,past,strike,farmer,branch,animate,inanimate,The farmer struck the branch.,The branch was struck by the farmer.,The branch struck the farmer.,The farmer was struck by the branch.
636,nouns_contact,sensible,contact,past,strike,pilot,chef,animate,animate,The pilot struck the chef.,The chef was struck by the pilot.,The chef struck the pilot.,The pilot was struck by the chef.
637,nouns_contact,sensible,contact,past,strike,pilot,driver,animate,animate,The pilot struck the driver.,The driver was struck by the pilot.,The driver struck the pilot.,The pilot was struck by the driver.
638,nouns_contact,sensible,contact,past,strike,pilot,ball,animate,inanimate,The pilot struck the ball.,The ball was struck by the pilot.,The ball struck the pilot.,The pilot was struck by the ball.
639,nouns_contact,sensible,contact,past,strike,pilot,rock,animate,inanimate,The pilot struck the rock.,The rock was struck by the pilot.,The rock struck the pilot.,The pilot was struck by the rock.
640,nouns_contact,sensible,contact,past,strike,pilot,box,animate,inanimate,The pilot struck the box.,The box was struck by the pilot.,The box struck the pilot.,The pilot was struck by the box.
641,nouns_contact,sensible,contact,past,strike,pilot,car,animate,inanimate,The pilot struck the car.,The car was struck by the pilot.,The car struck the pilot.,The pilot was struck by the car.
642,nouns_contact,sensible,contact,past,strike,pilot,door,animate,inanimate,The pilot struck the door.,The door was struck by the pilot.,The door struck the pilot.,The pilot was struck by the door.
643,nouns_contact,sensible,contact,past,strike,pilot,branch,animate,inanimate,The pilot struck the branch.,The branch was struck by the pilot.,The branch struck the pilot.,The pilot was struck by the branch.
644,nouns_contact,sensible,contact,past,strike,chef,driver,animate,animate,The chef struck the driver.,The driver was struck by the chef.,The driver struck the chef.,The chef was struck by the driver.
645,nouns_contact,sensible,contact,past,strike,chef,ball,animate,inanimate,The chef struck the ball.,The ball was struck by the chef.,The ball struck the chef.,The chef was struck by the ball.
646,nouns_contact,sensible,contact,past,strike,chef,rock,animate,inanimate,The chef struck the rock.,The rock was struck by the chef.,The rock struck the chef.,The chef was struck by the rock.
647,nouns_contact,sensible,contact,past,strike,chef,box,animate,inanimate,The chef struck the box.,The box was struck by the chef.,The box struck the chef.,The chef was struck by the box.
648,nouns_contact,sensible,contact,past,strike,chef,car,animate,inanimate,The chef struck the car.,The car was struck by the chef.,The car struck the chef.,The chef was struck by the car.
649,nouns_contact,sensible,contact,past,strike,chef,door,animate,inanimate,The chef struck the door.,The door was struck by the chef.,The door struck the chef.,The chef was struck by the door.
650,nouns_contact,sensible,contact,past,strike,chef,branch,animate,inanimate,The chef struck the branch.,The branch was struck by the chef.,The branch struck the chef.,The chef was struck by the branch.
651,nouns_contact,sensible,contact,past,strike,driver,ball,animate,inanimate,The driver struck the ball.,The ball was struck by the driver.,The ball struck the driver.,The driver was struck by the ball.
652,nouns_contact,sensible,contact,past,strike,driver,rock,animate,inanimate,The driver struck the rock.,The rock was struck by the driver.,The rock struck the driver.,The driver was struck by the rock.
653,nouns_contact,sensible,contact,past,strike,driver,box,animate,inanimate,The driver struck the box.,The box was struck by the driver.,The box struck the driver.,The driver was struck by the box.
654,nouns_contact,sensible,contact,past,strike,driver,car,animate,inanimate,The driver struck the car.,The car was struck by the driver.,The car struck the driver.,The driver was struck by the car.
655,nouns_contact,sensible,contact,past,strike,driver,door,animate,inanimate,The driver struck the door.,The door was struck by the driver.,The door struck the driver.,The driver was struck by the door.
656,nouns_contact,sensible,contact,past,strike,driver,branch,animate,inanimate,The driver struck the branch.,The branch was struck by the driver.,The branch struck the driver.,The driver was struck by the branch.
657,nouns_contact,sensible,contact,past,strike,ball,rock,inanimate,inanimate,The ball struck the rock.,The rock was struck by the ball.,The rock struck the ball.,The ball was struck by the rock.
658,nouns_contact,sensible,contact,past,strike,ball,box,inanimate,inanimate,The ball struck the box.,The box was struck by the ball.,The box struck the ball.,The ball was struck by the box.
659,nouns_contact,sensible,contact,past,strike,ball,car,inanimate,inanimate,The ball struck the car.,The car was struck by the ball.,The car struck the ball.,The ball was struck by the car.
660,nouns_contact,sensible,contact,past,strike,ball,door,inanimate,inanimate,The ball struck the door.,The door was struck by the ball.,The door struck the ball.,The ball was struck by the door.
661,nouns_contact,sensible,contact,past,strike,ball,branch,inanimate,inanimate,The ball struck the branch.,The branch was struck by the ball.,The branch struck the ball.,The ball was struck by the branch.
662,nouns_contact,sensible,contact,past,strike,rock,box,inanimate,inanimate,The rock struck the box.,The box was struck by the rock.,The box struck the rock.,The rock was struck by the box.
663,nouns_contact,sensible,contact,past,strike,rock,car,inanimate,inanimate,The rock struck the car.,The car was struck by the rock.,The car struck the rock.,The rock was struck by the car.
664,nouns_contact,sensible,contact,past,strike,rock,door,inanimate,inanimate,The rock struck the door.,The door was struck by the rock.,The door struck the rock.,The rock was struck by the door.
665,nouns_contact,sensible,contact,past,strike,rock,branch,inanimate,inanimate,The rock struck the branch.,The branch was struck by the rock.,The branch struck the rock.,The rock was struck by the branch.
666,nouns_contact,sensible,contact,past,strike,box,car,inanimate,inanimate,The box struck the car.,The car was struck by the box.,The car struck the box.,The box was struck by the car.
667,nouns_contact,sensible,contact,past,strike,box,door,inanimate,inanimate,The box struck the door.,The door was struck by the box.,The door struck the box.,The box was struck by the door.
668,nouns_contact,sensible,contact,past,strike,box,branch,inanimate,inanimate,The box struck the branch.,The branch was struck by the box.,The branch struck the box.,The box was struck by the branch.
669,nouns_contact,sensible,contact,past,strike,car,door,inanimate,inanimate,The car struck the door.,The door was struck by the car.,The door struck the car.,The car was struck by the door.
670,nouns_contact,sensible,contact,past,strike,car,branch,inanimate,inanimate,The car struck the branch.,The branch was struck by the car.,The branch struck the car.,The car was struck by the branch.
671,nouns_contact,sensible,contact,past,strike,door,branch,inanimate,inanimate,The door struck the branch.,The branch was struck by the door.,The branch struck the door.,The door was struck by the branch.
672,nouns_contact,sensible,contact,past,touch,teacher,doctor,animate,animate,The teacher touched the doctor.,The doctor was touched by the teacher.,The doctor touched the teacher.,The teacher was touched by the doctor.
673,nouns_contact,sensible,contact,past,touch,teacher,farmer,animate,animate,The teacher touched the farmer.,The farmer was touched by the teacher.,The farmer touched the teacher.,The teacher was touched by the farmer.
674,nouns_contact,sensible,contact,past,touch,teacher,pilot,animate,animate,The teacher touched the pilot.,The pilot was touched by the teacher.,The pilot touched the teacher.,The teacher was touched by the pilot.
675,nouns_contact,sensible,contact,past,touch,teacher,chef,animate,animate,The teacher touched the chef.,The chef was touched by the teacher.,The chef touched the teacher.,The teacher was touched by the chef.
676,nouns_contact,sensible,contact,past,touch,teacher,driver,animate,animate,The teacher touched the driver.,The driver was touched by the teacher.,The driver touched the teacher.,The teacher was touched by the driver.
677,nouns_contact,sensible,contact,past,touch,teacher,ball,animate,inanimate,The teacher touched the ball.,The ball was touched by the teacher.,The ball touched the teacher.,The teacher was touched by the ball.
678,nouns_contact,sensible,contact,past,touch,teacher,rock,animate,inanimate,The teacher touched the rock.,The rock was touched by the teacher.,The rock touched the teacher.,The teacher was touched by the rock.
679,nouns_contact,sensible,contact,past,touch,teacher,box,animate,inanimate,The teacher touched the box.,The box was touched by the teacher.,The box touched the teacher.,The teacher was touched by the box.
680,nouns_contact,sensible,contact,past,touch,teacher,car,animate,inanimate,The teacher touched the car.,The car was touched by the teacher.,The car touched the teacher.,The teacher was touched by the car.
681,nouns_contact,sensible,contact,past,touch,teacher,door,animate,inanimate,The teacher touched the door.,The door was touched by the teacher.,The door touched the teacher.,The teacher was touched by the door.
682,nouns_contact,sensible,contact,past,touch,teacher,branch,animate,inanimate,The teacher touched the branch.,The branch was touched by the teacher.,The branch touched the teacher.,The teacher was touched by the branch.
683,nouns_contact,sensible,contact,past,touch,doctor,farmer,animate,animate,The doctor touched the farmer.,The farmer was touched by the doctor.,The farmer touched the doctor.,The doctor was touched by the farmer.
684,nouns_contact,sensible,contact,past,touch,doctor,pilot,animate,animate,The doctor touched the pilot.,The pilot was touched by the doctor.,The pilot touched the doctor.,The doctor was touched by the pilot.
685,nouns_contact,sensible,contact,past,touch,doctor,chef,animate,animate,The doctor touched the chef.,The chef was touched by the doctor.,The chef touched the doctor.,The doctor was touched by the chef.
686,nouns_contact,sensible,contact,past,touch,doctor,driver,animate,animate,The doctor touched the driver.,The driver was touched by the doctor.,The driver touched the doctor.,The doctor was touched by the driver.
687,nouns_contact,sensible,contact,past,touch,doctor,ball,animate,inanimate,The doctor touched the ball.,The ball was touched by the doctor.,The ball touched the doctor.,The doctor was touched by the ball.
688,nouns_contact,sensible,contact,past,touch,doctor,rock,animate,inanimate,The doctor touched the rock.,The rock was touched by the doctor.,The rock touched the doctor.,The doctor was touched by the rock.
689,nouns_contact,sensible,contact,past,touch,doctor,box,animate,inanimate,The doctor touched the box.,The box was touched by the doctor.,The box touched the doctor.,The doctor was touched by the box.
690,nouns_contact,sensible,contact,past,touch,doctor,car,animate,inanimate,The doctor touched the car.,The car was touched by the doctor.,The car touched the doctor.,The doctor was touched by the car.
691,nouns_contact,sensible,contact,past,touch,doctor,door,animate,inanimate,The doctor touched the door.,The door was touched by the doctor.,The door touched the doctor.,The doctor was touched by the door.
692,nouns_contact,sensible,contact,past,touch,doctor,branch,animate,inanimate,The doctor touched the branch.,The branch was touched by the doctor.,The branch touched the doctor.,The doctor was touched by the branch.
693,nouns_contact,sensible,contact,past,touch,farmer,pilot,animate,animate,The farmer touched the pilot.,The pilot was touched by the farmer.,The pilot touched the farmer.,The farmer was touched by the pilot.
694,nouns_contact,sensible,contact,past,touch,farmer,chef,animate,animate,The farmer touched the chef.,The chef was touched by the farmer.,The chef touched the farmer.,The farmer was touched by the chef.
695,nouns_contact,sensible,contact,past,touch,farmer,driver,animate,animate,The farmer touched the driver.,The driver was touched by the farmer.,The driver touched the farmer.,The farmer was touched by the driver.
696,nouns_contact,sensible,contact,past,touch,farmer,ball,animate,inanimate,The farmer touched the ball.,The ball was touched by the farmer.,The ball touched the farmer.,The farmer was touched by the ball.
697,nouns_contact,sensible,contact,past,touch,farmer,rock,animate,inanimate,The farmer touched the rock.,The rock was touched by the farmer.,The rock touched the farmer.,The farmer was touched by the rock.
698,nouns_contact,sensible,contact,past,touch,farmer,box,animate,inanimate,The farmer touched the box.,The box was touched by the farmer.,The box touched the farmer.,The farmer was touched by the box.
699,nouns_contact,sensible,contact,past,touch,farmer,car,animate,inanimate,The farmer touched the car.,The car was touched by the farmer.,The car touched the farmer.,The farmer was touched by the car.
700,nouns_contact,sensible,contact,past,touch,farmer,door,animate,inanimate,The farmer touched the door.,The door was touched by the farmer.,The door touched the farmer.,The farmer was touched by the door.
701,nouns_contact,sensible,contact,past,touch,farmer,branch,animate,inanimate,The farmer touched the branch.,The branch was touched by the farmer.,The branch touched the farmer.,The farmer was touched by the branch.
702,nouns_contact,sensible,contact,past,touch,pilot,chef,animate,animate,The pilot touched the chef.,The chef was touched by the pilot.,The chef touched the pilot.,The pilot was touched by the chef.
703,nouns_contact,sensible,contact,past,touch,pilot,driver,animate,animate,The pilot touched the driver.,The driver was touched by the pilot.,The driver touched the pilot.,The pilot was touched by the driver.
704,nouns_contact,sensible,contact,past,touch,pilot,ball,animate,inanimate,The pilot touched the ball.,The ball was touched by the pilot.,The ball touched the pilot.,The pilot was touched by the ball.
705,nouns_contact,sensible,contact,past,touch,pilot,rock,animate,inanimate,The pilot touched the rock.,The rock was touched by the pilot.,The rock touched the pilot.,The pilot was touched by the rock.
706,nouns_contact,sensible,contact,past,touch,pilot,box,animate,inanimate,The pilot touched the box.,The box was touched by the pilot.,The box touched the pilot.,The pilot was touched by the box.
707,nouns_contact,sensible,contact,past,touch,pilot,car,animate,inanimate,The pilot touched the car.,The car was touched by the pilot.,The car touched the pilot.,The pilot was touched by the car.
708,nouns_contact,sensible,contact,past,touch,pilot,door,animate,inanimate,The pilot touched the door.,The door was touched by the pilot.,The door touched the pilot.,The pilot was touched by the door.
709,nouns_contact,sensible,contact,past,touch,pilot,branch,animate,inanimate,The pilot touched the branch.,The branch was touched by the pilot.,The branch touched the pilot.,The pilot was touched by the branch.
710,nouns_contact,sensible,contact,past,touch,chef,driver,animate,animate,The chef touched the driver.,The driver was touched by the chef.,The driver touched the chef.,The chef was touched by the driver.
711,nouns_contact,sensible,contact,past,touch,chef,ball,animate,inanimate,The chef touched the ball.,The ball was touched by the chef.,The ball touched the chef.,The chef was touched by the ball.
712,nouns_contact,sensible,contact,past,touch,chef,rock,animate,inanimate,The chef touched the rock.,The rock was touched by the chef.,The rock touched the chef.,The chef was touched by the rock.
713,nouns_contact,sensible,contact,past,touch,chef,box,animate,inanimate,The chef touched the box.,The box was touched by the chef.,The box touched the chef.,The chef was touched by the box.
714,nouns_contact,sensible,contact,past,touch,chef,car,animate,inanimate,The chef touched the car.,The car was touched by the chef.,The car touched the chef.,The chef was touched by the car.
715,nouns_contact,sensible,contact,past,touch,chef,door,animate,inanimate,The chef touched the door.,The door was touched by the chef.,The door touched the chef.,The chef was touched by the door.
716,nouns_contact,sensible,contact,past,touch,chef,branch,animate,inanimate,The chef touched the branch.,The branch was touched by the chef.,The branch touched the chef.,The chef was touched by the branch.
717,nouns_contact,sensible,contact,past,touch,driver,ball,animate,inanimate,The driver touched the ball.,The ball was touched by the driver.,The ball touched the driver.,The driver was touched by the ball.
718,nouns_contact,sensible,contact,past,touch,driver,rock,animate,inanimate,The driver touched the rock.,The rock was touched by the driver.,The rock touched the driver.,The driver was touched by the rock.
719,nouns_contact,sensible,contact,past,touch,driver,box,animate,inanimate,The driver touched the box.,The box was touched by the driver.,The box touched the driver.,The driver was touched by the box.
720,nouns_contact,sensible,contact,past,touch,driver,car,animate,inanimate,The driver touched the car.,The car was touched by the driver.,The car touched the driver.,The driver was touched by the car.
721,nouns_contact,sensible,contact,past,touch,driver,door,animate,inanimate,The driver touched the door.,The door was touched by the driver.,The door touched the driver.,The driver was touched by the door.
722,nouns_contact,sensible,contact,past,touch,driver,branch,animate,inanimate,The driver touched the branch.,The branch was touched by the driver.,The branch touched the driver.,The driver was touched by the branch.
723,nouns_contact,sensible,contact,past,touch,ball,rock,inanimate,inanimate,The ball touched the rock.,The rock was touched by the ball.,The rock touched the ball.,The ball was touched by the rock.
724,nouns_contact,sensible,contact,past,touch,ball,box,inanimate,inanimate,The ball touched the box.,The box was touched by the ball.,The box touched the ball.,The ball was touched by the box.
725,nouns_contact,sensible,contact,past,touch,ball,car,inanimate,inanimate,The ball touched the car.,The car was touched by the ball.,The car touched the ball.,The ball was touched by the car.
726,nouns_contact,sensible,contact,past,touch,ball,door,inanimate,inanimate,The ball touched the door.,The door was touched by the ball.,The door touched the ball.,The ball was touched by the door.
727,nouns_contact,sensible,contact,past,touch,ball,branch,inanimate,inanimate,The ball touched the branch.,The branch was touched by the ball.,The branch touched the ball.,The ball was touched by the branch.
728,nouns_contact,sensible,contact,past,touch,rock,box,inanimate,inanimate,The rock touched the box.,The box was touched by the rock.,The box touched the rock.,The rock was touched by the box.
729,nouns_contact,sensible,contact,past,touch,rock,car,inanimate,inanimate,The rock touched the car.,The car was touched by the rock.,The car touched the rock.,The rock was touched by the car.
730,nouns_contact,sensible,contact,past,touch,rock,door,inanimate,inanimate,The rock touched the door.,The door was touched by the rock.,The door touched the rock.,The rock was touched by the door.
731,nouns_contact,sensible,contact,past,touch,rock,branch,inanimate,inanimate,The rock touched the branch.,The branch was touched by the rock.,The branch touched the rock.,The rock was touched by the branch.
732,nouns_contact,sensible,contact,past,touch,box,car,inanimate,inanimate,The box touched the car.,The car was touched by the box.,The car touched the box.,The box was touched by the car.
733,nouns_contact,sensible,contact,past,touch,box,door,inanimate,inanimate,The box touched the door.,The door was touched by the box.,The door touched the box.,The box was touched by the door.
734,nouns_contact,sensible,contact,past,touch,box,branch,inanimate,inanimate,The box touched the branch.,The branch was touched by the box.,The branch touched the box.,The box was touched by the branch.
735,nouns_contact,sensible,contact,past,touch,car,door,inanimate,inanimate,The car touched the door.,The door was touched by the car.,The door touched the car.,The car was touched by the door.
736,nouns_contact,sensible,contact,past,touch,car,branch,inanimate,inanimate,The car touched the branch.,The branch was touched by the car.,The branch touched the car.,The car was touched by the branch.
737,nouns_contact,sensible,contact,past,touch,door,branch,inanimate,inanimate,The door touched the branch.,The branch was touched by the door.,The branch touched the door.,The door was touched by the branch.
738,nouns_contact,sensible,contact,past,block,teacher,doctor,animate,animate,The teacher blocked the doctor.,The doctor was blocked by the teacher.,The doctor blocked the teacher.,The teacher was blocked by the doctor.
739,nouns_contact,sensible,contact,past,block,teacher,farmer,animate,animate,The teacher blocked the farmer.,The farmer was blocked by the teacher.,The farmer blocked the teacher.,The teacher was blocked by the farmer.
740,nouns_contact,sensible,contact,past,block,teacher,pilot,animate,animate,The teacher blocked the pilot.,The pilot was blocked by the teacher.,The pilot blocked the teacher.,The teacher was blocked by the pilot.
741,nouns_contact,sensible,contact,past,block,teacher,chef,animate,animate,The teacher blocked the chef.,The chef was blocked by the teacher.,The chef blocked the teacher.,The teacher was blocked by the chef.
742,nouns_contact,sensible,contact,past,block,teacher,driver,animate,animate,The teacher blocked the driver.,The driver was blocked by the teacher.,The driver blocked the teacher.,The teacher was blocked by the driver.
743,nouns_contact,sensible,contact,past,block,teacher,ball,animate,inanimate,The teacher blocked the ball.,The ball was blocked by the teacher.,The ball blocked the teacher.,The teacher was blocked by the ball.
744,nouns_contact,sensible,contact,past,block,teacher,rock,animate,inanimate,The teacher blocked the rock.,The rock was blocked by the teacher.,The rock blocked the teacher.,The teacher was blocked by the rock.
745,nouns_contact,sensible,contact,past,block,teacher,box,animate,inanimate,The teacher blocked the box.,The box was blocked by the teacher.,The box blocked the teacher.,The teacher was blocked by the box.
746,nouns_contact,sensible,contact,past,block,teacher,car,animate,inanimate,The teacher blocked the car.,The car was blocked by the teacher.,The car blocked the teacher.,The teacher was blocked by the car.
747,nouns_contact,sensible,contact,past,block,teacher,door,animate,inanimate,The teacher blocked the door.,The door was blocked by the teacher.,The door blocked the teacher.,The teacher was blocked by the door.
748,nouns_contact,sensible,contact,past,block,teacher,branch,animate,inanimate,The teacher blocked the branch.,The branch was blocked by the teacher.,The branch blocked the teacher.,The teacher was blocked by the branch.
749,nouns_contact,sensible,contact,past,block,doctor,farmer,animate,animate,The doctor blocked the farmer.,The farmer was blocked by the doctor.,The farmer blocked the doctor.,The doctor was blocked by the farmer.
750,nouns_contact,sensible,contact,past,block,doctor,pilot,animate,animate,The doctor blocked the pilot.,The pilot was blocked by the doctor.,The pilot blocked the doctor.,The doctor was blocked by the pilot.
751,nouns_contact,sensible,contact,past,block,doctor,chef,animate,animate,The doctor blocked the chef.,The chef was blocked by the doctor.,The chef blocked the doctor.,The doctor was blocked by the chef.
752,nouns_contact,sensible,contact,past,block,doctor,driver,animate,animate,The doctor blocked the driver.,The driver was blocked by the doctor.,The driver blocked the doctor.,The doctor was blocked by the driver.
753,nouns_contact,sensible,contact,past,block,doctor,ball,animate,inanimate,The doctor blocked the ball.,The ball was blocked by the doctor.,The ball blocked the doctor.,The doctor was blocked by the ball.
754,nouns_contact,sensible,contact,past,block,doctor,rock,animate,inanimate,The doctor blocked the rock.,The rock was blocked by the doctor.,The rock blocked the doctor.,The doctor was blocked by the rock.
755,nouns_contact,sensible,contact,past,block,doctor,box,animate,inanimate,The doctor blocked the box.,The box was blocked by the doctor.,The box blocked the doctor.,The doctor was blocked by the box.
756,nouns_contact,sensible,contact,past,block,doctor,car,animate,inanimate,The doctor blocked the car.,The car was blocked by the doctor.,The car blocked the doctor.,The doctor was blocked by the car.
757,nouns_contact,sensible,contact,past,block,doctor,door,animate,inanimate,The doctor blocked the door.,The door was blocked by the doctor.,The door blocked the doctor.,The doctor was blocked by the door.
758,nouns_contact,sensible,contact,past,block,doctor,branch,animate,inanimate,The doctor blocked the branch.,The branch was blocked by the doctor.,The branch blocked the doctor.,The doctor was blocked by the branch.
759,nouns_contact,sensible,contact,past,block,farmer,pilot,animate,animate,The farmer blocked the pilot.,The pilot was blocked by the farmer.,The pilot blocked the farmer.,The farmer was blocked by the pilot.
760,nouns_contact,sensible,contact,past,block,farmer,chef,animate,animate,The farmer blocked the chef.,The chef was blocked by the farmer.,The chef blocked the farmer.,The farmer was blocked by the chef.
761,nouns_contact,sensible,contact,past,block,farmer,driver,animate,animate,The farmer blocked the driver.,The driver was blocked by the farmer.,The driver blocked the farmer.,The farmer was blocked by the driver.
762,nouns_contact,sensible,contact,past,block,farmer,ball,animate,inanimate,The farmer blocked the ball.,The ball was blocked by the farmer.,The ball blocked the farmer.,The farmer was blocked by the ball.
763,nouns_contact,sensible,contact,past,block,farmer,rock,animate,inanimate,The farmer blocked the rock.,The rock was blocked by the farmer.,The rock blocked the farmer.,The farmer was blocked by the rock.
764,nouns_contact,sensible,contact,past,block,farmer,box,animate,inanimate,The farmer blocked the box.,The box was blocked by the farmer.,The box blocked the farmer.,The farmer was blocked by the box.
765,nouns_contact,sensible,contact,past,block,farmer,car,animate,inanimate,The farmer blocked the car.,The car was blocked by the farmer.,The car blocked the farmer.,The farmer was blocked by the car.
766,nouns_contact,sensible,contact,past,block,farmer,door,animate,inanimate,The farmer blocked the door.,The door was blocked by the farmer.,The door blocked the farmer.,The farmer was blocked by the door.
767,nouns_contact,sensible,contact,past,block,farmer,branch,animate,inanimate,The farmer blocked the branch.,The branch was blocked by the farmer.,The branch blocked the farmer.,The farmer was blocked by the branch.
768,nouns_contact,sensible,contact,past,block,pilot,chef,animate,animate,The pilot blocked the chef.,The chef was blocked by the pilot.,The chef blocked the pilot.,The pilot was blocked by the chef.
769,nouns_contact,sensible,contact,past,block,pilot,driver,animate,animate,The pilot blocked the driver.,The driver was blocked by the pilot.,The driver blocked the pilot.,The pilot was blocked by the driver.
770,nouns_contact,sensible,contact,past,block,pilot,ball,animate,inanimate,The pilot blocked the ball.,The ball was blocked by the pilot.,The ball blocked the pilot.,The pilot was blocked by the ball.
771,nouns_contact,sensible,contact,past,block,pilot,rock,animate,inanimate,The pilot blocked the rock.,The rock was blocked by the pilot.,The rock blocked the pilot.,The pilot was blocked by the rock.
772,nouns_contact,sensible,contact,past,block,pilot,box,animate,inanimate,The pilot blocked the box.,The box was blocked by the pilot.,The box blocked the pilot.,The pilot was blocked by the box.
773,nouns_contact,sensible,contact,past,block,pilot,car,animate,inanimate,The pilot blocked the car.,The car was blocked by the pilot.,The car blocked the pilot.,The pilot was blocked by the car.
774,nouns_contact,sensible,contact,past,block,pilot,door,animate,inanimate,The pilot blocked the door.,The door was blocked by the pilot.,The door blocked the pilot.,The pilot was blocked by the door.
775,nouns_contact,sensible,contact,past,block,pilot,branch,animate,inanimate,The pilot blocked the branch.,The branch was blocked by the pilot.,The branch blocked the pilot.,The pilot was blocked by the branch.
776,nouns_contact,sensible,contact,past,block,chef,driver,animate,animate,The chef blocked the driver.,The driver was blocked by the chef.,The driver blocked the chef.,The chef was blocked by the driver.
777,nouns_contact,sensible,contact,past,block,chef,ball,animate,inanimate,The chef blocked the ball.,The ball was blocked by the chef.,The ball blocked the chef.,The chef was blocked by the ball.
778,nouns_contact,sensible,contact,past,block,chef,rock,animate,inanimate,The chef blocked the rock.,The rock was blocked by the chef.,The rock blocked the chef.,The chef was blocked by the rock.
779,nouns_contact,sensible,contact,past,block,chef,box,animate,inanimate,The chef blocked the box.,The box was blocked by the chef.,The box blocked the chef.,The chef was blocked by the box.
780,nouns_contact,sensible,contact,past,block,chef,car,animate,inanimate,The chef blocked the car.,The car was blocked by the chef.,The car blocked the chef.,The chef was blocked by the car.
781,nouns_contact,sensible,contact,past,block,chef,door,animate,inanimate,The chef blocked the door.,The door was blocked by the chef.,The door blocked the chef.,The chef was blocked by the door.
782,nouns_contact,sensible,contact,past,block,chef,branch,animate,inanimate,The chef blocked the branch.,The branch was blocked by the chef.,The branch blocked the chef.,The chef was blocked by the branch.
783,nouns_contact,sensible,contact,past,block,driver,ball,animate,inanimate,The driver blocked the ball.,The ball was blocked by the driver.,The ball blocked the driver.,The driver was blocked by the ball.
784,nouns_contact,sensible,contact,past,block,driver,rock,animate,inanimate,The driver blocked the rock.,The rock was blocked by the driver.,The rock blocked the driver.,The driver was blocked by the rock.
785,nouns_contact,sensible,contact,past,block,driver,box,animate,inanimate,The driver blocked the box.,The box was blocked by the driver.,The box blocked the driver.,The driver was blocked by the box.
786,nouns_contact,sensible,contact,past,block,driver,car,animate,inanimate,The driver blocked the car.,The car was blocked by the driver.,The car blocked the driver.,The driver was blocked by the car.
787,nouns_contact,sensible,contact,past,block,driver,door,animate,inanimate,The driver blocked the door.,The door was blocked by the driver.,The door blocked the driver.,The driver was blocked by the door.
788,nouns_contact,sensible,contact,past,block,driver,branch,animate,inanimate,The driver blocked the branch.,The branch was blocked by the driver.,The branch blocked the driver.,The driver was blocked by the branch.
789,nouns_contact,sensible,contact,past,block,ball,rock,inanimate,inanimate,The ball blocked the rock.,The rock was blocked by the ball.,The rock blocked the ball.,The ball was blocked by the rock.
790,nouns_contact,sensible,contact,past,block,ball,box,inanimate,inanimate,The ball blocked the box.,The box was blocked by the ball.,The box blocked the ball.,The ball was blocked by the box.
791,nouns_contact,sensible,contact,past,block,ball,car,inanimate,inanimate,The ball blocked the car.,The car was blocked by the ball.,The car blocked the ball.,The ball was blocked by the car.
792,nouns_contact,sensible,contact,past,block,ball,door,inanimate,inanimate,The ball blocked the door.,The door was blocked by the ball.,The door blocked the ball.,The ball was blocked by the door.
793,nouns_contact,sensible,contact,past,block,ball,branch,inanimate,inanimate,The ball blocked the branch.,The branch was blocked by the ball.,The branch blocked the ball.,The ball was blocked by the branch.
794,nouns_contact,sensible,contact,past,block,rock,box,inanimate,inanimate,The rock blocked the box.,The box was blocked by the rock.,The box blocked the rock.,The rock was blocked by the box.
795,nouns_contact,sensible,contact,past,block,rock,car,inanimate,inanimate,The rock blocked the car.,The car was blocked by the rock.,The car blocked the rock.,The rock was blocked by the car.
796,nouns_contact,sensible,contact,past,block,rock,door,inanimate,inanimate,The rock blocked the door.,The door was blocked by the rock.,The door blocked the rock.,The rock was blocked by the door.
797,nouns_contact,sensible,contact,past,block,rock,branch,inanimate,inanimate,The rock blocked the branch.,The branch was blocked by the rock.,The branch blocked the rock.,The rock was blocked by the branch.
798,nouns_contact,sensible,contact,past,block,box,car,inanimate,inanimate,The box blocked the car.,The car was blocked by the box.,The car blocked the box.,The box was blocked by the car.
799,nouns_contact,sensible,contact,past,block,box,door,inanimate,inanimate,The box blocked the door.,The door was blocked by the box.,The door blocked the box.,The box was blocked by the door.
800,nouns_contact,sensible,contact,past,block,box,branch,inanimate,inanimate,The box blocked the branch.,The branch was blocked by the box.,The branch blocked the box.,The box was blocked by the branch.
801,nouns_contact,sensible,contact,past,block,car,door,inanimate,inanimate,The car blocked the door.,The door was blocked by the car.,The door blocked the car.,The car was blocked by the door.
802,nouns_contact,sensible,contact,past,block,car,branch,inanimate,inanimate,The car blocked the branch.,The branch was blocked by the car.,The branch blocked the car.,The car was blocked by the branch.
803,nouns_contact,sensible,contact,past,block,door,branch,inanimate,inanimate,The door blocked the branch.,The branch was blocked by the door.,The branch blocked the door.,The door was blocked by the branch.
804,nouns_contact,sensible,contact,past,push,teacher,doctor,animate,animate,The teacher pushed the doctor.,The doctor was pushed by the teacher.,The doctor pushed the teacher.,The teacher was pushed by the doctor.
805,nouns_contact,sensible,contact,past,push,teacher,farmer,animate,animate,The teacher pushed the farmer.,The farmer was pushed by the teacher.,The farmer pushed the teacher.,The teacher was pushed by the farmer.
806,nouns_contact,sensible,contact,past,push,teacher,pilot,animate,animate,The teacher pushed the pilot.,The pilot was pushed by the teacher.,The pilot pushed the teacher.,The teacher was pushed by the pilot.
807,nouns_contact,sensible,contact,past,push,teacher,chef,animate,animate,The teacher pushed the chef.,The chef was pushed by the teacher.,The chef pushed the teacher.,The teacher was pushed by the chef.
808,nouns_contact,sensible,contact,past,push,teacher,driver,animate,animate,The teacher pushed the driver.,The driver was pushed by the teacher.,The driver pushed the teacher.,The teacher was pushed by the driver.
809,nouns_contact,sensible,contact,past,push,teacher,ball,animate,inanimate,The teacher pushed the ball.,The ball was pushed by the teacher.,The ball pushed the teacher.,The teacher was pushed by the ball.
810,nouns_contact,sensible,contact,past,push,teacher,rock,animate,inanimate,The teacher pushed the rock.,The rock was pushed by the teacher.,The rock pushed the teacher.,The teacher was pushed by the rock.
811,nouns_contact,sensible,contact,past,push,teacher,box,animate,inanimate,The teacher pushed the box.,The box was pushed by the teacher.,The box pushed the teacher.,The teacher was pushed by the box.
812,nouns_contact,sensible,contact,past,push,teacher,car,animate,inanimate,The teacher pushed the car.,The car was pushed by the teacher.,The car pushed the teacher.,The teacher was pushed by the car.
813,nouns_contact,sensible,contact,past,push,teacher,door,animate,inanimate,The teacher pushed the door.,The door was pushed by the teacher.,The door pushed the teacher.,The teacher was pushed by the door.
814,nouns_contact,sensible,contact,past,push,teacher,branch,animate,inanimate,The teacher pushed the branch.,The branch was pushed by the teacher.,The branch pushed the teacher.,The teacher was pushed by the branch.
815,nouns_contact,sensible,contact,past,push,doctor,farmer,animate,animate,The doctor pushed the farmer.,The farmer was pushed by the doctor.,The farmer pushed the doctor.,The doctor was pushed by the farmer.
816,nouns_contact,sensible,contact,past,push,doctor,pilot,animate,animate,The doctor pushed the pilot.,The pilot was pushed by the doctor.,The pilot pushed the doctor.,The doctor was pushed by the pilot.
817,nouns_contact,sensible,contact,past,push,doctor,chef,animate,animate,The doctor pushed the chef.,The chef was pushed by the doctor.,The chef pushed the doctor.,The doctor was pushed by the chef.
818,nouns_contact,sensible,contact,past,push,doctor,driver,animate,animate,The doctor pushed the driver.,The driver was pushed by the doctor.,The driver pushed the doctor.,The doctor was pushed by the driver.
819,nouns_contact,sensible,contact,past,push,doctor,ball,animate,inanimate,The doctor pushed the ball.,The ball was pushed by the doctor.,The ball pushed the doctor.,The doctor was pushed by the ball.
820,nouns_contact,sensible,contact,past,push,doctor,rock,animate,inanimate,The doctor pushed the rock.,The rock was pushed by the doctor.,The rock pushed the doctor.,The doctor was pushed by the rock.
821,nouns_contact,sensible,contact,past,push,doctor,box,animate,inanimate,The doctor pushed the box.,The box was pushed by the doctor.,The box pushed the doctor.,The doctor was pushed by the box.
822,nouns_contact,sensible,contact,past,push,doctor,car,animate,inanimate,The doctor pushed the car.,The car was pushed by the doctor.,The car pushed the doctor.,The doctor was pushed by the car.
823,nouns_contact,sensible,contact,past,push,doctor,door,animate,inanimate,The doctor pushed the door.,The door was pushed by the doctor.,The door pushed the doctor.,The doctor was pushed by the door.
824,nouns_contact,sensible,contact,past,push,doctor,branch,animate,inanimate,The doctor pushed the branch.,The branch was pushed by the doctor.,The branch pushed the doctor.,The doctor was pushed by the branch.
825,nouns_contact,sensible,contact,past,push,farmer,pilot,animate,animate,The farmer pushed the pilot.,The pilot was pushed by the farmer.,The pilot pushed the farmer.,The farmer was pushed by the pilot.
826,nouns_contact,sensible,contact,past,push,farmer,chef,animate,animate,The farmer pushed the chef.,The chef was pushed by the farmer.,The chef pushed the farmer.,The farmer was pushed by the chef.
827,nouns_contact,sensible,contact,past,push,farmer,driver,animate,animate,The farmer pushed the driver.,The driver was pushed by the farmer.,The driver pushed the farmer.,The farmer was pushed by the driver.
828,nouns_contact,sensible,contact,past,push,farmer,ball,animate,inanimate,The farmer pushed the ball.,The ball was pushed by the farmer.,The ball pushed the farmer.,The farmer was pushed by the ball.
829,nouns_contact,sensible,contact,past,push,farmer,rock,animate,inanimate,The farmer pushed the rock.,The rock was pushed by the farmer.,The rock pushed the farmer.,The farmer was pushed by the rock.
830,nouns_contact,sensible,contact,past,push,farmer,box,animate,inanimate,The farmer pushed the box.,The box was pushed by the farmer.,The box pushed the farmer.,The farmer was pushed by the box.
831,nouns_contact,sensible,contact,past,push,farmer,car,animate,inanimate,The farmer pushed the car.,The car was pushed by the farmer.,The car pushed the farmer.,The farmer was pushed by the car.
832,nouns_contact,sensible,contact,past,push,farmer,door,animate,inanimate,The farmer pushed the door.,The door was pushed by the farmer.,The door pushed the farmer.,The farmer was pushed by the door.
833,nouns_contact,sensible,contact,past,push,farmer,branch,animate,inanimate,The farmer pushed the branch.,The branch was pushed by the farmer.,The branch pushed the farmer.,The farmer was pushed by the branch.
834,nouns_contact,sensible,contact,past,push,pilot,chef,animate,animate,The pilot pushed the chef.,The chef was pushed by the pilot.,The chef pushed the pilot.,The pilot was pushed by the chef.
835,nouns_contact,sensible,contact,past,push,pilot,driver,animate,animate,The pilot pushed the driver.,The driver was pushed by the pilot.,The driver pushed the pilot.,The pilot was pushed by the driver.
836,nouns_contact,sensible,contact,past,push,pilot,ball,animate,inanimate,The pilot pushed the ball.,The ball was pushed by the pilot.,The ball pushed the pilot.,The pilot was pushed by the ball.
837,nouns_contact,sensible,contact,past,push,pilot,rock,animate,inanimate,The pilot pushed the rock.,The rock was pushed by the pilot.,The rock pushed the pilot.,The pilot was pushed by the rock.
838,nouns_contact,sensible,contact,past,push,pilot,box,animate,inanimate,The pilot pushed the box.,The box was pushed by the pilot.,The box pushed the pilot.,The pilot was pushed by the box.
839,nouns_contact,sensible,contact,past,push,pilot,car,animate,inanimate,The pilot pushed the car.,The car was pushed by the pilot.,The car pushed the pilot.,The pilot was pushed by the car.
840,nouns_contact,sensible,contact,past,push,pilot,door,animate,inanimate,The pilot pushed the door.,The door was pushed by the pilot.,The door pushed the pilot.,The pilot was pushed by the door.
841,nouns_contact,sensible,contact,past,push,pilot,branch,animate,inanimate,The pilot pushed the branch.,The branch was pushed by the pilot.,The branch pushed the pilot.,The pilot was pushed by the branch.
842,nouns_contact,sensible,contact,past,push,chef,driver,animate,animate,The chef pushed the driver.,The driver was pushed by the chef.,The driver pushed the chef.,The chef was pushed by the driver.
843,nouns_contact,sensible,contact,past,push,chef,ball,animate,inanimate,The chef pushed the ball.,The ball was pushed by the chef.,The ball pushed the chef.,The chef was pushed by the ball.
844,nouns_contact,sensible,contact,past,push,chef,rock,animate,inanimate,The chef pushed the rock.,The rock was pushed by the chef.,The rock pushed the chef.,The chef was pushed by the rock.
845,nouns_contact,sensible,contact,past,push,chef,box,animate,inanimate,The chef pushed the box.,The box was pushed by the chef.,The box pushed the chef.,The chef was pushed by the box.
846,nouns_contact,sensible,contact,past,push,chef,car,animate,inanimate,The chef pushed the car.,The car was pushed by the chef.,The car pushed the chef.,The chef was pushed by the car.
847,nouns_contact,sensible,contact,past,push,chef,door,animate,inanimate,The chef pushed the door.,The door was pushed by the chef.,The door pushed the chef.,The chef was pushed by the door.
848,nouns_contact,sensible,contact,past,push,chef,branch,animate,inanimate,The chef pushed the branch.,The branch was pushed by the chef.,The branch pushed the chef.,The chef was pushed by the branch.
849,nouns_contact,sensible,contact,past,push,driver,ball,animate,inanimate,The driver pushed the ball.,The ball was pushed by the driver.,The ball pushed the driver.,The driver was pushed by the ball.
850,nouns_contact,sensible,contact,past,push,driver,rock,animate,inanimate,The driver pushed the rock.,The rock was pushed by the driver.,The rock pushed the driver.,The driver was pushed by the rock.
851,nouns_contact,sensible,contact,past,push,driver,box,animate,inanimate,The driver pushed the box.,The box was pushed by the driver.,The box pushed the driver.,The driver was pushed by the box.
852,nouns_contact,sensible,contact,past,push,driver,car,animate,inanimate,The driver pushed the car.,The car was pushed by the driver.,The car pushed the driver.,The driver was pushed by the car.
853,nouns_contact,sensible,contact,past,push,driver,door,animate,inanimate,The driver pushed the door.,The door was pushed by the driver.,The door pushed the driver.,The driver was pushed by the door.
854,nouns_contact,sensible,contact,past,push,driver,branch,animate,inanimate,The driver pushed the branch.,The branch was pushed by the driver.,The branch pushed the driver.,The driver was pushed by the branch.
855,nouns_contact,sensible,contact,past,push,ball,rock,inanimate,inanimate,The ball pushed the rock.,The rock was pushed by the ball.,The rock pushed the ball.,The ball was pushed by the rock.
856,nouns_contact,sensible,contact,past,push,ball,box,inanimate,inanimate,The ball pushed the box.,The box was pushed by the ball.,The box pushed the ball.,The ball was pushed by the box.
857,nouns_contact,sensible,contact,past,push,ball,car,inanimate,inanimate,The ball pushed the car.,The car was pushed by the ball.,The car pushed the ball.,The ball was pushed by the car.
858,nouns_contact,sensible,contact,past,push,ball,door,inanimate,inanimate,The ball pushed the door.,The door was pushed by the ball.,The door pushed the ball.,The ball was pushed by the door.
859,nouns_contact,sensible,contact,past,push,ball,branch,inanimate,inanimate,The ball pushed the branch.,The branch was pushed by the ball.,The branch pushed the ball.,The ball was pushed by the branch.
860,nouns_contact,sensible,contact,past,push,rock,box,inanimate,inanimate,The rock pushed the box.,The box was pushed by the rock.,The box pushed the rock.,The rock was pushed by the box.
861,nouns_contact,sensible,contact,past,push,rock,car,inanimate,inanimate,The rock pushed the car.,The car was pushed by the rock.,The car pushed the rock.,The rock was pushed by the car.
862,nouns_contact,sensible,contact,past,push,rock,door,inanimate,inanimate,The rock pushed the door.,The door was pushed by the rock.,The door pushed the rock.,The rock was pushed by the door.
863,nouns_contact,sensible,contact,past,push,rock,branch,inanimate,inanimate,The rock pushed the branch.,The branch was pushed by the rock.,The branch pushed the rock.,The rock was pushed by the branch.
864,nouns_contact,sensible,contact,past,push,box,car,inanimate,inanimate,The box pushed the car.,The car was pushed by the box.,The car pushed the box.,The box was pushed by the car.
865,nouns_contact,sensible,contact,past,push,box,door,inanimate,inanimate,The box pushed the door.,The door was pushed by the box.,The door pushed the box.,The box was pushed by the door.
866,nouns_contact,sensible,contact,past,push,box,branch,inanimate,inanimate,The box pushed the branch.,The branch was pushed by the box.,The branch pushed the box.,The box was pushed by the branch.
867,nouns_contact,sensible,contact,past,push,car,door,inanimate,inanimate,The car pushed the door.,The door was pushed by the car.,The door pushed the car.,The car was pushed by the door.
868,nouns_contact,sensible,contact,past,push,car,branch,inanimate,inanimate,The car pushed the branch.,The branch was pushed by the car.,The branch pushed the car.,The car was pushed by the branch.
869,nouns_contact,sensible,contact,past,push,door,branch,inanimate,inanimate,The door pushed the branch.,The branch was pushed by the door.,The branch pushed the door.,The door was pushed by the branch.
870,nouns_contact,sensible,contact,past,bump,teacher,doctor,animate,animate,The teacher bumped the doctor.,The doctor was bumped by the teacher.,The doctor bumped the teacher.,The teacher was bumped by the doctor.
871,nouns_contact,sensible,contact,past,bump,teacher,farmer,animate,animate,The teacher bumped the farmer.,The farmer was bumped by the teacher.,The farmer bumped the teacher.,The teacher was bumped by the farmer.
872,nouns_contact,sensible,contact,past,bump,teacher,pilot,animate,animate,The teacher bumped the pilot.,The pilot was bumped by the teacher.,The pilot bumped the teacher.,The teacher was bumped by the pilot.
873,nouns_contact,sensible,contact,past,bump,teacher,chef,animate,animate,The teacher bumped the chef.,The chef was bumped by the teacher.,The chef bumped the teacher.,The teacher was bumped by the chef.
874,nouns_contact,sensible,contact,past,bump,teacher,driver,animate,animate,The teacher bumped the driver.,The driver was bumped by the teacher.,The driver bumped the teacher.,The teacher was bumped by the driver.
875,nouns_contact,sensible,contact,past,bump,teacher,ball,animate,inanimate,The teacher bumped the ball.,The ball was bumped by the teacher.,The ball bumped the teacher.,The teacher was bumped by the ball.
876,nouns_contact,sensible,contact,past,bump,teacher,rock,animate,inanimate,The teacher bumped the rock.,The rock was bumped by the teacher.,The rock bumped the teacher.,The teacher was bumped by the rock.
877,nouns_contact,sensible,contact,past,bump,teacher,box,animate,inanimate,The teacher bumped the box.,The box was bumped by the teacher.,The box bumped the teacher.,The teacher was bumped by the box.
878,nouns_contact,sensible,contact,past,bump,teacher,car,animate,inanimate,The teacher bumped the car.,The car was bumped by the teacher.,The car bumped the teacher.,The teacher was bumped by the car.
879,nouns_contact,sensible,contact,past,bump,teacher,door,animate,inanimate,The teacher bumped the door.,The door was bumped by the teacher.,The door bumped the teacher.,The teacher was bumped by the door.
880,nouns_contact,sensible,contact,past,bump,teacher,branch,animate,inanimate,The teacher bumped the branch.,The branch was bumped by the teacher.,The branch bumped the teacher.,The teacher was bumped by the branch.
881,nouns_contact,sensible,contact,past,bump,doctor,farmer,animate,animate,The doctor bumped the farmer.,The farmer was bumped by the doctor.,The farmer bumped the doctor.,The doctor was bumped by the farmer.
882,nouns_contact,sensible,contact,past,bump,doctor,pilot,animate,animate,The doctor bumped the pilot.,The pilot was bumped by the doctor.,The pilot bumped the doctor.,The doctor was bumped by the pilot.
883,nouns_contact,sensible,contact,past,bump,doctor,chef,animate,animate,The doctor bumped the chef.,The chef was bumped by the doctor.,The chef bumped the doctor.,The doctor was bumped by the chef.
884,nouns_contact,sensible,contact,past,bump,doctor,driver,animate,animate,The doctor bumped the driver.,The driver was bumped by the doctor.,The driver bumped the doctor.,The doctor was bumped by the driver.
885,nouns_contact,sensible,contact,past,bump,doctor,ball,animate,inanimate,The doctor bumped the ball.,The ball was bumped by the doctor.,The ball bumped the doctor.,The doctor was bumped by the ball.
886,nouns_contact,sensible,contact,past,bump,doctor,rock,animate,inanimate,The doctor bumped the rock.,The rock was bumped by the doctor.,The rock bumped the doctor.,The doctor was bumped by the rock.
887,nouns_contact,sensible,contact,past,bump,doctor,box,animate,inanimate,The doctor bumped the box.,The box was bumped by the doctor.,The box bumped the doctor.,The doctor was bumped by the box.
888,nouns_contact,sensible,contact,past,bump,doctor,car,animate,inanimate,The doctor bumped the car.,The car was bumped by the doctor.,The car bumped the doctor.,The doctor was bumped by the car.
889,nouns_contact,sensible,contact,past,bump,doctor,door,animate,inanimate,The doctor bumped the door.,The door was bumped by the doctor.,The door bumped the doctor.,The doctor was bumped by the door.
890,nouns_contact,sensible,contact,past,bump,doctor,branch,animate,inanimate,The doctor bumped the branch.,The branch was bumped by the doctor.,The branch bumped the doctor.,The doctor was bumped by the branch.
891,nouns_contact,sensible,contact,past,bump,farmer,pilot,animate,animate,The farmer bumped the pilot.,The pilot was bumped by the farmer.,The pilot bumped the farmer.,The farmer was bumped by the pilot.
892,nouns_contact,sensible,contact,past,bump,farmer,chef,animate,animate,The farmer bumped the chef.,The chef was bumped by the farmer.,The chef bumped the farmer.,The farmer was bumped by the chef.
893,nouns_contact,sensible,contact,past,bump,farmer,driver,animate,animate,The farmer bumped the driver.,The driver was bumped by the farmer.,The driver bumped the farmer.,The farmer was bumped by the driver.
894,nouns_contact,sensible,contact,past,bump,farmer,ball,animate,inanimate,The farmer bumped the ball.,The ball was bumped by the farmer.,The ball bumped the farmer.,The farmer was bumped by the ball.
895,nouns_contact,sensible,contact,past,bump,farmer,rock,animate,inanimate,The farmer bumped the rock.,The rock was bumped by the farmer.,The rock bumped the farmer.,The farmer was bumped by the rock.
896,nouns_contact,sensible,contact,past,bump,farmer,box,animate,inanimate,The farmer bumped the box.,The box was bumped by the farmer.,The box bumped the farmer.,The farmer was bumped by the box.
897,nouns_contact,sensible,contact,past,bump,farmer,car,animate,inanimate,The farmer bumped the car.,The car was bumped by the farmer.,The car bumped the farmer.,The farmer was bumped by the car.
898,nouns_contact,sensible,contact,past,bump,farmer,door,animate,inanimate,The farmer bumped the door.,The door was bumped by the farmer.,The door bumped the farmer.,The farmer was bumped by the door.
899,nouns_contact,sensible,contact,past,bump,farmer,branch,animate,inanimate,The farmer bumped the branch.,The branch was bumped by the farmer.,The branch bumped the farmer.,The farmer was bumped by the branch.
900,nouns_contact,sensible,contact,past,bump,pilot,chef,animate,animate,The pilot bumped the chef.,The chef was bumped by the pilot.,The chef bumped the pilot.,The pilot was bumped by the chef.
901,nouns_contact,sensible,contact,past,bump,pilot,driver,animate,animate,The pilot bumped the driver.,The driver was bumped by the pilot.,The driver bumped the pilot.,The pilot was bumped by the driver.
902,nouns_contact,sensible,contact,past,bump,pilot,ball,animate,inanimate,The pilot bumped the ball.,The ball was bumped by the pilot.,The ball bumped the pilot.,The pilot was bumped by the ball.
903,nouns_contact,sensible,contact,past,bump,pilot,rock,animate,inanimate,The pilot bumped the rock.,The rock was bumped by the pilot.,The rock bumped the pilot.,The pilot was bumped by the rock.
904,nouns_contact,sensible,contact,past,bump,pilot,box,animate,inanimate,The pilot bumped the box.,The box was bumped by the pilot.,The box bumped the pilot.,The pilot was bumped by the box.
905,nouns_contact,sensible,contact,past,bump,pilot,car,animate,inanimate,The pilot bumped the car.,The car was bumped by the pilot.,The car bumped the pilot.,The pilot was bumped by the car.
906,nouns_contact,sensible,contact,past,bump,pilot,door,animate,inanimate,The pilot bumped the door.,The door was bumped by the pilot.,The door bumped the pilot.,The pilot was bumped by the door.
907,nouns_contact,sensible,contact,past,bump,pilot,branch,animate,inanimate,The pilot bumped the branch.,The branch was bumped by the pilot.,The branch bumped the pilot.,The pilot was bumped by the branch.
908,nouns_contact,sensible,contact,past,bump,chef,driver,animate,animate,The chef bumped the driver.,The driver was bumped by the chef.,The driver bumped the chef.,The chef was bumped by the driver.
909,nouns_contact,sensible,contact,past,bump,chef,ball,animate,inanimate,The chef bumped the ball.,The ball was bumped by the chef.,The ball bumped the chef.,The chef was bumped by the ball.
910,nouns_contact,sensible,contact,past,bump,chef,rock,animate,inanimate,The chef bumped the rock.,The rock was bumped by the chef.,The rock bumped the chef.,The chef was bumped by the rock.
911,nouns_contact,sensible,contact,past,bump,chef,box,animate,inanimate,The chef bumped the box.,The box was bumped by the chef.,The box bumped the chef.,The chef was bumped by the box.
912,nouns_contact,sensible,contact,past,bump,chef,car,animate,inanimate,The chef bumped the car.,The car was bumped by the chef.,The car bumped the chef.,The chef was bumped by the car.
913,nouns_contact,sensible,contact,past,bump,chef,door,animate,inanimate,The chef bumped the door.,The door was bumped by the chef.,The door bumped the chef.,The chef was bumped by the door.
914,nouns_contact,sensible,contact,past,bump,chef,branch,animate,inanimate,The chef bumped the branch.,The branch was bumped by the chef.,The branch bumped the chef.,The chef was bumped by the branch.
915,nouns_contact,sensible,contact,past,bump,driver,ball,animate,inanimate,The driver bumped the ball.,The ball was bumped by the driver.,The ball bumped the driver.,The driver was bumped by the ball.
916,nouns_contact,sensible,contact,past,bump,driver,rock,animate,inanimate,The driver bumped the rock.,The rock was bumped by the driver.,The rock bumped the driver.,The driver was bumped by the rock.
917,nouns_contact,sensible,contact,past,bump,driver,box,animate,inanimate,The driver bumped the box.,The box was bumped by the driver.,The box bumped the driver.,The driver was bumped by the box.
918,nouns_contact,sensible,contact,past,bump,driver,car,animate,inanimate,The driver bumped the car.,The car was bumped by the driver.,The car bumped the driver.,The driver was bumped by the car.
919,nouns_contact,sensible,contact,past,bump,driver,door,animate,inanimate,The driver bumped the door.,The door was bumped by the driver.,The door bumped the driver.,The driver was bumped by the door.
920,nouns_contact,sensible,contact,past,bump,driver,branch,animate,inanimate,The driver bumped the branch.,The branch was bumped by the driver.,The branch bumped the driver.,The driver was bumped by the branch.
921,nouns_contact,sensible,contact,past,bump,ball,rock,inanimate,inanimate,The ball bumped the rock.,The rock was bumped by the ball.,The rock bumped the ball.,The ball was bumped by the rock.
922,nouns_contact,sensible,contact,past,bump,ball,box,inanimate,inanimate,The ball bumped the box.,The box was bumped by the ball.,The box bumped the ball.,The ball was bumped by the box.
923,nouns_contact,sensible,contact,past,bump,ball,car,inanimate,inanimate,The ball bumped the car.,The car was bumped by the ball.,The car bumped the ball.,The ball was bumped by the car.
924,nouns_contact,sensible,contact,past,bump,ball,door,inanimate,inanimate,The ball bumped the door.,The door was bumped by the ball.,The door bumped the ball.,The ball was bumped by the door.
925,nouns_contact,sensible,contact,past,bump,ball,branch,inanimate,inanimate,The ball bumped the branch.,The branch was bumped by the ball.,The branch bumped the ball.,The ball was bumped by the branch.
926,nouns_contact,sensible,contact,past,bump,rock,box,inanimate,inanimate,The rock bumped the box.,The box was bumped by the rock.,The box bumped the rock.,The rock was bumped by the box.
927,nouns_contact,sensible,contact,past,bump,rock,car,inanimate,inanimate,The rock bumped the car.,The car was bumped by the rock.,The car bumped the rock.,The rock was bumped by the car.
928,nouns_contact,sensible,contact,past,bump,rock,door,inanimate,inanimate,The rock bumped the door.,The door was bumped by the rock.,The door bumped the rock.,The rock was bumped by the door.
929,nouns_contact,sensible,contact,past,bump,rock,branch,inanimate,inanimate,The rock bumped the branch.,The branch was bumped by the rock.,The branch bumped the rock.,The rock was bumped by the branch.
930,nouns_contact,sensible,contact,past,bump,box,car,inanimate,inanimate,The box bumped the car.,The car was bumped by the box.,The car bumped the box.,The box was bumped by the car.
931,nouns_contact,sensible,contact,past,bump,box,door,inanimate,inanimate,The box bumped the door.,The door was bumped by the box.,The door bumped the box.,The box was bumped by the door.
932,nouns_contact,sensible,contact,past,bump,box,branch,inanimate,inanimate,The box bumped the branch.,The branch was bumped by the box.,The branch bumped the box.,The box was bumped by the branch.
933,nouns_contact,sensible,contact,past,bump,car,door,inanimate,inanimate,The car bumped the door.,The door was bumped by the car.,The door bumped the car.,The car was bumped by the door.
934,nouns_contact,sensible,contact,past,bump,car,branch,inanimate,inanimate,The car bumped the branch.,The branch was bumped by the car.,The branch bumped the car.,The car was bumped by the branch.
935,nouns_contact,sensible,contact,past,bump,door,branch,inanimate,inanimate,The door bumped the branch.,The branch was bumped by the door.,The branch bumped the door.,The door was bumped by the branch.
936,nouns_contact,sensible,contact,past,scratch,teacher,doctor,animate,animate,The teacher scratched the doctor.,The doctor was scratched by the teacher.,The doctor scratched the teacher.,The teacher was scratched by the doctor.
937,nouns_contact,sensible,contact,past,scratch,teacher,farmer,animate,animate,The teacher scratched the farmer.,The farmer was scratched by the teacher.,The farmer scratched the teacher.,The teacher was scratched by the farmer.
938,nouns_contact,sensible,contact,past,scratch,teacher,pilot,animate,animate,The teacher scratched the pilot.,The pilot was scratched by the teacher.,The pilot scratched the teacher.,The teacher was scratched by the pilot.
939,nouns_contact,sensible,contact,past,scratch,teacher,chef,animate,animate,The teacher scratched the chef.,The chef was scratched by the teacher.,The chef scratched the teacher.,The teacher was scratched by the chef.
940,nouns_contact,sensible,contact,past,scratch,teacher,driver,animate,animate,The teacher scratched the driver.,The driver was scratched by the teacher.,The driver scratched the teacher.,The teacher was scratched by the driver.
941,nouns_contact,sensible,contact,past,scratch,teacher,ball,animate,inanimate,The teacher scratched the ball.,The ball was scratched by the teacher.,The ball scratched the teacher.,The teacher was scratched by the ball.
942,nouns_contact,sensible,contact,past,scratch,teacher,rock,animate,inanimate,The teacher scratched the rock.,The rock was scratched by the teacher.,The rock scratched the teacher.,The teacher was scratched by the rock.
943,nouns_contact,sensible,contact,past,scratch,teacher,box,animate,inanimate,The teacher scratched the box.,The box was scratched by the teacher.,The box scratched the teacher.,The teacher was scratched by the box.
944,nouns_contact,sensible,contact,past,scratch,teacher,car,animate,inanimate,The teacher scratched the car.,The car was scratched by the teacher.,The car scratched the teacher.,The teacher was scratched by the car.
945,nouns_contact,sensible,contact,past,scratch,teacher,door,animate,inanimate,The teacher scratched the door.,The door was scratched by the teacher.,The door scratched the teacher.,The teacher was scratched by the door.
946,nouns_contact,sensible,contact,past,scratch,teacher,branch,animate,inanimate,The teacher scratched the branch.,The branch was scratched by the teacher.,The branch scratched the teacher.,The teacher was scratched by the branch.
947,nouns_contact,sensible,contact,past,scratch,doctor,farmer,animate,animate,The doctor scratched the farmer.,The farmer was scratched by the doctor.,The farmer scratched the doctor.,The doctor was scratched by the farmer.
948,nouns_contact,sensible,contact,past,scratch,doctor,pilot,animate,animate,The doctor scratched the pilot.,The pilot was scratched by the doctor.,The pilot scratched the doctor.,The doctor was scratched by the pilot.
949,nouns_contact,sensible,contact,past,scratch,doctor,chef,animate,animate,The doctor scratched the chef.,The chef was scratched by the doctor.,The chef scratched the doctor.,The doctor was scratched by the chef.
950,nouns_contact,sensible,contact,past,scratch,doctor,driver,animate,animate,The doctor scratched the driver.,The driver was scratched by the doctor.,The driver scratched the doctor.,The doctor was scratched by the driver.
951,nouns_contact,sensible,contact,past,scratch,doctor,ball,animate,inanimate,The doctor scratched the ball.,The ball was scratched by the doctor.,The ball scratched the doctor.,The doctor was scratched by the ball.
952,nouns_contact,sensible,contact,past,scratch,doctor,rock,animate,inanimate,The doctor scratched the rock.,The rock was scratched by the doctor.,The rock scratched the doctor.,The doctor was scratched by the rock.
953,nouns_contact,sensible,contact,past,scratch,doctor,box,animate,inanimate,The doctor scratched the box.,The box was scratched by the doctor.,The box scratched the doctor.,The doctor was scratched by the box.
954,nouns_contact,sensible,contact,past,scratch,doctor,car,animate,inanimate,The doctor scratched the car.,The car was scratched by the doctor.,The car scratched the doctor.,The doctor was scratched by the car.
955,nouns_contact,sensible,contact,past,scratch,doctor,door,animate,inanimate,The doctor scratched the door.,The door was scratched by the doctor.,The door scratched the doctor.,The doctor was scratched by the door.
956,nouns_contact,sensible,contact,past,scratch,doctor,branch,animate,inanimate,The doctor scratched the branch.,The branch was scratched by the doctor.,The branch scratched the doctor.,The doctor was scratched by the branch.
957,nouns_contact,sensible,contact,past,scratch,farmer,pilot,animate,animate,The farmer scratched the pilot.,The pilot was scratched by the farmer.,The pilot scratched the farmer.,The farmer was scratched by the pilot.
958,nouns_contact,sensible,contact,past,scratch,farmer,chef,animate,animate,The farmer scratched the chef.,The chef was scratched by the farmer.,The chef scratched the farmer.,The farmer was scratched by the chef.
959,nouns_contact,sensible,contact,past,scratch,farmer,driver,animate,animate,The farmer scratched the driver.,The driver was scratched by the farmer.,The driver scratched the farmer.,The farmer was scratched by the driver.
960,nouns_contact,sensible,contact,past,scratch,farmer,ball,animate,inanimate,The farmer scratched the ball.,The ball was scratched by the farmer.,The ball scratched the farmer.,The farmer was scratched by the ball.
961,nouns_contact,sensible,contact,past,scratch,farmer,rock,animate,inanimate,The farmer scratched the rock.,The rock was scratched by the farmer.,The rock scratched the farmer.,The farmer was scratched by the rock.
962,nouns_contact,sensible,contact,past,scratch,farmer,box,animate,inanimate,The farmer scratched the box.,The box was scratched by the farmer.,The box scratched the farmer.,The farmer was scratched by the box.
963,nouns_contact,sensible,contact,past,scratch,farmer,car,animate,inanimate,The farmer scratched the car.,The car was scratched by the farmer.,The car scratched the farmer.,The farmer was scratched by the car.
964,nouns_contact,sensible,contact,past,scratch,farmer,door,animate,inanimate,The farmer scratched the door.,The door was scratched by the farmer.,The door scratched the farmer.,The farmer was scratched by the door.
965,nouns_contact,sensible,contact,past,scratch,farmer,branch,animate,inanimate,The farmer scratched the branch.,The branch was scratched by the farmer.,The branch scratched the farmer.,The farmer was scratched by the branch.
966,nouns_contact,sensible,contact,past,scratch,pilot,chef,animate,animate,The pilot scratched the chef.,The chef was scratched by the pilot.,The chef scratched the pilot.,The pilot was scratched by the chef.
967,nouns_contact,sensible,contact,past,scratch,pilot,driver,animate,animate,The pilot scratched the driver.,The driver was scratched by the pilot.,The driver scratched the pilot.,The pilot was scratched by the driver.
968,nouns_contact,sensible,contact,past,scratch,pilot,ball,animate,inanimate,The pilot scratched the ball.,The ball was scratched by the pilot.,The ball scratched the pilot.,The pilot was scratched by the ball.
969,nouns_contact,sensible,contact,past,scratch,pilot,rock,animate,inanimate,The pilot scratched the rock.,The rock was scratched by the pilot.,The rock scratched the pilot.,The pilot was scratched by the rock.
970,nouns_contact,sensible,contact,past,scratch,pilot,box,animate,inanimate,The pilot scratched the box.,The box was scratched by the pilot.,The box scratched the pilot.,The pilot was scratched by the box.
971,nouns_contact,sensible,contact,past,scratch,pilot,car,animate,inanimate,The pilot scratched the car.,The car was scratched by the pilot.,The car scratched the pilot.,The pilot was scratched by the car.
972,nouns_contact,sensible,contact,past,scratch,pilot,door,animate,inanimate,The pilot scratched the door.,The door was scratched by the pilot.,The door scratched the pilot.,The pilot was scratched by the door.
973,nouns_contact,sensible,contact,past,scratch,pilot,branch,animate,inanimate,The pilot scratched the branch.,The branch was scratched by the pilot.,The branch scratched the pilot.,The pilot was scratched by the branch.
974,nouns_contact,sensible,contact,past,scratch,chef,driver,animate,animate,The chef scratched the driver.,The driver was scratched by the chef.,The driver scratched the chef.,The chef was scratched by the driver.
975,nouns_contact,sensible,contact,past,scratch,chef,ball,animate,inanimate,The chef scratched the ball.,The ball was scratched by the chef.,The ball scratched the chef.,The chef was scratched by the ball.
976,nouns_contact,sensible,contact,past,scratch,chef,rock,animate,inanimate,The chef scratched the rock.,The rock was scratched by the chef.,The rock scratched the chef.,The chef was scratched by the rock.
977,nouns_contact,sensible,contact,past,scratch,chef,box,animate,inanimate,The chef scratched the box.,The box was scratched by the chef.,The box scratched the chef.,The chef was scratched by the box.
978,nouns_contact,sensible,contact,past,scratch,chef,car,animate,inanimate,The chef scratched the car.,The car was scratched by the chef.,The car scratched the chef.,The chef was scratched by the car.
979,nouns_contact,sensible,contact,past,scratch,chef,door,animate,inanimate,The chef scratched the door.,The door was scratched by the chef.,The door scratched the chef.,The chef was scratched by the door.
980,nouns_contact,sensible,contact,past,scratch,chef,branch,animate,inanimate,The chef scratched the branch.,The branch was scratched by the chef.,The branch scratched the chef.,The chef was scratched by the branch.
981,nouns_contact,sensible,contact,past,scratch,driver,ball,animate,inanimate,The driver scratched the ball.,The ball was scratched by the driver.,The ball scratched the driver.,The driver was scratched by the ball.
982,nouns_contact,sensible,contact,past,scratch,driver,rock,animate,inanimate,The driver scratched the rock.,The rock was scratched by the driver.,The rock scratched the driver.,The driver was scratched by the rock.
983,nouns_contact,sensible,contact,past,scratch,driver,box,animate,inanimate,The driver scratched the box.,The box was scratched by the driver.,The box scratched the driver.,The driver was scratched by the box.
984,nouns_contact,sensible,contact,past,scratch,driver,car,animate,inanimate,The driver scratched the car.,The car was scratched by the driver.,The car scratched the driver.,The driver was scratched by the car.
985,nouns_contact,sensible,contact,past,scratch,driver,door,animate,inanimate,The driver scratched the door.,The door was scratched by the driver.,The door scratched the driver.,The driver was scratched by the door.
986,nouns_contact,sensible,contact,past,scratch,driver,branch,animate,inanimate,The driver scratched the branch.,The branch was scratched by the driver.,The branch scratched the driver.,The driver was scratched by the branch.
987,nouns_contact,sensible,contact,past,scratch,ball,rock,inanimate,inanimate,The ball scratched the rock.,The rock was scratched by the ball.,The rock scratched the ball.,The ball was scratched by the rock.
988,nouns_contact,sensible,contact,past,scratch,ball,box,inanimate,inanimate,The ball scratched the box.,The box was scratched by the ball.,The box scratched the ball.,The ball was scratched by the box.
989,nouns_contact,sensible,contact,past,scratch,ball,car,inanimate,inanimate,The ball scratched the car.,The car was scratched by the ball.,The car scratched the ball.,The ball was scratched by the car.
990,nouns_contact,sensible,contact,past,scratch,ball,door,inanimate,inanimate,The ball scratched the door.,The door was scratched by the ball.,The door scratched the ball.,The ball was scratched by the door.
991,nouns_contact,sensible,contact,past,scratch,ball,branch,inanimate,inanimate,The ball scratched the branch.,The branch was scratched by the ball.,The branch scratched the ball.,The ball was scratched by the branch.
992,nouns_contact,sensible,contact,past,scratch,rock,box,inanimate,inanimate,The rock scratched the box.,The box was scratched by the rock.,The box scratched the rock.,The rock was scratched by the box.
993,nouns_contact,sensible,contact,past,scratch,rock,car,inanimate,inanimate,The rock scratched the car.,The car was scratched by the rock.,The car scratched the rock.,The rock was scratched by the car.
994,nouns_contact,sensible,contact,past,scratch,rock,door,inanimate,inanimate,The rock scratched the door.,The door was scratched by the rock.,The door scratched the rock.,The rock was scratched by the door.
995,nouns_contact,sensible,contact,past,scratch,rock,branch,inanimate,inanimate,The rock scratched the branch.,The branch was scratched by the rock.,The branch scratched the rock.,The rock was scratched by the branch.
996,nouns_contact,sensible,contact,past,scratch,box,car,inanimate,inanimate,The box scratched the car.,The car was scratched by the box.,The car scratched the box.,The box was scratched by the car.
997,nouns_contact,sensible,contact,past,scratch,box,door,inanimate,inanimate,The box scratched the door.,The door was scratched by the box.,The door scratched the box.,The box was scratched by the door.
998,nouns_contact,sensible,contact,past,scratch,box,branch,inanimate,inanimate,The box scratched the branch.,The branch was scratched by the box.,The branch scratched the box.,The box was scratched by the branch.
999,nouns_contact,sensible,contact,past,scratch,car,door,inanimate,inanimate,The car scratched the door.,The door was scratched by the car.,The door scratched the car.,The car was scratched by the door.
1000,nouns_contact,sensible,contact,past,scratch,car,branch,inanimate,inanimate,The car scratched the branch.,The branch was scratched by the car.,The branch scratched the car.,The car was scratched by the branch.
1001,nouns_contact,sensible,contact,past,scratch,door,branch,inanimate,inanimate,The door scratched the branch.,The branch was scratched by the door.,The branch scratched the door.,The door was scratched by the branch.
1002,nouns_contact,sensible,contact,past,brush,teacher,doctor,animate,animate,The teacher brushed the doctor.,The doctor was brushed by the teacher.,The doctor brushed the teacher.,The teacher was brushed by the doctor.
1003,nouns_contact,sensible,contact,past,brush,teacher,farmer,animate,animate,The teacher brushed the farmer.,The farmer was brushed by the teacher.,The farmer brushed the teacher.,The teacher was brushed by the farmer.
1004,nouns_contact,sensible,contact,past,brush,teacher,pilot,animate,animate,The teacher brushed the pilot.,The pilot was brushed by the teacher.,The pilot brushed the teacher.,The teacher was brushed by the pilot.
1005,nouns_contact,sensible,contact,past,brush,teacher,chef,animate,animate,The teacher brushed the chef.,The chef was brushed by the teacher.,The chef brushed the teacher.,The teacher was brushed by the chef.
1006,nouns_contact,sensible,contact,past,brush,teacher,driver,animate,animate,The teacher brushed the driver.,The driver was brushed by the teacher.,The driver brushed the teacher.,The teacher was brushed by the driver.
1007,nouns_contact,sensible,contact,past,brush,teacher,ball,animate,inanimate,The teacher brushed the ball.,The ball was brushed by the teacher.,The ball brushed the teacher.,The teacher was brushed by the ball.
1008,nouns_contact,sensible,contact,past,brush,teacher,rock,animate,inanimate,The teacher brushed the rock.,The rock was brushed by the teacher.,The rock brushed the teacher.,The teacher was brushed by the rock.
1009,nouns_contact,sensible,contact,past,brush,teacher,box,animate,inanimate,The teacher brushed the box.,The box was brushed by the teacher.,The box brushed the teacher.,The teacher was brushed by the box.
1010,nouns_contact,sensible,contact,past,brush,teacher,car,animate,inanimate,The teacher brushed the car.,The car was brushed by the teacher.,The car brushed the teacher.,The teacher was brushed by the car.
1011,nouns_contact,sensible,contact,past,brush,teacher,door,animate,inanimate,The teacher brushed the door.,The door was brushed by the teacher.,The door brushed the teacher.,The teacher was brushed by the door.
1012,nouns_contact,sensible,contact,past,brush,teacher,branch,animate,inanimate,The teacher brushed the branch.,The branch was brushed by the teacher.,The branch brushed the teacher.,The teacher was brushed by the branch.
1013,nouns_contact,sensible,contact,past,brush,doctor,farmer,animate,animate,The doctor brushed the farmer.,The farmer was brushed by the doctor.,The farmer brushed the doctor.,The doctor was brushed by the farmer.
1014,nouns_contact,sensible,contact,past,brush,doctor,pilot,animate,animate,The doctor brushed the pilot.,The pilot was brushed by the doctor.,The pilot brushed the doctor.,The doctor was brushed by the pilot.
1015,nouns_contact,sensible,contact,past,brush,doctor,chef,animate,animate,The doctor brushed the chef.,The chef was brushed by the doctor.,The chef brushed the doctor.,The doctor was brushed by the chef.
1016,nouns_contact,sensible,contact,past,brush,doctor,driver,animate,animate,The doctor brushed the driver.,The driver was brushed by the doctor.,The driver brushed the doctor.,The doctor was brushed by the driver.
1017,nouns_contact,sensible,contact,past,brush,doctor,ball,animate,inanimate,The doctor brushed the ball.,The ball was brushed by the doctor.,The ball brushed the doctor.,The doctor was brushed by the ball.
1018,nouns_contact,sensible,contact,past,brush,doctor,rock,animate,inanimate,The doctor brushed the rock.,The rock was brushed by the doctor.,The rock brushed the doctor.,The doctor was brushed by the rock.
1019,nouns_contact,sensible,contact,past,brush,doctor,box,animate,inanimate,The doctor brushed the box.,The box was brushed by the doctor.,The box brushed the doctor.,The doctor was brushed by the box.
1020,nouns_contact,sensible,contact,past,brush,doctor,car,animate,inanimate,The doctor brushed the car.,The car was brushed by the doctor.,The car brushed the doctor.,The doctor was brushed by the car.
1021,nouns_contact,sensible,contact,past,brush,doctor,door,animate,inanimate,The doctor brushed the door.,The door was brushed by the doctor.,The door brushed the doctor.,The doctor was brushed by the door.
1022,nouns_contact,sensible,contact,past,brush,doctor,branch,animate,inanimate,The doctor brushed the branch.,The branch was brushed by the doctor.,The branch brushed the doctor.,The doctor was brushed by the branch.
1023,nouns_contact,sensible,contact,past,brush,farmer,pilot,animate,animate,The farmer brushed the pilot.,The pilot was brushed by the farmer.,The pilot brushed the farmer.,The farmer was brushed by the pilot.
1024,nouns_contact,sensible,contact,past,brush,farmer,chef,animate,animate,The farmer brushed the chef.,The chef was brushed by the farmer.,The chef brushed the farmer.,The farmer was brushed by the chef.
1025,nouns_contact,sensible,contact,past,brush,farmer,driver,animate,animate,The farmer brushed the driver.,The driver was brushed by the farmer.,The driver brushed the farmer.,The farmer was brushed by the driver.
1026,nouns_contact,sensible,contact,past,brush,farmer,ball,animate,inanimate,The farmer brushed the ball.,The ball was brushed by the farmer.,The ball brushed the farmer.,The farmer was brushed by the ball.
1027,nouns_contact,sensible,contact,past,brush,farmer,rock,animate,inanimate,The farmer brushed the rock.,The rock was brushed by the farmer.,The rock brushed the farmer.,The farmer was brushed by the rock.
1028,nouns_contact,sensible,contact,past,brush,farmer,box,animate,inanimate,The farmer brushed the box.,The box was brushed by the farmer.,The box brushed the farmer.,The farmer was brushed by the box.
1029,nouns_contact,sensible,contact,past,brush,farmer,car,animate,inanimate,The farmer brushed the car.,The car was brushed by the farmer.,The car brushed the farmer.,The farmer was brushed by the car.
1030,nouns_contact,sensible,contact,past,brush,farmer,door,animate,inanimate,The farmer brushed the door.,The door was brushed by the farmer.,The door brushed the farmer.,The farmer was brushed by the door.
1031,nouns_contact,sensible,contact,past,brush,farmer,branch,animate,inanimate,The farmer brushed the branch.,The branch was brushed by the farmer.,The branch brushed the farmer.,The farmer was brushed by the branch.
1032,nouns_contact,sensible,contact,past,brush,pilot,chef,animate,animate,The pilot brushed the chef.,The chef was brushed by the pilot.,The chef brushed the pilot.,The pilot was brushed by the chef.
1033,nouns_contact,sensible,contact,past,brush,pilot,driver,animate,animate,The pilot brushed the driver.,The driver was brushed by the pilot.,The driver brushed the pilot.,The pilot was brushed by the driver.
1034,nouns_contact,sensible,contact,past,brush,pilot,ball,animate,inanimate,The pilot brushed the ball.,The ball was brushed by the pilot.,The ball brushed the pilot.,The pilot was brushed by the ball.
1035,nouns_contact,sensible,contact,past,brush,pilot,rock,animate,inanimate,The pilot brushed the rock.,The rock was brushed by the pilot.,The rock brushed the pilot.,The pilot was brushed by the rock.
1036,nouns_contact,sensible,contact,past,brush,pilot,box,animate,inanimate,The pilot brushed the box.,The box was brushed by the pilot.,The box brushed the pilot.,The pilot was brushed by the box.
1037,nouns_contact,sensible,contact,past,brush,pilot,car,animate,inanimate,The pilot brushed the car.,The car was brushed by the pilot.,The car brushed the pilot.,The pilot was brushed by the car.
1038,nouns_contact,sensible,contact,past,brush,pilot,door,animate,inanimate,The pilot brushed the door.,The door was brushed by the pilot.,The door brushed the pilot.,The pilot was brushed by the door.
1039,nouns_contact,sensible,contact,past,brush,pilot,branch,animate,inanimate,The pilot brushed the branch.,The branch was brushed by the pilot.,The branch brushed the pilot.,The pilot was brushed by the branch.
1040,nouns_contact,sensible,contact,past,brush,chef,driver,animate,animate,The chef brushed the driver.,The driver was brushed by the chef.,The driver brushed the chef.,The chef was brushed by the driver.
1041,nouns_contact,sensible,contact,past,brush,chef,ball,animate,inanimate,The chef brushed the ball.,The ball was brushed by the chef.,The ball brushed the chef.,The chef was brushed by the ball.
1042,nouns_contact,sensible,contact,past,brush,chef,rock,animate,inanimate,The chef brushed the rock.,The rock was brushed by the chef.,The rock brushed the chef.,The chef was brushed by the rock.
1043,nouns_contact,sensible,contact,past,brush,chef,box,animate,inanimate,The chef brushed the box.,The box was brushed by the chef.,The box brushed the chef.,The chef was brushed by the box.
1044,nouns_contact,sensible,contact,past,brush,chef,car,animate,inanimate,The chef brushed the car.,The car was brushed by the chef.,The car brushed the chef.,The chef was brushed by the car.
1045,nouns_contact,sensible,contact,past,brush,chef,door,animate,inanimate,The chef brushed the door.,The door was brushed by the chef.,The door brushed the chef.,The chef was brushed by the door.
1046,nouns_contact,sensible,contact,past,brush,chef,branch,animate,inanimate,The chef brushed the branch.,The branch was brushed by the chef.,The branch brushed the chef.,The chef was brushed by the branch.
1047,nouns_contact,sensible,contact,past,brush,driver,ball,animate,inanimate,The driver brushed the ball.,The ball was brushed by the driver.,The ball brushed the driver.,The driver was brushed by the ball.
1048,nouns_contact,sensible,contact,past,brush,driver,rock,animate,inanimate,The driver brushed the rock.,The rock was brushed by the driver.,The rock brushed the driver.,The driver was brushed by the rock.
1049,nouns_contact,sensible,contact,past,brush,driver,box,animate,inanimate,The driver brushed the box.,The box was brushed by the driver.,The box brushed the driver.,The driver was brushed by the box.
1050,nouns_contact,sensible,contact,past,brush,driver,car,animate,inanimate,The driver brushed the car.,The car was brushed by the driver.,The car brushed the driver.,The driver was brushed by the car.
1051,nouns_contact,sensible,contact,past,brush,driver,door,animate,inanimate,The driver brushed the door.,The door was brushed by the driver.,The door brushed the driver.,The driver was brushed by the door.
1052,nouns_contact,sensible,contact,past,brush,driver,branch,animate,inanimate,The driver brushed the branch.,The branch was brushed by the driver.,The branch brushed the driver.,The driver was brushed by the branch.
1053,nouns_contact,sensible,contact,past,brush,ball,rock,inanimate,inanimate,The ball brushed the rock.,The rock was brushed by the ball.,The rock brushed the ball.,The ball was brushed by the rock.
1054,nouns_contact,sensible,contact,past,brush,ball,box,inanimate,inanimate,The ball brushed the box.,The box was brushed by the ball.,The box brushed the ball.,The ball was brushed by the box.
1055,nouns_contact,sensible,contact,past,brush,ball,car,inanimate,inanimate,The ball brushed the car.,The car was brushed by the ball.,The car brushed the ball.,The ball was brushed by the car.
1056,nouns_contact,sensible,contact,past,brush,ball,door,inanimate,inanimate,The ball brushed the door.,The door was brushed by the ball.,The door brushed the ball.,The ball was brushed by the door.
1057,nouns_contact,sensible,contact,past,brush,ball,branch,inanimate,inanimate,The ball brushed the branch.,The branch was brushed by the ball.,The branch brushed the ball.,The ball was brushed by the branch.
1058,nouns_contact,sensible,contact,past,brush,rock,box,inanimate,inanimate,The rock brushed the box.,The box was brushed by the rock.,The box brushed the rock.,The rock was brushed by the box.
1059,nouns_contact,sensible,contact,past,brush,rock,car,inanimate,inanimate,The rock brushed the car.,The car was brushed by the rock.,The car brushed the rock.,The rock was brushed by the car.
1060,nouns_contact,sensible,contact,past,brush,rock,door,inanimate,inanimate,The rock brushed the door.,The door was brushed by the rock.,The door brushed the rock.,The rock was brushed by the door.
1061,nouns_contact,sensible,contact,past,brush,rock,branch,inanimate,inanimate,The rock brushed the branch.,The branch was brushed by the rock.,The branch brushed the rock.,The rock was brushed by the branch.
1062,nouns_contact,sensible,contact,past,brush,box,car,inanimate,inanimate,The box brushed the car.,The car was brushed by the box.,The car brushed the box.,The box was brushed by the car.
1063,nouns_contact,sensible,contact,past,brush,box,door,inanimate,inanimate,The box brushed the door.,The door was brushed by the box.,The door brushed the box.,The box was brushed by the door.
1064,nouns_contact,sensible,contact,past,brush,box,branch,inanimate,inanimate,The box brushed the branch.,The branch was brushed by the box.,The branch brushed the box.,The box was brushed by the branch.
1065,nouns_contact,sensible,contact,past,brush,car,door,inanimate,inanimate,The car brushed the door.,The door was brushed by the car.,The door brushed the car.,The car was brushed by the door.
1066,nouns_contact,sensible,contact,past,brush,car,branch,inanimate,inanimate,The car brushed the branch.,The branch was brushed by the car.,The branch brushed the car.,The car was brushed by the branch.
1067,nouns_contact,sensible,contact,past,brush,door,branch,inanimate,inanimate,The door brushed the branch.,The branch was brushed by the door.,The branch brushed the door.,The door was brushed by the branch.
1068,mixed_contact,sensible,contact,past,hit,Mary,teacher,animate,animate,Mary hit the teacher.,The teacher was hit by Mary.,The teacher hit Mary.,Mary was hit by the teacher.
1069,mixed_contact,sensible,contact,past,hit,Mary,doctor,animate,animate,Mary hit the doctor.,The doctor was hit by Mary.,The doctor hit Mary.,Mary was hit by the doctor.
1070,mixed_contact,sensible,contact,past,hit,Mary,farmer,animate,animate,Mary hit the farmer.,The farmer was hit by Mary.,The farmer hit Mary.,Mary was hit by the farmer.
1071,mixed_contact,sensible,contact,past,hit,Mary,pilot,animate,animate,Mary hit the pilot.,The pilot was hit by Mary.,The pilot hit Mary.,Mary was hit by the pilot.
1072,mixed_contact,sensible,contact,past,hit,Mary,chef,animate,animate,Mary hit the chef.,The chef was hit by Mary.,The chef hit Mary.,Mary was hit by the chef.
1073,mixed_contact,sensible,contact,past,hit,Mary,driver,animate,animate,Mary hit the driver.,The driver was hit by Mary.,The driver hit Mary.,Mary was hit by the driver.
1074,mixed_contact,sensible,contact,past,hit,Mary,ball,animate,inanimate,Mary hit the ball.,The ball was hit by Mary.,The ball hit Mary.,Mary was hit by the ball.
1075,mixed_contact,sensible,contact,past,hit,Mary,rock,animate,inanimate,Mary hit the rock.,The rock was hit by Mary.,The rock hit Mary.,Mary was hit by the rock.
1076,mixed_contact,sensible,contact,past,hit,Mary,box,animate,inanimate,Mary hit the box.,The box was hit by Mary.,The box hit Mary.,Mary was hit by the box.
1077,mixed_contact,sensible,contact,past,hit,Mary,car,animate,inanimate,Mary hit the car.,The car was hit by Mary.,The car hit Mary.,Mary was hit by the car.
1078,mixed_contact,sensible,contact,past,hit,Mary,door,animate,inanimate,Mary hit the door.,The door was hit by Mary.,The door hit Mary.,Mary was hit by the door.
1079,mixed_contact,sensible,contact,past,hit,Mary,branch,animate,inanimate,Mary hit the branch.,The branch was hit by Mary.,The branch hit Mary.,Mary was hit by the branch.
1080,mixed_contact,sensible,contact,past,hit,John,teacher,animate,animate,John hit the teacher.,The teacher was hit by John.,The teacher hit John.,John was hit by the teacher.
1081,mixed_contact,sensible,contact,past,hit,John,doctor,animate,animate,John hit the doctor.,The doctor was hit by John.,The doctor hit John.,John was hit by the doctor.
1082,mixed_contact,sensible,contact,past,hit,John,farmer,animate,animate,John hit the farmer.,The farmer was hit by John.,The farmer hit John.,John was hit by the farmer.
1083,mixed_contact,sensible,contact,past,hit,John,pilot,animate,animate,John hit the pilot.,The pilot was hit by John.,The pilot hit John.,John was hit by the pilot.
1084,mixed_contact,sensible,contact,past,hit,John,chef,animate,animate,John hit the chef.,The chef was hit by John.,The chef hit John.,John was hit by the chef.
1085,mixed_contact,sensible,contact,past,hit,John,driver,animate,animate,John hit the driver.,The driver was hit by John.,The driver hit John.,John was hit by the driver.
1086,mixed_contact,sensible,contact,past,hit,John,ball,animate,inanimate,John hit the ball.,The ball was hit by John.,The ball hit John.,John was hit by the ball.
1087,mixed_contact,sensible,contact,past,hit,John,rock,animate,inanimate,John hit the rock.,The rock was hit by John.,The rock hit John.,John was hit by the rock.
1088,mixed_contact,sensible,contact,past,hit,John,box,animate,inanimate,John hit the box.,The box was hit by John.,The box hit John.,John was hit by the box.
1089,mixed_contact,sensible,contact,past,hit,John,car,animate,inanimate,John hit the car.,The car was hit by John.,The car hit John.,John was hit by the car.
1090,mixed_contact,sensible,contact,past,hit,John,door,animate,inanimate,John hit the door.,The door was hit by John.,The door hit John.,John was hit by the door.
1091,mixed_contact,sensible,contact,past,hit,John,branch,animate,inanimate,John hit the branch.,The branch was hit by John.,The branch hit John.,John was hit by the branch.
1092,mixed_contact,sensible,contact,past,hit,Anna,teacher,animate,animate,Anna hit the teacher.,The teacher was hit by Anna.,The teacher hit Anna.,Anna was hit by the teacher.
1093,mixed_contact,sensible,contact,past,hit,Anna,doctor,animate,animate,Anna hit the doctor.,The doctor was hit by Anna.,The doctor hit Anna.,Anna was hit by the doctor.
1094,mixed_contact,sensible,contact,past,hit,Anna,farmer,animate,animate,Anna hit the farmer.,The farmer was hit by Anna.,The farmer hit Anna.,Anna was hit by the farmer.
1095,mixed_contact,sensible,contact,past,hit,Anna,pilot,animate,animate,Anna hit the pilot.,The pilot was hit by Anna.,The pilot hit Anna.,Anna was hit by the pilot.
1096,mixed_contact,sensible,contact,past,hit,Anna,chef,animate,animate,Anna hit the chef.,The chef was hit by Anna.,The chef hit Anna.,Anna was hit by the chef.
1097,mixed_contact,sensible,contact,past,hit,Anna,driver,animate,animate,Anna hit the driver.,The driver was hit by Anna.,The driver hit Anna.,Anna was hit by the driver.
1098,mixed_contact,sensible,contact,past,hit,Anna,ball,animate,inanimate,Anna hit the ball.,The ball was hit by Anna.,The ball hit Anna.,Anna was hit by the ball.
1099,mixed_contact,sensible,contact,past,hit,Anna,rock,animate,inanimate,Anna hit the rock.,The rock was hit by Anna.,The rock hit Anna.,Anna was hit by the rock.
1100,mixed_contact,sensible,contact,past,hit,Anna,box,animate,inanimate,Anna hit the box.,The box was hit by Anna.,The box hit Anna.,Anna was hit by the box.
1101,mixed_contact,sensible,contact,past,hit,Anna,car,animate,inanimate,Anna hit the car.,The car was hit by Anna.,The car hit Anna.,Anna was hit by the car.
1102,mixed_contact,sensible,contact,past,hit,Anna,door,animate,inanimate,Anna hit the door.,The door was hit by Anna.,The door hit Anna.,Anna was hit by the door.
1103,mixed_contact,sensible,contact,past,hit,Anna,branch,animate,inanimate,Anna hit the branch.,The branch was hit by Anna.,The branch hit Anna.,Anna was hit by the branch.
1104,mixed_contact,sensible,contact,past,hit,David,teacher,animate,animate,David hit the teacher.,The teacher was hit by David.,The teacher hit David.,David was hit by the teacher.
1105,mixed_contact,sensible,contact,past,hit,David,doctor,animate,animate,David hit the doctor.,The doctor was hit by David.,The doctor hit David.,David was hit by the doctor.
1106,mixed_contact,sensible,contact,past,hit,David,farmer,animate,animate,David hit the farmer.,The farmer was hit by David.,The farmer hit David.,David was hit by the farmer.
1107,mixed_contact,sensible,contact,past,hit,David,pilot,animate,animate,David hit the pilot.,The pilot was hit by David.,The pilot hit David.,David was hit by the pilot.
1108,mixed_contact,sensible,contact,past,hit,David,chef,animate,animate,David hit the chef.,The chef was hit by David.,The chef hit David.,David was hit by the chef.
1109,mixed_contact,sensible,contact,past,hit,David,driver,animate,animate,David hit the driver.,The driver was hit by David.,The driver hit David.,David was hit by the driver.
1110,mixed_contact,sensible,contact,past,hit,David,ball,animate,inanimate,David hit the ball.,The ball was hit by David.,The ball hit David.,David was hit by the ball.
1111,mixed_contact,sensible,contact,past,hit,David,rock,animate,inanimate,David hit the rock.,The rock was hit by David.,The rock hit David.,David was hit by the rock.
1112,mixed_contact,sensible,contact,past,hit,David,box,animate,inanimate,David hit the box.,The box was hit by David.,The box hit David.,David was hit by the box.
1113,mixed_contact,sensible,contact,past,hit,David,car,animate,inanimate,David hit the car.,The car was hit by David.,The car hit David.,David was hit by the car.
1114,mixed_contact,sensible,contact,past,hit,David,door,animate,inanimate,David hit the door.,The door was hit by David.,The door hit David.,David was hit by the door.
1115,mixed_contact,sensible,contact,past,hit,David,branch,animate,inanimate,David hit the branch.,The branch was hit by David.,The branch hit David.,David was hit by the branch.
1116,mixed_contact,sensible,contact,past,strike,Mary,teacher,animate,animate,Mary struck the teacher.,The teacher was struck by Mary.,The teacher struck Mary.,Mary was struck by the teacher.
1117,mixed_contact,sensible,contact,past,strike,Mary,doctor,animate,animate,Mary struck the doctor.,The doctor was struck by Mary.,The doctor struck Mary.,Mary was struck by the doctor.
1118,mixed_contact,sensible,contact,past,strike,Mary,farmer,animate,animate,Mary struck the farmer.,The farmer was struck by Mary.,The farmer struck Mary.,Mary was struck by the farmer.
1119,mixed_contact,sensible,contact,past,strike,Mary,pilot,animate,animate,Mary struck the pilot.,The pilot was struck by Mary.,The pilot struck Mary.,Mary was struck by the pilot.
1120,mixed_contact,sensible,contact,past,strike,Mary,chef,animate,animate,Mary struck the chef.,The chef was struck by Mary.,The chef struck Mary.,Mary was struck by the chef.
1121,mixed_contact,sensible,contact,past,strike,Mary,driver,animate,animate,Mary struck the driver.,The driver was struck by Mary.,The driver struck Mary.,Mary was struck by the driver.
1122,mixed_contact,sensible,contact,past,strike,Mary,ball,animate,inanimate,Mary struck the ball.,The ball was struck by Mary.,The ball struck Mary.,Mary was struck by the ball.
1123,mixed_contact,sensible,contact,past,strike,Mary,rock,animate,inanimate,Mary struck the rock.,The rock was struck by Mary.,The rock struck Mary.,Mary was struck by the rock.
1124,mixed_contact,sensible,contact,past,strike,Mary,box,animate,inanimate,Mary struck the box.,The box was struck by Mary.,The box struck Mary.,Mary was struck by the box.
1125,mixed_contact,sensible,contact,past,strike,Mary,car,animate,inanimate,Mary struck the car.,The car was struck by Mary.,The car struck Mary.,Mary was struck by the car.
1126,mixed_contact,sensible,contact,past,strike,Mary,door,animate,inanimate,Mary struck the door.,The door was struck by Mary.,The door struck Mary.,Mary was struck by the door.
1127,mixed_contact,sensible,contact,past,strike,Mary,branch,animate,inanimate,Mary struck the branch.,The branch was struck by Mary.,The branch struck Mary.,Mary was struck by the branch.
1128,mixed_contact,sensible,contact,past,strike,John,teacher,animate,animate,John struck the teacher.,The teacher was struck by John.,The teacher struck John.,John was struck by the teacher.
1129,mixed_contact,sensible,contact,past,strike,John,doctor,animate,animate,John struck the doctor.,The doctor was struck by John.,The doctor struck John.,John was struck by the doctor.
1130,mixed_contact,sensible,contact,past,strike,John,farmer,animate,animate,John struck the farmer.,The farmer was struck by John.,The farmer struck John.,John was struck by the farmer.
1131,mixed_contact,sensible,contact,past,strike,John,pilot,animate,animate,John struck the pilot.,The pilot was struck by John.,The pilot struck John.,John was struck by the pilot.
1132,mixed_contact,sensible,contact,past,strike,John,chef,animate,animate,John struck the chef.,The chef was struck by John.,The chef struck John.,John was struck by the chef.
1133,mixed_contact,sensible,contact,past,strike,John,driver,animate,animate,John struck the driver.,The driver was struck by John.,The driver struck John.,John was struck by the driver.
1134,mixed_contact,sensible,contact,past,strike,John,ball,animate,inanimate,John struck the ball.,The ball was struck by John.,The ball struck John.,John was struck by the ball.
1135,mixed_contact,sensible,contact,past,strike,John,rock,animate,inanimate,John struck the rock.,The rock was struck by John.,The rock struck John.,John was struck by the rock.
1136,mixed_contact,sensible,contact,past,strike,John,box,animate,inanimate,John struck the box.,The box was struck by John.,The box struck John.,John was struck by the box.
1137,mixed_contact,sensible,contact,past,strike,John,car,animate,inanimate,John struck the car.,The car was struck by John.,The car struck John.,John was struck by the car.
1138,mixed_contact,sensible,contact,past,strike,John,door,animate,inanimate,John struck the door.,The door was struck by John.,The door struck John.,John was struck by the door.
1139,mixed_contact,sensible,contact,past,strike,John,branch,animate,inanimate,John struck the branch.,The branch was struck by John.,The branch struck John.,John was struck by the branch.
1140,mixed_contact,sensible,contact,past,strike,Anna,teacher,animate,animate,Anna struck the teacher.,The teacher was struck by Anna.,The teacher struck Anna.,Anna was struck by the teacher.
1141,mixed_contact,sensible,contact,past,strike,Anna,doctor,animate,animate,Anna struck the doctor.,The doctor was struck by Anna.,The doctor struck Anna.,Anna was struck by the doctor.
1142,mixed_contact,sensible,contact,past,strike,Anna,farmer,animate,animate,Anna struck the farmer.,The farmer was struck by Anna.,The farmer struck Anna.,Anna was struck by the farmer.
1143,mixed_contact,sensible,contact,past,strike,Anna,pilot,animate,animate,Anna struck the pilot.,The pilot was struck by Anna.,The pilot struck Anna.,Anna was struck by the pilot.
1144,mixed_contact,sensible,contact,past,strike,Anna,chef,animate,animate,Anna struck the chef.,The chef was struck by Anna.,The chef struck Anna.,Anna was struck by the chef.
1145,mixed_contact,sensible,contact,past,strike,Anna,driver,animate,animate,Anna struck the driver.,The driver was struck by Anna.,The driver struck Anna.,Anna was struck by the driver.
1146,mixed_contact,sensible,contact,past,strike,Anna,ball,animate,inanimate,Anna struck the ball.,The ball was struck by Anna.,The ball struck Anna.,Anna was struck by the ball.
1147,mixed_contact,sensible,contact,past,strike,Anna,rock,animate,inanimate,Anna struck the rock.,The rock was struck by Anna.,The rock struck Anna.,Anna was struck by the rock.
1148,mixed_contact,sensible,contact,past,strike,Anna,box,animate,inanimate,Anna struck the box.,The box was struck by Anna.,The box struck Anna.,Anna was struck by the box.
1149,mixed_contact,sensible,contact,past,strike,Anna,car,animate,inanimate,Anna struck the car.,The car was struck by Anna.,The car struck Anna.,Anna was struck by the car.
1150,mixed_contact,sensible,contact,past,strike,Anna,door,animate,inanimate,Anna struck the door.,The door was struck by Anna.,The door struck Anna.,Anna was struck by the door.
1151,mixed_contact,sensible,contact,past,strike,Anna,branch,animate,inanimate,Anna struck the branch.,The branch was struck by Anna.,The branch struck Anna.,Anna was struck by the branch.
1152,mixed_contact,sensible,contact,past,strike,David,teacher,animate,animate,David struck the teacher.,The teacher was struck by David.,The teacher struck David.,David was struck by the teacher.
1153,mixed_contact,sensible,contact,past,strike,David,doctor,animate,animate,David struck the doctor.,The doctor was struck by David.,The doctor struck David.,David was struck by the doctor.
1154,mixed_contact,sensible,contact,past,strike,David,farmer,animate,animate,David struck the farmer.,The farmer was struck by David.,The farmer struck David.,David was struck by the farmer.
1155,mixed_contact,sensible,contact,past,strike,David,pilot,animate,animate,David struck the pilot.,The pilot was struck by David.,The pilot struck David.,David was struck by the pilot.
1156,mixed_contact,sensible,contact,past,strike,David,chef,animate,animate,David struck the chef.,The chef was struck by David.,The chef struck David.,David was struck by the chef.
1157,mixed_contact,sensible,contact,past,strike,David,driver,animate,animate,David struck the driver.,The driver was struck by David.,The driver struck David.,David was struck by the driver.
1158,mixed_contact,sensible,contact,past,strike,David,ball,animate,inanimate,David struck the ball.,The ball was struck by David.,The ball struck David.,David was struck by the ball.
1159,mixed_contact,sensible,contact,past,strike,David,rock,animate,inanimate,David struck the rock.,The rock was struck by David.,The rock struck David.,David was struck by the rock.
1160,mixed_contact,sensible,contact,past,strike,David,box,animate,inanimate,David struck the box.,The box was struck by David.,The box struck David.,David was struck by the box.
1161,mixed_contact,sensible,contact,past,strike,David,car,animate,inanimate,David struck the car.,The car was struck by David.,The car struck David.,David was struck by the car.
1162,mixed_contact,sensible,contact,past,strike,David,door,animate,inanimate,David struck the door.,The door was struck by David.,The door struck David.,David was struck by the door.
1163,mixed_contact,sensible,contact,past,strike,David,branch,animate,inanimate,David struck the branch.,The branch was struck by David.,The branch struck David.,David was struck by the branch.
1164,mixed_contact,sensible,contact,past,touch,Mary,teacher,animate,animate,Mary touched the teacher.,The teacher was touched by Mary.,The teacher touched Mary.,Mary was touched by the teacher.
1165,mixed_contact,sensible,contact,past,touch,Mary,doctor,animate,animate,Mary touched the doctor.,The doctor was touched by Mary.,The doctor touched Mary.,Mary was touched by the doctor.
1166,mixed_contact,sensible,contact,past,touch,Mary,farmer,animate,animate,Mary touched the farmer.,The farmer was touched by Mary.,The farmer touched Mary.,Mary was touched by the farmer.
1167,mixed_contact,sensible,contact,past,touch,Mary,pilot,animate,animate,Mary touched the pilot.,The pilot was touched by Mary.,The pilot touched Mary.,Mary was touched by the pilot.
1168,mixed_contact,sensible,contact,past,touch,Mary,chef,animate,animate,Mary touched the chef.,The chef was touched by Mary.,The chef touched Mary.,Mary was touched by the chef.
1169,mixed_contact,sensible,contact,past,touch,Mary,driver,animate,animate,Mary touched the driver.,The driver was touched by Mary.,The driver touched Mary.,Mary was touched by the driver.
1170,mixed_contact,sensible,contact,past,touch,Mary,ball,animate,inanimate,Mary touched the ball.,The ball was touched by Mary.,The ball touched Mary.,Mary was touched by the ball.
1171,mixed_contact,sensible,contact,past,touch,Mary,rock,animate,inanimate,Mary touched the rock.,The rock was touched by Mary.,The rock touched Mary.,Mary was touched by the rock.
1172,mixed_contact,sensible,contact,past,touch,Mary,box,animate,inanimate,Mary touched the box.,The box was touched by Mary.,The box touched Mary.,Mary was touched by the box.
1173,mixed_contact,sensible,contact,past,touch,Mary,car,animate,inanimate,Mary touched the car.,The car was touched by Mary.,The car touched Mary.,Mary was touched by the car.
1174,mixed_contact,sensible,contact,past,touch,Mary,door,animate,inanimate,Mary touched the door.,The door was touched by Mary.,The door touched Mary.,Mary was touched by the door.
1175,mixed_contact,sensible,contact,past,touch,Mary,branch,animate,inanimate,Mary touched the branch.,The branch was touched by Mary.,The branch touched Mary.,Mary was touched by the branch.
1176,mixed_contact,sensible,contact,past,touch,John,teacher,animate,animate,John touched the teacher.,The teacher was touched by John.,The teacher touched John.,John was touched by the teacher.
1177,mixed_contact,sensible,contact,past,touch,John,doctor,animate,animate,John touched the doctor.,The doctor was touched by John.,The doctor touched John.,John was touched by the doctor.
1178,mixed_contact,sensible,contact,past,touch,John,farmer,animate,animate,John touched the farmer.,The farmer was touched by John.,The farmer touched John.,John was touched by the farmer.
1179,mixed_contact,sensible,contact,past,touch,John,pilot,animate,animate,John touched the pilot.,The pilot was touched by John.,The pilot touched John.,John was touched by the pilot.
1180,mixed_contact,sensible,contact,past,touch,John,chef,animate,animate,John touched the chef.,The chef was touched by John.,The chef touched John.,John was touched by the chef.
1181,mixed_contact,sensible,contact,past,touch,John,driver,animate,animate,John touched the driver.,The driver was touched by John.,The driver touched John.,John was touched by the driver.
1182,mixed_contact,sensible,contact,past,touch,John,ball,animate,inanimate,John touched the ball.,The ball was touched by John.,The ball touched John.,John was touched by the ball.
1183,mixed_contact,sensible,contact,past,touch,John,rock,animate,inanimate,John touched the rock.,The rock was touched by John.,The rock touched John.,John was touched by the rock.
1184,mixed_contact,sensible,contact,past,touch,John,box,animate,inanimate,John touched the box.,The box was touched by John.,The box touched John.,John was touched by the box.
1185,mixed_contact,sensible,contact,past,touch,John,car,animate,inanimate,John touched the car.,The car was touched by John.,The car touched John.,John was touched by the car.
1186,mixed_contact,sensible,contact,past,touch,John,door,animate,inanimate,John touched the door.,The door was touched by John.,The door touched John.,John was touched by the door.
1187,mixed_contact,sensible,contact,past,touch,John,branch,animate,inanimate,John touched the branch.,The branch was touched by John.,The branch touched John.,John was touched by the branch.
1188,mixed_contact,sensible,contact,past,touch,Anna,teacher,animate,animate,Anna touched the teacher.,The teacher was touched by Anna.,The teacher touched Anna.,Anna was touched by the teacher.
1189,mixed_contact,sensible,contact,past,touch,Anna,doctor,animate,animate,Anna touched the doctor.,The doctor was touched by Anna.,The doctor touched Anna.,Anna was touched by the doctor.
1190,mixed_contact,sensible,contact,past,touch,Anna,farmer,animate,animate,Anna touched the farmer.,The farmer was touched by Anna.,The farmer touched Anna.,Anna was touched by the farmer.
1191,mixed_contact,sensible,contact,past,touch,Anna,pilot,animate,animate,Anna touched the pilot.,The pilot was touched by Anna.,The pilot touched Anna.,Anna was touched by the pilot.
1192,mixed_contact,sensible,contact,past,touch,Anna,chef,animate,animate,Anna touched the chef.,The chef was touched by Anna.,The chef touched Anna.,Anna was touched by the chef.
1193,mixed_contact,sensible,contact,past,touch,Anna,driver,animate,animate,Anna touched the driver.,The driver was touched by Anna.,The driver touched Anna.,Anna was touched by the driver.
1194,mixed_contact,sensible,contact,past,touch,Anna,ball,animate,inanimate,Anna touched the ball.,The ball was touched by Anna.,The ball touched Anna.,Anna was touched by the ball.
1195,mixed_contact,sensible,contact,past,touch,Anna,rock,animate,inanimate,Anna touched the rock.,The rock was touched by Anna.,The rock touched Anna.,Anna was touched by the rock.
1196,mixed_contact,sensible,contact,past,touch,Anna,box,animate,inanimate,Anna touched the box.,The box was touched by Anna.,The box touched Anna.,Anna was touched by the box.
1197,mixed_contact,sensible,contact,past,touch,Anna,car,animate,inanimate,Anna touched the car.,The car was touched by Anna.,The car touched Anna.,Anna was touched by the car.
1198,mixed_contact,sensible,contact,past,touch,Anna,door,animate,inanimate,Anna touched the door.,The door was touched by Anna.,The door touched Anna.,Anna was touched by the door.
1199,mixed_contact,sensible,contact,past,touch,Anna,branch,animate,inanimate,Anna touched the branch.,The branch was touched by Anna.,The branch touched Anna.,Anna was touched by the branch.
1200,mixed_contact,sensible,contact,past,touch,David,teacher,animate,animate,David touched the teacher.,The teacher was touched by David.,The teacher touched David.,David was touched by the teacher.
1201,mixed_contact,sensible,contact,past,touch,David,doctor,animate,animate,David touched the doctor.,The doctor was touched by David.,The doctor touched David.,David was touched by the doctor.
1202,mixed_contact,sensible,contact,past,touch,David,farmer,animate,animate,David touched the farmer.,The farmer was touched by David.,The farmer touched David.,David was touched by the farmer.
1203,mixed_contact,sensible,contact,past,touch,David,pilot,animate,animate,David touched the pilot.,The pilot was touched by David.,The pilot touched David.,David was touched by the pilot.
1204,mixed_contact,sensible,contact,past,touch,David,chef,animate,animate,David touched the chef.,The chef was touched by David.,The chef touched David.,David was touched by the chef.
1205,mixed_contact,sensible,contact,past,touch,David,driver,animate,animate,David touched the driver.,The driver was touched by David.,The driver touched David.,David was touched by the driver.
1206,mixed_contact,sensible,contact,past,touch,David,ball,animate,inanimate,David touched the ball.,The ball was touched by David.,The ball touched David.,David was touched by the ball.
1207,mixed_contact,sensible,contact,past,touch,David,rock,animate,inanimate,David touched the rock.,The rock was touched by David.,The rock touched David.,David was touched by the rock.
1208,mixed_contact,sensible,contact,past,touch,David,box,animate,inanimate,David touched the box.,The box was touched by David.,The box touched David.,David was touched by the box.
1209,mixed_contact,sensible,contact,past,touch,David,car,animate,inanimate,David touched the car.,The car was touched by David.,The car touched David.,David was touched by the car.
1210,mixed_contact,sensible,contact,past,touch,David,door,animate,inanimate,David touched the door.,The door was touched by David.,The door touched David.,David was touched by the door.
1211,mixed_contact,sensible,contact,past,touch,David,branch,animate,inanimate,David touched the branch.,The branch was touched by David.,The branch touched David.,David was touched by the branch.
1212,mixed_contact,sensible,contact,past,block,Mary,teacher,animate,animate,Mary blocked the teacher.,The teacher was blocked by Mary.,The teacher blocked Mary.,Mary was blocked by the teacher.
1213,mixed_contact,sensible,contact,past,block,Mary,doctor,animate,animate,Mary blocked the doctor.,The doctor was blocked by Mary.,The doctor blocked Mary.,Mary was blocked by the doctor.
1214,mixed_contact,sensible,contact,past,block,Mary,farmer,animate,animate,Mary blocked the farmer.,The farmer was blocked by Mary.,The farmer blocked Mary.,Mary was blocked by the farmer.
1215,mixed_contact,sensible,contact,past,block,Mary,pilot,animate,animate,Mary blocked the pilot.,The pilot was blocked by Mary.,The pilot blocked Mary.,Mary was blocked by the pilot.
1216,mixed_contact,sensible,contact,past,block,Mary,chef,animate,animate,Mary blocked the chef.,The chef was blocked by Mary.,The chef blocked Mary.,Mary was blocked by the chef.
1217,mixed_contact,sensible,contact,past,block,Mary,driver,animate,animate,Mary blocked the driver.,The driver was blocked by Mary.,The driver blocked Mary.,Mary was blocked by the driver.
1218,mixed_contact,sensible,contact,past,block,Mary,ball,animate,inanimate,Mary blocked the ball.,The ball was blocked by Mary.,The ball blocked Mary.,Mary was blocked by the ball.
1219,mixed_contact,sensible,contact,past,block,Mary,rock,animate,inanimate,Mary blocked the rock.,The rock was blocked by Mary.,The rock blocked Mary.,Mary was blocked by the rock.
1220,mixed_contact,sensible,contact,past,block,Mary,box,animate,inanimate,Mary blocked the box.,The box was blocked by Mary.,The box blocked Mary.,Mary was blocked by the box.
1221,mixed_contact,sensible,contact,past,block,Mary,car,animate,inanimate,Mary blocked the car.,The car was blocked by Mary.,The car blocked Mary.,Mary was blocked by the car.
1222,mixed_contact,sensible,contact,past,block,Mary,door,animate,inanimate,Mary blocked the door.,The door was blocked by Mary.,The door blocked Mary.,Mary was blocked by the door.
1223,mixed_contact,sensible,contact,past,block,Mary,branch,animate,inanimate,Mary blocked the branch.,The branch was blocked by Mary.,The branch blocked Mary.,Mary was blocked by the branch.
1224,mixed_contact,sensible,contact,past,block,John,teacher,animate,animate,John blocked the teacher.,The teacher was blocked by John.,The teacher blocked John.,John was blocked by the teacher.
1225,mixed_contact,sensible,contact,past,block,John,doctor,animate,animate,John blocked the doctor.,The doctor was blocked by John.,The doctor blocked John.,John was blocked by the doctor.
1226,mixed_contact,sensible,contact,past,block,John,farmer,animate,animate,John blocked the farmer.,The farmer was blocked by John.,The farmer blocked John.,John was blocked by the farmer.
1227,mixed_contact,sensible,contact,past,block,John,pilot,animate,animate,John blocked the pilot.,The pilot was blocked by John.,The pilot blocked John.,John was blocked by the pilot.
1228,mixed_contact,sensible,contact,past,block,John,chef,animate,animate,John blocked the chef.,The chef was blocked by John.,The chef blocked John.,John was blocked by the chef.
1229,mixed_contact,sensible,contact,past,block,John,driver,animate,animate,John blocked the driver.,The driver was blocked by John.,The driver blocked John.,John was blocked by the driver.
1230,mixed_contact,sensible,contact,past,block,John,ball,animate,inanimate,John blocked the ball.,The ball was blocked by John.,The ball blocked John.,John was blocked by the ball.
1231,mixed_contact,sensible,contact,past,block,John,rock,animate,inanimate,John blocked the rock.,The rock was blocked by John.,The rock blocked John.,John was blocked by the rock.
1232,mixed_contact,sensible,contact,past,block,John,box,animate,inanimate,John blocked the box.,The box was blocked by John.,The box blocked John.,John was blocked by the box.
1233,mixed_contact,sensible,contact,past,block,John,car,animate,inanimate,John blocked the car.,The car was blocked by John.,The car blocked John.,John was blocked by the car.
1234,mixed_contact,sensible,contact,past,block,John,door,animate,inanimate,John blocked the door.,The door was blocked by John.,The door blocked John.,John was blocked by the door.
1235,mixed_contact,sensible,contact,past,block,John,branch,animate,inanimate,John blocked the branch.,The branch was blocked by John.,The branch blocked John.,John was blocked by the branch.
1236,mixed_contact,sensible,contact,past,block,Anna,teacher,animate,animate,Anna blocked the teacher.,The teacher was blocked by Anna.,The teacher blocked Anna.,Anna was blocked by the teacher.
1237,mixed_contact,sensible,contact,past,block,Anna,doctor,animate,animate,Anna blocked the doctor.,The doctor was blocked by Anna.,The doctor blocked Anna.,Anna was blocked by the doctor.
1238,mixed_contact,sensible,contact,past,block,Anna,farmer,animate,animate,Anna blocked the farmer.,The farmer was blocked by Anna.,The farmer blocked Anna.,Anna was blocked by the farmer.
1239,mixed_contact,sensible,contact,past,block,Anna,pilot,animate,animate,Anna blocked the pilot.,The pilot was blocked by Anna.,The pilot blocked Anna.,Anna was blocked by the pilot.
1240,mixed_contact,sensible,contact,past,block,Anna,chef,animate,animate,Anna blocked the chef.,The chef was blocked by Anna.,The chef blocked Anna.,Anna was blocked by the chef.
1241,mixed_contact,sensible,contact,past,block,Anna,driver,animate,animate,Anna blocked the driver.,The driver was blocked by Anna.,The driver blocked Anna.,Anna was blocked by the driver.
1242,mixed_contact,sensible,contact,past,block,Anna,ball,animate,inanimate,Anna blocked the ball.,The ball was blocked by Anna.,The ball blocked Anna.,Anna was blocked by the ball.
1243,mixed_contact,sensible,contact,past,block,Anna,rock,animate,inanimate,Anna blocked the rock.,The rock was blocked by Anna.,The rock blocked Anna.,Anna was blocked by the rock.
1244,mixed_contact,sensible,contact,past,block,Anna,box,animate,inanimate,Anna blocked the box.,The box was blocked by Anna.,The box blocked Anna.,Anna was blocked by the box.
1245,mixed_contact,sensible,contact,past,block,Anna,car,animate,inanimate,Anna blocked the car.,The car was blocked by Anna.,The car blocked Anna.,Anna was blocked by the car.
1246,mixed_contact,sensible,contact,past,block,Anna,door,animate,inanimate,Anna blocked the door.,The door was blocked by Anna.,The door blocked Anna.,Anna was blocked by the door.
1247,mixed_contact,sensible,contact,past,block,Anna,branch,animate,inanimate,Anna blocked the branch.,The branch was blocked by Anna.,The branch blocked Anna.,Anna was blocked by the branch.
1248,mixed_contact,sensible,contact,past,block,David,teacher,animate,animate,David blocked the teacher.,The teacher was blocked by David.,The teacher blocked David.,David was blocked by the teacher.
1249,mixed_contact,sensible,contact,past,block,David,doctor,animate,animate,David blocked the doctor.,The doctor was blocked by David.,The doctor blocked David.,David was blocked by the doctor.
1250,mixed_contact,sensible,contact,past,block,David,farmer,animate,animate,David blocked the farmer.,The farmer was blocked by David.,The farmer blocked David.,David was blocked by the farmer.
1251,mixed_contact,sensible,contact,past,block,David,pilot,animate,animate,David blocked the pilot.,The pilot was blocked by David.,The pilot blocked David.,David was blocked by the pilot.
1252,mixed_contact,sensible,contact,past,block,David,chef,animate,animate,David blocked the chef.,The chef was blocked by David.,The chef blocked David.,David was blocked by the chef.
1253,mixed_contact,sensible,contact,past,block,David,driver,animate,animate,David blocked the driver.,The driver was blocked by David.,The driver blocked David.,David was blocked by the driver.
1254,mixed_contact,sensible,contact,past,block,David,ball,animate,inanimate,David blocked the ball.,The ball was blocked by David.,The ball blocked David.,David was blocked by the ball.
1255,mixed_contact,sensible,contact,past,block,David,rock,animate,inanimate,David blocked the rock.,The rock was blocked by David.,The rock blocked David.,David was blocked by the rock.
1256,mixed_contact,sensible,contact,past,block,David,box,animate,inanimate,David blocked the box.,The box was blocked by David.,The box blocked David.,David was blocked by the box.
1257,mixed_contact,sensible,contact,past,block,David,car,animate,inanimate,David blocked the car.,The car was blocked by David.,The car blocked David.,David was blocked by the car.
1258,mixed_contact,sensible,contact,past,block,David,door,animate,inanimate,David blocked the door.,The door was blocked by David.,The door blocked David.,David was blocked by the door.
1259,mixed_contact,sensible,contact,past,block,David,branch,animate,inanimate,David blocked the branch.,The branch was blocked by David.,The branch blocked David.,David was blocked by the branch.
1260,mixed_contact,sensible,contact,past,push,Mary,teacher,animate,animate,Mary pushed the teacher.,The teacher was pushed by Mary.,The teacher pushed Mary.,Mary was pushed by the teacher.
1261,mixed_contact,sensible,contact,past,push,Mary,doctor,animate,animate,Mary pushed the doctor.,The doctor was pushed by Mary.,The doctor pushed Mary.,Mary was pushed by the doctor.
1262,mixed_contact,sensible,contact,past,push,Mary,farmer,animate,animate,Mary pushed the farmer.,The farmer was pushed by Mary.,The farmer pushed Mary.,Mary was pushed by the farmer.
1263,mixed_contact,sensible,contact,past,push,Mary,pilot,animate,animate,Mary pushed the pilot.,The pilot was pushed by Mary.,The pilot pushed Mary.,Mary was pushed by the pilot.
1264,mixed_contact,sensible,contact,past,push,Mary,chef,animate,animate,Mary pushed the chef.,The chef was pushed by Mary.,The chef pushed Mary.,Mary was pushed by the chef.
1265,mixed_contact,sensible,contact,past,push,Mary,driver,animate,animate,Mary pushed the driver.,The driver was pushed by Mary.,The driver pushed Mary.,Mary was pushed by the driver.
1266,mixed_contact,sensible,contact,past,push,Mary,ball,animate,inanimate,Mary pushed the ball.,The ball was pushed by Mary.,The ball pushed Mary.,Mary was pushed by the ball.
1267,mixed_contact,sensible,contact,past,push,Mary,rock,animate,inanimate,Mary pushed the rock.,The rock was pushed by Mary.,The rock pushed Mary.,Mary was pushed by the rock.
1268,mixed_contact,sensible,contact,past,push,Mary,box,animate,inanimate,Mary pushed the box.,The box was pushed by Mary.,The box pushed Mary.,Mary was pushed by the box.
1269,mixed_contact,sensible,contact,past,push,Mary,car,animate,inanimate,Mary pushed the car.,The car was pushed by Mary.,The car pushed Mary.,Mary was pushed by the car.
1270,mixed_contact,sensible,contact,past,push,Mary,door,animate,inanimate,Mary pushed the door.,The door was pushed by Mary.,The door pushed Mary.,Mary was pushed by the door.
1271,mixed_contact,sensible,contact,past,push,Mary,branch,animate,inanimate,Mary pushed the branch.,The branch was pushed by Mary.,The branch pushed Mary.,Mary was pushed by the branch.
1272,mixed_contact,sensible,contact,past,push,John,teacher,animate,animate,John pushed the teacher.,The teacher was pushed by John.,The teacher pushed John.,John was pushed by the teacher.
1273,mixed_contact,sensible,contact,past,push,John,doctor,animate,animate,John pushed the doctor.,The doctor was pushed by John.,The doctor pushed John.,John was pushed by the doctor.
1274,mixed_contact,sensible,contact,past,push,John,farmer,animate,animate,John pushed the farmer.,The farmer was pushed by John.,The farmer pushed John.,John was pushed by the farmer.
1275,mixed_contact,sensible,contact,past,push,John,pilot,animate,animate,John pushed the pilot.,The pilot was pushed by John.,The pilot pushed John.,John was pushed by the pilot.
1276,mixed_contact,sensible,contact,past,push,John,chef,animate,animate,John pushed the chef.,The chef was pushed by John.,The chef pushed John.,John was pushed by the chef.
1277,mixed_contact,sensible,contact,past,push,John,driver,animate,animate,John pushed the driver.,The driver was pushed by John.,The driver pushed John.,John was pushed by the driver.
1278,mixed_contact,sensible,contact,past,push,John,ball,animate,inanimate,John pushed the ball.,The ball was pushed by John.,The ball pushed John.,John was pushed by the ball.
1279,mixed_contact,sensible,contact,past,push,John,rock,animate,inanimate,John pushed the rock.,The rock was pushed by John.,The rock pushed John.,John was pushed by the rock.
1280,mixed_contact,sensible,contact,past,push,John,box,animate,inanimate,John pushed the box.,The box was pushed by John.,The box pushed John.,John was pushed by the box.
1281,mixed_contact,sensible,contact,past,push,John,car,animate,inanimate,John pushed the car.,The car was pushed by John.,The car pushed John.,John was pushed by the car.
1282,mixed_contact,sensible,contact,past,push,John,door,animate,inanimate,John pushed the door.,The door was pushed by John.,The door pushed John.,John was pushed by the door.
1283,mixed_contact,sensible,contact,past,push,John,branch,animate,inanimate,John pushed the branch.,The branch was pushed by John.,The branch pushed John.,John was pushed by the branch.
1284,mixed_contact,sensible,contact,past,push,Anna,teacher,animate,animate,Anna pushed the teacher.,The teacher was pushed by Anna.,The teacher pushed Anna.,Anna was pushed by the teacher.
1285,mixed_contact,sensible,contact,past,push,Anna,doctor,animate,animate,Anna pushed the doctor.,The doctor was pushed by Anna.,The doctor pushed Anna.,Anna was pushed by the doctor.
1286,mixed_contact,sensible,contact,past,push,Anna,farmer,animate,animate,Anna pushed the farmer.,The farmer was pushed by Anna.,The farmer pushed Anna.,Anna was pushed by the farmer.
1287,mixed_contact,sensible,contact,past,push,Anna,pilot,animate,animate,Anna pushed the pilot.,The pilot was pushed by Anna.,The pilot pushed Anna.,Anna was pushed by the pilot.
1288,mixed_contact,sensible,contact,past,push,Anna,chef,animate,animate,Anna pushed the chef.,The chef was pushed by Anna.,The chef pushed Anna.,Anna was pushed by the chef.
1289,mixed_contact,sensible,contact,past,push,Anna,driver,animate,animate,Anna pushed the driver.,The driver was pushed by Anna.,The driver pushed Anna.,Anna was pushed by the driver.
1290,mixed_contact,sensible,contact,past,push,Anna,ball,animate,inanimate,Anna pushed the ball.,The ball was pushed by Anna.,The ball pushed Anna.,Anna was pushed by the ball.
1291,mixed_contact,sensible,contact,past,push,Anna,rock,animate,inanimate,Anna pushed the rock.,The rock was pushed by Anna.,The rock pushed Anna.,Anna was pushed by the rock.
1292,mixed_contact,sensible,contact,past,push,Anna,box,animate,inanimate,Anna pushed the box.,The box was pushed by Anna.,The box pushed Anna.,Anna was pushed by the box.
1293,mixed_contact,sensible,contact,past,push,Anna,car,animate,inanimate,Anna pushed the car.,The car was pushed by Anna.,The car pushed Anna.,Anna was pushed by the car.
1294,mixed_contact,sensible,contact,past,push,Anna,door,animate,inanimate,Anna pushed the door.,The door was pushed by Anna.,The door pushed Anna.,Anna was pushed by the door.
1295,mixed_contact,sensible,contact,past,push,Anna,branch,animate,inanimate,Anna pushed the branch.,The branch was pushed by Anna.,The branch pushed Anna.,Anna was pushed by the branch.
1296,mixed_contact,sensible,contact,past,push,David,teacher,animate,animate,David pushed the teacher.,The teacher was pushed by David.,The teacher pushed David.,David was pushed by the teacher.
1297,mixed_contact,sensible,contact,past,push,David,doctor,animate,animate,David pushed the doctor.,The doctor was pushed by David.,The doctor pushed David.,David was pushed by the doctor.
1298,mixed_contact,sensible,contact,past,push,David,farmer,animate,animate,David pushed the farmer.,The farmer was pushed by David.,The farmer pushed David.,David was pushed by the farmer.
1299,mixed_contact,sensible,contact,past,push,David,pilot,animate,animate,David pushed the pilot.,The pilot was pushed by David.,The pilot pushed David.,David was pushed by the pilot.
1300,mixed_contact,sensible,contact,past,push,David,chef,animate,animate,David pushed the chef.,The chef was pushed by David.,The chef pushed David.,David was pushed by the chef.
1301,mixed_contact,sensible,contact,past,push,David,driver,animate,animate,David pushed the driver.,The driver was pushed by David.,The driver pushed David.,David was pushed by the driver.
1302,mixed_contact,sensible,contact,past,push,David,ball,animate,inanimate,David pushed the ball.,The ball was pushed by David.,The ball pushed David.,David was pushed by the ball.
1303,mixed_contact,sensible,contact,past,push,David,rock,animate,inanimate,David pushed the rock.,The rock was pushed by David.,The rock pushed David.,David was pushed by the rock.
1304,mixed_contact,sensible,contact,past,push,David,box,animate,inanimate,David pushed the box.,The box was pushed by David.,The box pushed David.,David was pushed by the box.
1305,mixed_contact,sensible,contact,past,push,David,car,animate,inanimate,David pushed the car.,The car was pushed by David.,The car pushed David.,David was pushed by the car.
1306,mixed_contact,sensible,contact,past,push,David,door,animate,inanimate,David pushed the door.,The door was pushed by David.,The door pushed David.,David was pushed by the door.
1307,mixed_contact,sensible,contact,past,push,David,branch,animate,inanimate,David pushed the branch.,The branch was pushed by David.,The branch pushed David.,David was pushed by the branch.
1308,mixed_contact,sensible,contact,past,bump,Mary,teacher,animate,animate,Mary bumped the teacher.,The teacher was bumped by Mary.,The teacher bumped Mary.,Mary was bumped by the teacher.
1309,mixed_contact,sensible,contact,past,bump,Mary,doctor,animate,animate,Mary bumped the doctor.,The doctor was bumped by Mary.,The doctor bumped Mary.,Mary was bumped by the doctor.
1310,mixed_contact,sensible,contact,past,bump,Mary,farmer,animate,animate,Mary bumped the farmer.,The farmer was bumped by Mary.,The farmer bumped Mary.,Mary was bumped by the farmer.
1311,mixed_contact,sensible,contact,past,bump,Mary,pilot,animate,animate,Mary bumped the pilot.,The pilot was bumped by Mary.,The pilot bumped Mary.,Mary was bumped by the pilot.
1312,mixed_contact,sensible,contact,past,bump,Mary,chef,animate,animate,Mary bumped the chef.,The chef was bumped by Mary.,The chef bumped Mary.,Mary was bumped by the chef.
1313,mixed_contact,sensible,contact,past,bump,Mary,driver,animate,animate,Mary bumped the driver.,The driver was bumped by Mary.,The driver bumped Mary.,Mary was bumped by the driver.
1314,mixed_contact,sensible,contact,past,bump,Mary,ball,animate,inanimate,Mary bumped the ball.,The ball was bumped by Mary.,The ball bumped Mary.,Mary was bumped by the ball.
1315,mixed_contact,sensible,contact,past,bump,Mary,rock,animate,inanimate,Mary bumped the rock.,The rock was bumped by Mary.,The rock bumped Mary.,Mary was bumped by the rock.
1316,mixed_contact,sensible,contact,past,bump,Mary,box,animate,inanimate,Mary bumped the box.,The box was bumped by Mary.,The box bumped Mary.,Mary was bumped by the box.
1317,mixed_contact,sensible,contact,past,bump,Mary,car,animate,inanimate,Mary bumped the car.,The car was bumped by Mary.,The car bumped Mary.,Mary was bumped by the car.
1318,mixed_contact,sensible,contact,past,bump,Mary,door,animate,inanimate,Mary bumped the door.,The door was bumped by Mary.,The door bumped Mary.,Mary was bumped by the door.
1319,mixed_contact,sensible,contact,past,bump,Mary,branch,animate,inanimate,Mary bumped the branch.,The branch was bumped by Mary.,The branch bumped Mary.,Mary was bumped by the branch.
1320,mixed_contact,sensible,contact,past,bump,John,teacher,animate,animate,John bumped the teacher.,The teacher was bumped by John.,The teacher bumped John.,John was bumped by the teacher.
1321,mixed_contact,sensible,contact,past,bump,John,doctor,animate,animate,John bumped the doctor.,The doctor was bumped by John.,The doctor bumped John.,John was bumped by the doctor.
1322,mixed_contact,sensible,contact,past,bump,John,farmer,animate,animate,John bumped the farmer.,The farmer was bumped by John.,The farmer bumped John.,John was bumped by the farmer.
1323,mixed_contact,sensible,contact,past,bump,John,pilot,animate,animate,John bumped the pilot.,The pilot was bumped by John.,The pilot bumped John.,John was bumped by the pilot.
1324,mixed_contact,sensible,contact,past,bump,John,chef,animate,animate,John bumped the chef.,The chef was bumped by John.,The chef bumped John.,John was bumped by the chef.
1325,mixed_contact,sensible,contact,past,bump,John,driver,animate,animate,John bumped the driver.,The driver was bumped by John.,The driver bumped John.,John was bumped by the driver.
1326,mixed_contact,sensible,contact,past,bump,John,ball,animate,inanimate,John bumped the ball.,The ball was bumped by John.,The ball bumped John.,John was bumped by the ball.
1327,mixed_contact,sensible,contact,past,bump,John,rock,animate,inanimate,John bumped the rock.,The rock was bumped by John.,The rock bumped John.,John was bumped by the rock.
1328,mixed_contact,sensible,contact,past,bump,John,box,animate,inanimate,John bumped the box.,The box was bumped by John.,The box bumped John.,John was bumped by the box.
1329,mixed_contact,sensible,contact,past,bump,John,car,animate,inanimate,John bumped the car.,The car was bumped by John.,The car bumped John.,John was bumped by the car.
1330,mixed_contact,sensible,contact,past,bump,John,door,animate,inanimate,John bumped the door.,The door was bumped by John.,The door bumped John.,John was bumped by the door.
1331,mixed_contact,sensible,contact,past,bump,John,branch,animate,inanimate,John bumped the branch.,The branch was bumped by John.,The branch bumped John.,John was bumped by the branch.
1332,mixed_contact,sensible,contact,past,bump,Anna,teacher,animate,animate,Anna bumped the teacher.,The teacher was bumped by Anna.,The teacher bumped Anna.,Anna was bumped by the teacher.
1333,mixed_contact,sensible,contact,past,bump,Anna,doctor,animate,animate,Anna bumped the doctor.,The doctor was bumped by Anna.,The doctor bumped Anna.,Anna was bumped by the doctor.
1334,mixed_contact,sensible,contact,past,bump,Anna,farmer,animate,animate,Anna bumped the farmer.,The farmer was bumped by Anna.,The farmer bumped Anna.,Anna was bumped by the farmer.
1335,mixed_contact,sensible,contact,past,bump,Anna,pilot,animate,animate,Anna bumped the pilot.,The pilot was bumped by Anna.,The pilot bumped Anna.,Anna was bumped by the pilot.
1336,mixed_contact,sensible,contact,past,bump,Anna,chef,animate,animate,Anna bumped the chef.,The chef was bumped by Anna.,The chef bumped Anna.,Anna was bumped by the chef.
1337,mixed_contact,sensible,contact,past,bump,Anna,driver,animate,animate,Anna bumped the driver.,The driver was bumped by Anna.,The driver bumped Anna.,Anna was bumped by the driver.
1338,mixed_contact,sensible,contact,past,bump,Anna,ball,animate,inanimate,Anna bumped the ball.,The ball was bumped by Anna.,The ball bumped Anna.,Anna was bumped by the ball.
1339,mixed_contact,sensible,contact,past,bump,Anna,rock,animate,inanimate,Anna bumped the rock.,The rock was bumped by Anna.,The rock bumped Anna.,Anna was bumped by the rock.
1340,mixed_contact,sensible,contact,past,bump,Anna,box,animate,inanimate,Anna bumped the box.,The box was bumped by Anna.,The box bumped Anna.,Anna was bumped by the box.
1341,mixed_contact,sensible,contact,past,bump,Anna,car,animate,inanimate,Anna bumped the car.,The car was bumped by Anna.,The car bumped Anna.,Anna was bumped by the car.
1342,mixed_contact,sensible,contact,past,bump,Anna,door,animate,inanimate,Anna bumped the door.,The door was bumped by Anna.,The door bumped Anna.,Anna was bumped by the door.
1343,mixed_contact,sensible,contact,past,bump,Anna,branch,animate,inanimate,Anna bumped the branch.,The branch was bumped by Anna.,The branch bumped Anna.,Anna was bumped by the branch.
1344,mixed_contact,sensible,contact,past,bump,David,teacher,animate,animate,David bumped the teacher.,The teacher was bumped by David.,The teacher bumped David.,David was bumped by the teacher.
1345,mixed_contact,sensible,contact,past,bump,David,doctor,animate,animate,David bumped the doctor.,The doctor was bumped by David.,The doctor bumped David.,David was bumped by the doctor.
1346,mixed_contact,sensible,contact,past,bump,David,farmer,animate,animate,David bumped the farmer.,The farmer was bumped by David.,The farmer bumped David.,David was bumped by the farmer.
1347,mixed_contact,sensible,contact,past,bump,David,pilot,animate,animate,David bumped the pilot.,The pilot was bumped by David.,The pilot bumped David.,David was bumped by the pilot.
1348,mixed_contact,sensible,contact,past,bump,David,chef,animate,animate,David bumped the chef.,The chef was bumped by David.,The chef bumped David.,David was bumped by the chef.
1349,mixed_contact,sensible,contact,past,bump,David,driver,animate,animate,David bumped the driver.,The driver was bumped by David.,The driver bumped David.,David was bumped by the driver.
1350,mixed_contact,sensible,contact,past,bump,David,ball,animate,inanimate,David bumped the ball.,The ball was bumped by David.,The ball bumped David.,David was bumped by the ball.
1351,mixed_contact,sensible,contact,past,bump,David,rock,animate,inanimate,David bumped the rock.,The rock was bumped by David.,The rock bumped David.,David was bumped by the rock.
1352,mixed_contact,sensible,contact,past,bump,David,box,animate,inanimate,David bumped the box.,The box was bumped by David.,The box bumped David.,David was bumped by the box.
1353,mixed_contact,sensible,contact,past,bump,David,car,animate,inanimate,David bumped the car.,The car was bumped by David.,The car bumped David.,David was bumped by the car.
1354,mixed_contact,sensible,contact,past,bump,David,door,animate,inanimate,David bumped the door.,The door was bumped by David.,The door bumped David.,David was bumped by the door.
1355,mixed_contact,sensible,contact,past,bump,David,branch,animate,inanimate,David bumped the branch.,The branch was bumped by David.,The branch bumped David.,David was bumped by the branch.
1356,mixed_contact,sensible,contact,past,scratch,Mary,teacher,animate,animate,Mary scratched the teacher.,The teacher was scratched by Mary.,The teacher scratched Mary.,Mary was scratched by the teacher.
1357,mixed_contact,sensible,contact,past,scratch,Mary,doctor,animate,animate,Mary scratched the doctor.,The doctor was scratched by Mary.,The doctor scratched Mary.,Mary was scratched by the doctor.
1358,mixed_contact,sensible,contact,past,scratch,Mary,farmer,animate,animate,Mary scratched the farmer.,The farmer was scratched by Mary.,The farmer scratched Mary.,Mary was scratched by the farmer.
1359,mixed_contact,sensible,contact,past,scratch,Mary,pilot,animate,animate,Mary scratched the pilot.,The pilot was scratched by Mary.,The pilot scratched Mary.,Mary was scratched by the pilot.
1360,mixed_contact,sensible,contact,past,scratch,Mary,chef,animate,animate,Mary scratched the chef.,The chef was scratched by Mary.,The chef scratched Mary.,Mary was scratched by the chef.
1361,mixed_contact,sensible,contact,past,scratch,Mary,driver,animate,animate,Mary scratched the driver.,The driver was scratched by Mary.,The driver scratched Mary.,Mary was scratched by the driver.
1362,mixed_contact,sensible,contact,past,scratch,Mary,ball,animate,inanimate,Mary scratched the ball.,The ball was scratched by Mary.,The ball scratched Mary.,Mary was scratched by the ball.
1363,mixed_contact,sensible,contact,past,scratch,Mary,rock,animate,inanimate,Mary scratched the rock.,The rock was scratched by Mary.,The rock scratched Mary.,Mary was scratched by the rock.
1364,mixed_contact,sensible,contact,past,scratch,Mary,box,animate,inanimate,Mary scratched the box.,The box was scratched by Mary.,The box scratched Mary.,Mary was scratched by the box.
1365,mixed_contact,sensible,contact,past,scratch,Mary,car,animate,inanimate,Mary scratched the car.,The car was scratched by Mary.,The car scratched Mary.,Mary was scratched by the car.
1366,mixed_contact,sensible,contact,past,scratch,Mary,door,animate,inanimate,Mary scratched the door.,The door was scratched by Mary.,The door scratched Mary.,Mary was scratched by the door.
1367,mixed_contact,sensible,contact,past,scratch,Mary,branch,animate,inanimate,Mary scratched the branch.,The branch was scratched by Mary.,The branch scratched Mary.,Mary was scratched by the branch.
1368,mixed_contact,sensible,contact,past,scratch,John,teacher,animate,animate,John scratched the teacher.,The teacher was scratched by John.,The teacher scratched John.,John was scratched by the teacher.
1369,mixed_contact,sensible,contact,past,scratch,John,doctor,animate,animate,John scratched the doctor.,The doctor was scratched by John.,The doctor scratched John.,John was scratched by the doctor.
1370,mixed_contact,sensible,contact,past,scratch,John,farmer,animate,animate,John scratched the farmer.,The farmer was scratched by John.,The farmer scratched John.,John was scratched by the farmer.
1371,mixed_contact,sensible,contact,past,scratch,John,pilot,animate,animate,John scratched the pilot.,The pilot was scratched by John.,The pilot scratched John.,John was scratched by the pilot.
1372,mixed_contact,sensible,contact,past,scratch,John,chef,animate,animate,John scratched the chef.,The chef was scratched by John.,The chef scratched John.,John was scratched by the chef.
1373,mixed_contact,sensible,contact,past,scratch,John,driver,animate,animate,John scratched the driver.,The driver was scratched by John.,The driver scratched John.,John was scratched by the driver.
1374,mixed_contact,sensible,contact,past,scratch,John,ball,animate,inanimate,John scratched the ball.,The ball was scratched by John.,The ball scratched John.,John was scratched by the ball.
1375,mixed_contact,sensible,contact,past,scratch,John,rock,animate,inanimate,John scratched the rock.,The rock was scratched by John.,The rock scratched John.,John was scratched by the rock.
1376,mixed_contact,sensible,contact,past,scratch,John,box,animate,inanimate,John scratched the box.,The box was scratched by John.,The box scratched John.,John was scratched by the box.
1377,mixed_contact,sensible,contact,past,scratch,John,car,animate,inanimate,John scratched the car.,The car was scratched by John.,The car scratched John.,John was scratched by the car.
1378,mixed_contact,sensible,contact,past,scratch,John,door,animate,inanimate,John scratched the door.,The door was scratched by John.,The door scratched John.,John was scratched by the door.
1379,mixed_contact,sensible,contact,past,scratch,John,branch,animate,inanimate,John scratched the branch.,The branch was scratched by John.,The branch scratched John.,John was scratched by the branch.
1380,mixed_contact,sensible,contact,past,scratch,Anna,teacher,animate,animate,Anna scratched the teacher.,The teacher was scratched by Anna.,The teacher scratched Anna.,Anna was scratched by the teacher.
1381,mixed_contact,sensible,contact,past,scratch,Anna,doctor,animate,animate,Anna scratched the doctor.,The doctor was scratched by Anna.,The doctor scratched Anna.,Anna was scratched by the doctor.
1382,mixed_contact,sensible,contact,past,scratch,Anna,farmer,animate,animate,Anna scratched the farmer.,The farmer was scratched by Anna.,The farmer scratched Anna.,Anna was scratched by the farmer.
1383,mixed_contact,sensible,contact,past,scratch,Anna,pilot,animate,animate,Anna scratched the pilot.,The pilot was scratched by Anna.,The pilot scratched Anna.,Anna was scratched by the pilot.
1384,mixed_contact,sensible,contact,past,scratch,Anna,chef,animate,animate,Anna scratched the chef.,The chef was scratched by Anna.,The chef scratched Anna.,Anna was scratched by the chef.
1385,mixed_contact,sensible,contact,past,scratch,Anna,driver,animate,animate,Anna scratched the driver.,The driver was scratched by Anna.,The driver scratched Anna.,Anna was scratched by the driver.
1386,mixed_contact,sensible,contact,past,scratch,Anna,ball,animate,inanimate,Anna scratched the ball.,The ball was scratched by Anna.,The ball scratched Anna.,Anna was scratched by the ball.
1387,mixed_contact,sensible,contact,past,scratch,Anna,rock,animate,inanimate,Anna scratched the rock.,The rock was scratched by Anna.,The rock scratched Anna.,Anna was scratched by the rock.
1388,mixed_contact,sensible,contact,past,scratch,Anna,box,animate,inanimate,Anna scratched the box.,The box was scratched by Anna.,The box scratched Anna.,Anna was scratched by the box.
1389,mixed_contact,sensible,contact,past,scratch,Anna,car,animate,inanimate,Anna scratched the car.,The car was scratched by Anna.,The car scratched Anna.,Anna was scratched by the car.
1390,mixed_contact,sensible,contact,past,scratch,Anna,door,animate,inanimate,Anna scratched the door.,The door was scratched by Anna.,The door scratched Anna.,Anna was scratched by the door.
1391,mixed_contact,sensible,contact,past,scratch,Anna,branch,animate,inanimate,Anna scratched the branch.,The branch was scratched by Anna.,The branch scratched Anna.,Anna was scratched by the branch.
1392,mixed_contact,sensible,contact,past,scratch,David,teacher,animate,animate,David scratched the teacher.,The teacher was scratched by David.,The teacher scratched David.,David was scratched by the teacher.
1393,mixed_contact,sensible,contact,past,scratch,David,doctor,animate,animate,David scratched the doctor.,The doctor was scratched by David.,The doctor scratched David.,David was scratched by the doctor.
1394,mixed_contact,sensible,contact,past,scratch,David,farmer,animate,animate,David scratched the farmer.,The farmer was scratched by David.,The farmer scratched David.,David was scratched by the farmer.
1395,mixed_contact,sensible,contact,past,scratch,David,pilot,animate,animate,David scratched the pilot.,The pilot was scratched by David.,The pilot scratched David.,David was scratched by the pilot.
1396,mixed_contact,sensible,contact,past,scratch,David,chef,animate,animate,David scratched the chef.,The chef was scratched by David.,The chef scratched David.,David was scratched by the chef.
1397,mixed_contact,sensible,contact,past,scratch,David,driver,animate,animate,David scratched the driver.,The driver was scratched by David.,The driver scratched David.,David was scratched by the driver.
1398,mixed_contact,sensible,contact,past,scratch,David,ball,animate,inanimate,David scratched the ball.,The ball was scratched by David.,The ball scratched David.,David was scratched by the ball.
1399,mixed_contact,sensible,contact,past,scratch,David,rock,animate,inanimate,David scratched the rock.,The rock was scratched by David.,The rock scratched David.,David was scratched by the rock.
1400,mixed_contact,sensible,contact,past,scratch,David,box,animate,inanimate,David scratched the box.,The box was scratched by David.,The box scratched David.,David was scratched by the box.
1401,mixed_contact,sensible,contact,past,scratch,David,car,animate,inanimate,David scratched the car.,The car was scratched by David.,The car scratched David.,David was scratched by the car.
1402,mixed_contact,sensible,contact,past,scratch,David,door,animate,inanimate,David scratched the door.,The door was scratched by David.,The door scratched David.,David was scratched by the door.
1403,mixed_contact,sensible,contact,past,scratch,David,branch,animate,inanimate,David scratched the branch.,The branch was scratched by David.,The branch scratched David.,David was scratched by the branch.
1404,mixed_contact,sensible,contact,past,brush,Mary,teacher,animate,animate,Mary brushed the teacher.,The teacher was brushed by Mary.,The teacher brushed Mary.,Mary was brushed by the teacher.
1405,mixed_contact,sensible,contact,past,brush,Mary,doctor,animate,animate,Mary brushed the doctor.,The doctor was brushed by Mary.,The doctor brushed Mary.,Mary was brushed by the doctor.
1406,mixed_contact,sensible,contact,past,brush,Mary,farmer,animate,animate,Mary brushed the farmer.,The farmer was brushed by Mary.,The farmer brushed Mary.,Mary was brushed by the farmer.
1407,mixed_contact,sensible,contact,past,brush,Mary,pilot,animate,animate,Mary brushed the pilot.,The pilot was brushed by Mary.,The pilot brushed Mary.,Mary was brushed by the pilot.
1408,mixed_contact,sensible,contact,past,brush,Mary,chef,animate,animate,Mary brushed the chef.,The chef was brushed by Mary.,The chef brushed Mary.,Mary was brushed by the chef.
1409,mixed_contact,sensible,contact,past,brush,Mary,driver,animate,animate,Mary brushed the driver.,The driver was brushed by Mary.,The driver brushed Mary.,Mary was brushed by the driver.
1410,mixed_contact,sensible,contact,past,brush,Mary,ball,animate,inanimate,Mary brushed the ball.,The ball was brushed by Mary.,The ball brushed Mary.,Mary was brushed by the ball.
1411,mixed_contact,sensible,contact,past,brush,Mary,rock,animate,inanimate,Mary brushed the rock.,The rock was brushed by Mary.,The rock brushed Mary.,Mary was brushed by the rock.
1412,mixed_contact,sensible,contact,past,brush,Mary,box,animate,inanimate,Mary brushed the box.,The box was brushed by Mary.,The box brushed Mary.,Mary was brushed by the box.
1413,mixed_contact,sensible,contact,past,brush,Mary,car,animate,inanimate,Mary brushed the car.,The car was brushed by Mary.,The car brushed Mary.,Mary was brushed by the car.
1414,mixed_contact,sensible,contact,past,brush,Mary,door,animate,inanimate,Mary brushed the door.,The door was brushed by Mary.,The door brushed Mary.,Mary was brushed by the door.
1415,mixed_contact,sensible,contact,past,brush,Mary,branch,animate,inanimate,Mary brushed the branch.,The branch was brushed by Mary.,The branch brushed Mary.,Mary was brushed by the branch.
1416,mixed_contact,sensible,contact,past,brush,John,teacher,animate,animate,John brushed the teacher.,The teacher was brushed by John.,The teacher brushed John.,John was brushed by the teacher.
1417,mixed_contact,sensible,contact,past,brush,John,doctor,animate,animate,John brushed the doctor.,The doctor was brushed by John.,The doctor brushed John.,John was brushed by the doctor.
1418,mixed_contact,sensible,contact,past,brush,John,farmer,animate,animate,John brushed the farmer.,The farmer was brushed by John.,The farmer brushed John.,John was brushed by the farmer.
1419,mixed_contact,sensible,contact,past,brush,John,pilot,animate,animate,John brushed the pilot.,The pilot was brushed by John.,The pilot brushed John.,John was brushed by the pilot.
1420,mixed_contact,sensible,contact,past,brush,John,chef,animate,animate,John brushed the chef.,The chef was brushed by John.,The chef brushed John.,John was brushed by the chef.
1421,mixed_contact,sensible,contact,past,brush,John,driver,animate,animate,John brushed the driver.,The driver was brushed by John.,The driver brushed John.,John was brushed by the driver.
1422,mixed_contact,sensible,contact,past,brush,John,ball,animate,inanimate,John brushed the ball.,The ball was brushed by John.,The ball brushed John.,John was brushed by the ball.
1423,mixed_contact,sensible,contact,past,brush,John,rock,animate,inanimate,John brushed the rock.,The rock was brushed by John.,The rock brushed John.,John was brushed by the rock.
1424,mixed_contact,sensible,contact,past,brush,John,box,animate,inanimate,John brushed the box.,The box was brushed by John.,The box brushed John.,John was brushed by the box.
1425,mixed_contact,sensible,contact,past,brush,John,car,animate,inanimate,John brushed the car.,The car was brushed by John.,The car brushed John.,John was brushed by the car.
1426,mixed_contact,sensible,contact,past,brush,John,door,animate,inanimate,John brushed the door.,The door was brushed by John.,The door brushed John.,John was brushed by the door.
1427,mixed_contact,sensible,contact,past,brush,John,branch,animate,inanimate,John brushed the branch.,The branch was brushed by John.,The branch brushed John.,John was brushed by the branch.
1428,mixed_contact,sensible,contact,past,brush,Anna,teacher,animate,animate,Anna brushed the teacher.,The teacher was brushed by Anna.,The teacher brushed Anna.,Anna was brushed by the teacher.
1429,mixed_contact,sensible,contact,past,brush,Anna,doctor,animate,animate,Anna brushed the doctor.,The doctor was brushed by Anna.,The doctor brushed Anna.,Anna was brushed by the doctor.
1430,mixed_contact,sensible,contact,past,brush,Anna,farmer,animate,animate,Anna brushed the farmer.,The farmer was brushed by Anna.,The farmer brushed Anna.,Anna was brushed by the farmer.
1431,mixed_contact,sensible,contact,past,brush,Anna,pilot,animate,animate,Anna brushed the pilot.,The pilot was brushed by Anna.,The pilot brushed Anna.,Anna was brushed by the pilot.
1432,mixed_contact,sensible,contact,past,brush,Anna,chef,animate,animate,Anna brushed the chef.,The chef was brushed by Anna.,The chef brushed Anna.,Anna was brushed by the chef.
1433,mixed_contact,sensible,contact,past,brush,Anna,driver,animate,animate,Anna brushed the driver.,The driver was brushed by Anna.,The driver brushed Anna.,Anna was brushed by the driver.
1434,mixed_contact,sensible,contact,past,brush,Anna,ball,animate,inanimate,Anna brushed the ball.,The ball was brushed by Anna.,The ball brushed Anna.,Anna was brushed by the ball.
1435,mixed_contact,sensible,contact,past,brush,Anna,rock,animate,inanimate,Anna brushed the rock.,The rock was brushed by Anna.,The rock brushed Anna.,Anna was brushed by the rock.
1436,mixed_contact,sensible,contact,past,brush,Anna,box,animate,inanimate,Anna brushed the box.,The box was brushed by Anna.,The box brushed Anna.,Anna was brushed by the box.
1437,mixed_contact,sensible,contact,past,brush,Anna,car,animate,inanimate,Anna brushed the car.,The car was brushed by Anna.,The car brushed Anna.,Anna was brushed by the car.
1438,mixed_contact,sensible,contact,past,brush,Anna,door,animate,inanimate,Anna brushed the door.,The door was brushed by Anna.,The door brushed Anna.,Anna was brushed by the door.
1439,mixed_contact,sensible,contact,past,brush,Anna,branch,animate,inanimate,Anna brushed the branch.,The branch was brushed by Anna.,The branch brushed Anna.,Anna was brushed by the branch.
1440,mixed_contact,sensible,contact,past,brush,David,teacher,animate,animate,David brushed the teacher.,The teacher was brushed by David.,The teacher brushed David.,David was brushed by the teacher.
1441,mixed_contact,sensible,contact,past,brush,David,doctor,animate,animate,David brushed the doctor.,The doctor was brushed by David.,The doctor brushed David.,David was brushed by the doctor.
1442,mixed_contact,sensible,contact,past,brush,David,farmer,animate,animate,David brushed the farmer.,The farmer was brushed by David.,The farmer brushed David.,David was brushed by the farmer.
1443,mixed_contact,sensible,contact,past,brush,David,pilot,animate,animate,David brushed the pilot.,The pilot was brushed by David.,The pilot brushed David.,David was brushed by the pilot.
1444,mixed_contact,sensible,contact,past,brush,David,chef,animate,animate,David brushed the chef.,The chef was brushed by David.,The chef brushed David.,David was brushed by the chef.
1445,mixed_contact,sensible,contact,past,brush,David,driver,animate,animate,David brushed the driver.,The driver was brushed by David.,The driver brushed David.,David was brushed by the driver.
1446,mixed_contact,sensible,contact,past,brush,David,ball,animate,inanimate,David brushed the ball.,The ball was brushed by David.,The ball brushed David.,David was brushed by the ball.
1447,mixed_contact,sensible,contact,past,brush,David,rock,animate,inanimate,David brushed the rock.,The rock was brushed by David.,The rock brushed David.,David was brushed by the rock.
1448,mixed_contact,sensible,contact,past,brush,David,box,animate,inanimate,David brushed the box.,The box was brushed by David.,The box brushed David.,David was brushed by the box.
1449,mixed_contact,sensible,contact,past,brush,David,car,animate,inanimate,David brushed the car.,The car was brushed by David.,The car brushed David.,David was brushed by the car.
1450,mixed_contact,sensible,contact,past,brush,David,door,animate,inanimate,David brushed the door.,The door was brushed by David.,The door brushed David.,David was brushed by the door.
1451,mixed_contact,sensible,contact,past,brush,David,branch,animate,inanimate,David brushed the branch.,The branch was brushed by David.,The branch brushed David.,David was brushed by the branch.
1452,anomalous_II,anomalous,agentive,past,kick,ball,rock,inanimate,inanimate,The ball kicked the rock.,The rock was kicked by the ball.,The rock kicked the ball.,The ball was kicked by the rock.
1453,anomalous_II,anomalous,agentive,past,kick,ball,box,inanimate,inanimate,The ball kicked the box.,The box was kicked by the ball.,The box kicked the ball.,The ball was kicked by the box.
1454,anomalous_II,anomalous,agentive,past,kick,ball,car,inanimate,inanimate,The ball kicked the car.,The car was kicked by the ball.,The car kicked the ball.,The ball was kicked by the car.
1455,anomalous_II,anomalous,agentive,past,kick,ball,door,inanimate,inanimate,The ball kicked the door.,The door was kicked by the ball.,The door kicked the ball.,The ball was kicked by the door.
1456,anomalous_II,anomalous,agentive,past,kick,ball,branch,inanimate,inanimate,The ball kicked the branch.,The branch was kicked by the ball.,The branch kicked the ball.,The ball was kicked by the branch.
1457,anomalous_II,anomalous,agentive,past,kick,rock,box,inanimate,inanimate,The rock kicked the box.,The box was kicked by the rock.,The box kicked the rock.,The rock was kicked by the box.
1458,anomalous_II,anomalous,agentive,past,kick,rock,car,inanimate,inanimate,The rock kicked the car.,The car was kicked by the rock.,The car kicked the rock.,The rock was kicked by the car.
1459,anomalous_II,anomalous,agentive,past,kick,rock,door,inanimate,inanimate,The rock kicked the door.,The door was kicked by the rock.,The door kicked the rock.,The rock was kicked by the door.
1460,anomalous_II,anomalous,agentive,past,kick,rock,branch,inanimate,inanimate,The rock kicked the branch.,The branch was kicked by the rock.,The branch kicked the rock.,The rock was kicked by the branch.
1461,anomalous_II,anomalous,agentive,past,kick,box,car,inanimate,inanimate,The box kicked the car.,The car was kicked by the box.,The car kicked the box.,The box was kicked by the car.
1462,anomalous_II,anomalous,agentive,past,kick,box,door,inanimate,inanimate,The box kicked the door.,The door was kicked by the box.,The door kicked the box.,The box was kicked by the door.
1463,anomalous_II,anomalous,agentive,past,kick,box,branch,inanimate,inanimate,The box kicked the branch.,The branch was kicked by the box.,The branch kicked the box.,The box was kicked by the branch.
1464,anomalous_II,anomalous,agentive,past,kick,car,door,inanimate,inanimate,The car kicked the door.,The door was kicked by the car.,The door kicked the car.,The car was kicked by the door.
1465,anomalous_II,anomalous,agentive,past,kick,car,branch,inanimate,inanimate,The car kicked the branch.,The branch was kicked by the car.,The branch kicked the car.,The car was kicked by the branch.
1466,anomalous_II,anomalous,agentive,past,kick,door,branch,inanimate,inanimate,The door kicked the branch.,The branch was kicked by the door.,The branch kicked the door.,The door was kicked by the branch.
1467,anomalous_II,anomalous,agentive,past,tickle,ball,rock,inanimate,inanimate,The ball tickled the rock.,The rock was tickled by the ball.,The rock tickled the ball.,The ball was tickled by the rock.
1468,anomalous_II,anomalous,agentive,past,tickle,ball,box,inanimate,inanimate,The ball tickled the box.,The box was tickled by the ball.,The box tickled the ball.,The ball was tickled by the box.
1469,anomalous_II,anomalous,agentive,past,tickle,ball,car,inanimate,inanimate,The ball tickled the car.,The car was tickled by the ball.,The car tickled the ball.,The ball was tickled by the car.
1470,anomalous_II,anomalous,agentive,past,tickle,ball,door,inanimate,inanimate,The ball tickled the door.,The door was tickled by the ball.,The door tickled the ball.,The ball was tickled by the door.
1471,anomalous_II,anomalous,agentive,past,tickle,ball,branch,inanimate,inanimate,The ball tickled the branch.,The branch was tickled by the ball.,The branch tickled the ball.,The ball was tickled by the branch.
1472,anomalous_II,anomalous,agentive,past,tickle,rock,box,inanimate,inanimate,The rock tickled the box.,The box was tickled by the rock.,The box tickled the rock.,The rock was tickled by the box.
1473,anomalous_II,anomalous,agentive,past,tickle,rock,car,inanimate,inanimate,The rock tickled the car.,The car was tickled by the rock.,The car tickled the rock.,The rock was tickled by the car.
1474,anomalous_II,anomalous,agentive,past,tickle,rock,door,inanimate,inanimate,The rock tickled the door.,The door was tickled by the rock.,The door tickled the rock.,The rock was tickled by the door.
1475,anomalous_II,anomalous,agentive,past,tickle,rock,branch,inanimate,inanimate,The rock tickled the branch.,The branch was tickled by the rock.,The branch tickled the rock.,The rock was tickled by the branch.
1476,anomalous_II,anomalous,agentive,past,tickle,box,car,inanimate,inanimate,The box tickled the car.,The car was tickled by the box.,The car tickled the box.,The box was tickled by the car.
1477,anomalous_II,anomalous,agentive,past,tickle,box,door,inanimate,inanimate,The box tickled the door.,The door was tickled by the box.,The door tickled the box.,The box was tickled by the door.
1478,anomalous_II,anomalous,agentive,past,tickle,box,branch,inanimate,inanimate,The box tickled the branch.,The branch was tickled by the box.,The branch tickled the box.,The box was tickled by the branch.
1479,anomalous_II,anomalous,agentive,past,tickle,car,door,inanimate,inanimate,The car tickled the door.,The door was tickled by the car.,The door tickled the car.,The car was tickled by the door.
1480,anomalous_II,anomalous,agentive,past,tickle,car,branch,inanimate,inanimate,The car tickled the branch.,The branch was tickled by the car.,The branch tickled the car.,The car was tickled by the branch.
1481,anomalous_II,anomalous,agentive,past,tickle,door,branch,inanimate,inanimate,The door tickled the branch.,The branch was tickled by the door.,The branch tickled the door.,The door was tickled by the branch.
1482,anomalous_II,anomalous,agentive,past,call,ball,rock,inanimate,inanimate,The ball called the rock.,The rock was called by the ball.,The rock called the ball.,The ball was called by the rock.
1483,anomalous_II,anomalous,agentive,past,call,ball,box,inanimate,inanimate,The ball called the box.,The box was called by the ball.,The box called the ball.,The ball was called by the box.
1484,anomalous_II,anomalous,agentive,past,call,ball,car,inanimate,inanimate,The ball called the car.,The car was called by the ball.,The car called the ball.,The ball was called by the car.
1485,anomalous_II,anomalous,agentive,past,call,ball,door,inanimate,inanimate,The ball called the door.,The door was called by the ball.,The door called the ball.,The ball was called by the door.
1486,anomalous_II,anomalous,agentive,past,call,ball,branch,inanimate,inanimate,The ball called the branch.,The branch was called by the ball.,The branch called the ball.,The ball was called by the branch.
1487,anomalous_II,anomalous,agentive,past,call,rock,box,inanimate,inanimate,The rock called the box.,The box was called by the rock.,The box called the rock.,The rock was called by the box.
1488,anomalous_II,anomalous,agentive,past,call,rock,car,inanimate,inanimate,The rock called the car.,The car was called by the rock.,The car called the rock.,The rock was called by the car.
1489,anomalous_II,anomalous,agentive,past,call,rock,door,inanimate,inanimate,The rock called the door.,The door was called by the rock.,The door called the rock.,The rock was called by the door.
1490,anomalous_II,anomalous,agentive,past,call,rock,branch,inanimate,inanimate,The rock called the branch.,The branch was called by the rock.,The branch called the rock.,The rock was called by the branch.
1491,anomalous_II,anomalous,agentive,past,call,box,car,inanimate,inanimate,The box called the car.,The car was called by the box.,The car called the box.,The box was called by the car.
1492,anomalous_II,anomalous,agentive,past,call,box,door,inanimate,inanimate,The box called the door.,The door was called by the box.,The door called the box.,The box was called by the door.
1493,anomalous_II,anomalous,agentive,past,call,box,branch,inanimate,inanimate,The box called the branch.,The branch was called by the box.,The branch called the box.,The box was called by the branch.
1494,anomalous_II,anomalous,agentive,past,call,car,door,inanimate,inanimate,The car called the door.,The door was called by the car.,The door called the car.,The car was called by the door.
1495,anomalous_II,anomalous,agentive,past,call,car,branch,inanimate,inanimate,The car called the branch.,The branch was called by the car.,The branch called the car.,The car was called by the branch.
1496,anomalous_II,anomalous,agentive,past,call,door,branch,inanimate,inanimate,The door called the branch.,The branch was called by the door.,The branch called the door.,The door was called by the branch.
1497,anomalous_II,anomalous,agentive,past,thank,ball,rock,inanimate,inanimate,The ball thanked the rock.,The rock was thanked by the ball.,The rock thanked the ball.,The ball was thanked by the rock.
1498,anomalous_II,anomalous,agentive,past,thank,ball,box,inanimate,inanimate,The ball thanked the box.,The box was thanked by the ball.,The box thanked the ball.,The ball was thanked by the box.
1499,anomalous_II,anomalous,agentive,past,thank,ball,car,inanimate,inanimate,The ball thanked the car.,The car was thanked by the ball.,The car thanked the ball.,The ball was thanked by the car.
1500,anomalous_II,anomalous,agentive,past,thank,ball,door,inanimate,inanimate,The ball thanked the door.,The door was thanked by the ball.,The door thanked the ball.,The ball was thanked by the door.
1501,anomalous_II,anomalous,agentive,past,thank,ball,branch,inanimate,inanimate,The ball thanked the branch.,The branch was thanked by the ball.,The branch thanked the ball.,The ball was thanked by the branch.
1502,anomalous_II,anomalous,agentive,past,thank,rock,box,inanimate,inanimate,The rock thanked the box.,The box was thanked by the rock.,The box thanked the rock.,The rock was thanked by the box.
1503,anomalous_II,anomalous,agentive,past,thank,rock,car,inanimate,inanimate,The rock thanked the car.,The car was thanked by the rock.,The car thanked the rock.,The rock was thanked by the car.
1504,anomalous_II,anomalous,agentive,past,thank,rock,door,inanimate,inanimate,The rock thanked the door.,The door was thanked by the rock.,The door thanked the rock.,The rock was thanked by the door.
1505,anomalous_II,anomalous,agentive,past,thank,rock,branch,inanimate,inanimate,The rock thanked the branch.,The branch was thanked by the rock.,The branch thanked the rock.,The rock was thanked by the branch.
1506,anomalous_II,anomalous,agentive,past,thank,box,car,inanimate,inanimate,The box thanked the car.,The car was thanked by the box.,The car thanked the box.,The box was thanked by the car.
1507,anomalous_II,anomalous,agentive,past,thank,box,door,inanimate,inanimate,The box thanked the door.,The door was thanked by the box.,The door thanked the box.,The box was thanked by the door.
1508,anomalous_II,anomalous,agentive,past,thank,box,branch,inanimate,inanimate,The box thanked the branch.,The branch was thanked by the box.,The branch thanked the box.,The box was thanked by the branch.
1509,anomalous_II,anomalous,agentive,past,thank,car,door,inanimate,inanimate,The car thanked the door.,The door was thanked by the car.,The door thanked the car.,The car was thanked by the door.
1510,anomalous_II,anomalous,agentive,past,thank,car,branch,inanimate,inanimate,The car thanked the branch.,The branch was thanked by the car.,The branch thanked the car.,The car was thanked by the branch.
1511,anomalous_II,anomalous,agentive,past,thank,door,branch,inanimate,inanimate,The door thanked the branch.,The branch was thanked by the door.,The branch thanked the door.,The door was thanked by the branch.
1512,anomalous_II,anomalous,agentive,past,praise,ball,rock,inanimate,inanimate,The ball praised the rock.,The rock was praised by the ball.,The rock praised the ball.,The ball was praised by the rock.
1513,anomalous_II,anomalous,agentive,past,praise,ball,box,inanimate,inanimate,The ball praised the box.,The box was praised by the ball.,The box praised the ball.,The ball was praised by the box.
1514,anomalous_II,anomalous,agentive,past,praise,ball,car,inanimate,inanimate,The ball praised the car.,The car was praised by the ball.,The car praised the ball.,The ball was praised by the car.
1515,anomalous_II,anomalous,agentive,past,praise,ball,door,inanimate,inanimate,The ball praised the door.,The door was praised by the ball.,The door praised the ball.,The ball was praised by the door.
1516,anomalous_II,anomalous,agentive,past,praise,ball,branch,inanimate,inanimate,The ball praised the branch.,The branch was praised by the ball.,The branch praised the ball.,The ball was praised by the branch.
1517,anomalous_II,anomalous,agentive,past,praise,rock,box,inanimate,inanimate,The rock praised the box.,The box was praised by the rock.,The box praised the rock.,The rock was praised by the box.
1518,anomalous_II,anomalous,agentive,past,praise,rock,car,inanimate,inanimate,The rock praised the car.,The car was praised by the rock.,The car praised the rock.,The rock was praised by the car.
1519,anomalous_II,anomalous,agentive,past,praise,rock,door,inanimate,inanimate,The rock praised the door.,The door was praised by the rock.,The door praised the rock.,The rock was praised by the door.
1520,anomalous_II,anomalous,agentive,past,praise,rock,branch,inanimate,inanimate,The rock praised the branch.,The branch was praised by the rock.,The branch praised the rock.,The rock was praised by the branch.
1521,anomalous_II,anomalous,agentive,past,praise,box,car,inanimate,inanimate,The box praised the car.,The car was praised by the box.,The car praised the box.,The box was praised by the car.
1522,anomalous_II,anomalous,agentive,past,praise,box,door,inanimate,inanimate,The box praised the door.,The door was praised by the box.,The door praised the box.,The box was praised by the door.
1523,anomalous_II,anomalous,agentive,past,praise,box,branch,inanimate,inanimate,The box praised the branch.,The branch was praised by the box.,The branch praised the box.,The box was praised by the branch.
1524,anomalous_II,anomalous,agentive,past,praise,car,door,inanimate,inanimate,The car praised the door.,The door was praised by the car.,The door praised the car.,The car was praised by the door.
1525,anomalous_II,anomalous,agentive,past,praise,car,branch,inanimate,inanimate,The car praised the branch.,The branch was praised by the car.,The branch praised the car.,The car was praised by the branch.
1526,anomalous_II,anomalous,agentive,past,praise,door,branch,inanimate,inanimate,The door praised the branch.,The branch was praised by the door.,The branch praised the door.,The door was praised by the branch.
1527,anomalous_II,anomalous,agentive,past,blame,ball,rock,inanimate,inanimate,The ball blamed the rock.,The rock was blamed by the ball.,The rock blamed the ball.,The ball was blamed by the rock.
1528,anomalous_II,anomalous,agentive,past,blame,ball,box,inanimate,inanimate,The ball blamed the box.,The box was blamed by the ball.,The box blamed the ball.,The ball was blamed by the box.
1529,anomalous_II,anomalous,agentive,past,blame,ball,car,inanimate,inanimate,The ball blamed the car.,The car was blamed by the ball.,The car blamed the ball.,The ball was blamed by the car.
1530,anomalous_II,anomalous,agentive,past,blame,ball,door,inanimate,inanimate,The ball blamed the door.,The door was blamed by the ball.,The door blamed the ball.,The ball was blamed by the door.
1531,anomalous_II,anomalous,agentive,past,blame,ball,branch,inanimate,inanimate,The ball blamed the branch.,The branch was blamed by the ball.,The branch blamed the ball.,The ball was blamed by the branch.
1532,anomalous_II,anomalous,agentive,past,blame,rock,box,inanimate,inanimate,The rock blamed the box.,The box was blamed by the rock.,The box blamed the rock.,The rock was blamed by the box.
1533,anomalous_II,anomalous,agentive,past,blame,rock,car,inanimate,inanimate,The rock blamed the car.,The car was blamed by the rock.,The car blamed the rock.,The rock was blamed by the car.
1534,anomalous_II,anomalous,agentive,past,blame,rock,door,inanimate,inanimate,The rock blamed the door.,The door was blamed by the rock.,The door blamed the rock.,The rock was blamed by the door.
1535,anomalous_II,anomalous,agentive,past,blame,rock,branch,inanimate,inanimate,The rock blamed the branch.,The branch was blamed by the rock.,The branch blamed the rock.,The rock was blamed by the branch.
1536,anomalous_II,anomalous,agentive,past,blame,box,car,inanimate,inanimate,The box blamed the car.,The car was blamed by the box.,The car blamed the box.,The box was blamed by the car.
1537,anomalous_II,anomalous,agentive,past,blame,box,door,inanimate,inanimate,The box blamed the door.,The door was blamed by the box.,The door blamed the box.,The box was blamed by the door.
1538,anomalous_II,anomalous,agentive,past,blame,box,branch,inanimate,inanimate,The box blamed the branch.,The branch was blamed by the box.,The branch blamed the box.,The box was blamed by the branch.
1539,anomalous_II,anomalous,agentive,past,blame,car,door,inanimate,inanimate,The car blamed the door.,The door was blamed by the car.,The door blamed the car.,The car was blamed by the door.
1540,anomalous_II,anomalous,agentive,past,blame,car,branch,inanimate,inanimate,The car blamed the branch.,The branch was blamed by the car.,The branch blamed the car.,The car was blamed by the branch.
1541,anomalous_II,anomalous,agentive,past,blame,door,branch,inanimate,inanimate,The door blamed the branch.,The branch was blamed by the door.,The branch blamed the door.,The door was blamed by the branch.
1542,anomalous_II,anomalous,agentive,past,warn,ball,rock,inanimate,inanimate,The ball warned the rock.,The rock was warned by the ball.,The rock warned the ball.,The ball was warned by the rock.
1543,anomalous_II,anomalous,agentive,past,warn,ball,box,inanimate,inanimate,The ball warned the box.,The box was warned by the ball.,The box warned the ball.,The ball was warned by the box.
1544,anomalous_II,anomalous,agentive,past,warn,ball,car,inanimate,inanimate,The ball warned the car.,The car was warned by the ball.,The car warned the ball.,The ball was warned by the car.
1545,anomalous_II,anomalous,agentive,past,warn,ball,door,inanimate,inanimate,The ball warned the door.,The door was warned by the ball.,The door warned the ball.,The ball was warned by the door.
1546,anomalous_II,anomalous,agentive,past,warn,ball,branch,inanimate,inanimate,The ball warned the branch.,The branch was warned by the ball.,The branch warned the ball.,The ball was warned by the branch.
1547,anomalous_II,anomalous,agentive,past,warn,rock,box,inanimate,inanimate,The rock warned the box.,The box was warned by the rock.,The box warned the rock.,The rock was warned by the box.
1548,anomalous_II,anomalous,agentive,past,warn,rock,car,inanimate,inanimate,The rock warned the car.,The car was warned by the rock.,The car warned the rock.,The rock was warned by the car.
1549,anomalous_II,anomalous,agentive,past,warn,rock,door,inanimate,inanimate,The rock warned the door.,The door was warned by the rock.,The door warned the rock.,The rock was warned by the door.
1550,anomalous_II,anomalous,agentive,past,warn,rock,branch,inanimate,inanimate,The rock warned the branch.,The branch was warned by the rock.,The branch warned the rock.,The rock was warned by the branch.
1551,anomalous_II,anomalous,agentive,past,warn,box,car,inanimate,inanimate,The box warned the car.,The car was warned by the box.,The car warned the box.,The box was warned by the car.
1552,anomalous_II,anomalous,agentive,past,warn,box,door,inanimate,inanimate,The box warned the door.,The door was warned by the box.,The door warned the box.,The box was warned by the door.
1553,anomalous_II,anomalous,agentive,past,warn,box,branch,inanimate,inanimate,The box warned the branch.,The branch was warned by the box.,The branch warned the box.,The box was warned by the branch.
1554,anomalous_II,anomalous,agentive,past,warn,car,door,inanimate,inanimate,The car warned the door.,The door was warned by the car.,The door warned the car.,The car was warned by the door.
1555,anomalous_II,anomalous,agentive,past,warn,car,branch,inanimate,inanimate,The car warned the branch.,The branch was warned by the car.,The branch warned the car.,The car was warned by the branch.
1556,anomalous_II,anomalous,agentive,past,warn,door,branch,inanimate,inanimate,The door warned the branch.,The branch was warned by the door.,The branch warned the door.,The door was warned by the branch.
1557,anomalous_AI_IA,anomalous,agentive,past,tickle,teacher,ball,animate,inanimate,The teacher tickled the ball.,The ball was tickled by the teacher.,The ball tickled the teacher.,The teacher was tickled by the ball.
1558,anomalous_AI_IA,anomalous,agentive,past,tickle,teacher,rock,animate,inanimate,The teacher tickled the rock.,The rock was tickled by the teacher.,The rock tickled the teacher.,The teacher was tickled by the rock.
1559,anomalous_AI_IA,anomalous,agentive,past,tickle,teacher,box,animate,inanimate,The teacher tickled the box.,The box was tickled by the teacher.,The box tickled the teacher.,The teacher was tickled by the box.
1560,anomalous_AI_IA,anomalous,agentive,past,tickle,teacher,car,animate,inanimate,The teacher tickled the car.,The car was tickled by the teacher.,The car tickled the teacher.,The teacher was tickled by the car.
1561,anomalous_AI_IA,anomalous,agentive,past,tickle,teacher,door,animate,inanimate,The teacher tickled the door.,The door was tickled by the teacher.,The door tickled the teacher.,The teacher was tickled by the door.
1562,anomalous_AI_IA,anomalous,agentive,past,tickle,teacher,branch,animate,inanimate,The teacher tickled the branch.,The branch was tickled by the teacher.,The branch tickled the teacher.,The teacher was tickled by the branch.
1563,anomalous_AI_IA,anomalous,agentive,past,tickle,doctor,ball,animate,inanimate,The doctor tickled the ball.,The ball was tickled by the doctor.,The ball tickled the doctor.,The doctor was tickled by the ball.
1564,anomalous_AI_IA,anomalous,agentive,past,tickle,doctor,rock,animate,inanimate,The doctor tickled the rock.,The rock was tickled by the doctor.,The rock tickled the doctor.,The doctor was tickled by the rock.
1565,anomalous_AI_IA,anomalous,agentive,past,tickle,doctor,box,animate,inanimate,The doctor tickled the box.,The box was tickled by the doctor.,The box tickled the doctor.,The doctor was tickled by the box.
1566,anomalous_AI_IA,anomalous,agentive,past,tickle,doctor,car,animate,inanimate,The doctor tickled the car.,The car was tickled by the doctor.,The car tickled the doctor.,The doctor was tickled by the car.
1567,anomalous_AI_IA,anomalous,agentive,past,tickle,doctor,door,animate,inanimate,The doctor tickled the door.,The door was tickled by the doctor.,The door tickled the doctor.,The doctor was tickled by the door.
1568,anomalous_AI_IA,anomalous,agentive,past,tickle,doctor,branch,animate,inanimate,The doctor tickled the branch.,The branch was tickled by the doctor.,The branch tickled the doctor.,The doctor was tickled by the branch.
1569,anomalous_AI_IA,anomalous,agentive,past,tickle,farmer,ball,animate,inanimate,The farmer tickled the ball.,The ball was tickled by the farmer.,The ball tickled the farmer.,The farmer was tickled by the ball.
1570,anomalous_AI_IA,anomalous,agentive,past,tickle,farmer,rock,animate,inanimate,The farmer tickled the rock.,The rock was tickled by the farmer.,The rock tickled the farmer.,The farmer was tickled by the rock.
1571,anomalous_AI_IA,anomalous,agentive,past,tickle,farmer,box,animate,inanimate,The farmer tickled the box.,The box was tickled by the farmer.,The box tickled the farmer.,The farmer was tickled by the box.
1572,anomalous_AI_IA,anomalous,agentive,past,tickle,farmer,car,animate,inanimate,The farmer tickled the car.,The car was tickled by the farmer.,The car tickled the farmer.,The farmer was tickled by the car.
1573,anomalous_AI_IA,anomalous,agentive,past,tickle,farmer,door,animate,inanimate,The farmer tickled the door.,The door was tickled by the farmer.,The door tickled the farmer.,The farmer was tickled by the door.
1574,anomalous_AI_IA,anomalous,agentive,past,tickle,farmer,branch,animate,inanimate,The farmer tickled the branch.,The branch was tickled by the farmer.,The branch tickled the farmer.,The farmer was tickled by the branch.
1575,anomalous_AI_IA,anomalous,agentive,past,tickle,pilot,ball,animate,inanimate,The pilot tickled the ball.,The ball was tickled by the pilot.,The ball tickled the pilot.,The pilot was tickled by the ball.
1576,anomalous_AI_IA,anomalous,agentive,past,tickle,pilot,rock,animate,inanimate,The pilot tickled the rock.,The rock was tickled by the pilot.,The rock tickled the pilot.,The pilot was tickled by the rock.
1577,anomalous_AI_IA,anomalous,agentive,past,tickle,pilot,box,animate,inanimate,The pilot tickled the box.,The box was tickled by the pilot.,The box tickled the pilot.,The pilot was tickled by the box.
1578,anomalous_AI_IA,anomalous,agentive,past,tickle,pilot,car,animate,inanimate,The pilot tickled the car.,The car was tickled by the pilot.,The car tickled the pilot.,The pilot was tickled by the car.
1579,anomalous_AI_IA,anomalous,agentive,past,tickle,pilot,door,animate,inanimate,The pilot tickled the door.,The door was tickled by the pilot.,The door tickled the pilot.,The pilot was tickled by the door.
1580,anomalous_AI_IA,anomalous,agentive,past,tickle,pilot,branch,animate,inanimate,The pilot tickled the branch.,The branch was tickled by the pilot.,The branch tickled the pilot.,The pilot was tickled by the branch.
1581,anomalous_AI_IA,anomalous,agentive,past,tickle,chef,ball,animate,inanimate,The chef tickled the ball.,The ball was tickled by the chef.,The ball tickled the chef.,The chef was tickled by the ball.
1582,anomalous_AI_IA,anomalous,agentive,past,tickle,chef,rock,animate,inanimate,The chef tickled the rock.,The rock was tickled by the chef.,The rock tickled the chef.,The chef was tickled by the rock.
1583,anomalous_AI_IA,anomalous,agentive,past,tickle,chef,box,animate,inanimate,The chef tickled the box.,The box was tickled by the chef.,The box tickled the chef.,The chef was tickled by the box.
1584,anomalous_AI_IA,anomalous,agentive,past,tickle,chef,car,animate,inanimate,The chef tickled the car.,The car was tickled by the chef.,The car tickled the chef.,The chef was tickled by the car.
1585,anomalous_AI_IA,anomalous,agentive,past,tickle,chef,door,animate,inanimate,The chef tickled the door.,The door was tickled by the chef.,The door tickled the chef.,The chef was tickled by the door.
1586,anomalous_AI_IA,anomalous,agentive,past,tickle,chef,branch,animate,inanimate,The chef tickled the branch.,The branch was tickled by the chef.,The branch tickled the chef.,The chef was tickled by the branch.
1587,anomalous_AI_IA,anomalous,agentive,past,tickle,driver,ball,animate,inanimate,The driver tickled the ball.,The ball was tickled by the driver.,The ball tickled the driver.,The driver was tickled by the ball.
1588,anomalous_AI_IA,anomalous,agentive,past,tickle,driver,rock,animate,inanimate,The driver tickled the rock.,The rock was tickled by the driver.,The rock tickled the driver.,The driver was tickled by the rock.
1589,anomalous_AI_IA,anomalous,agentive,past,tickle,driver,box,animate,inanimate,The driver tickled the box.,The box was tickled by the driver.,The box tickled the driver.,The driver was tickled by the box.
1590,anomalous_AI_IA,anomalous,agentive,past,tickle,driver,car,animate,inanimate,The driver tickled the car.,The car was tickled by the driver.,The car tickled the driver.,The driver was tickled by the car.
1591,anomalous_AI_IA,anomalous,agentive,past,tickle,driver,door,animate,inanimate,The driver tickled the door.,The door was tickled by the driver.,The door tickled the driver.,The driver was tickled by the door.
1592,anomalous_AI_IA,anomalous,agentive,past,tickle,driver,branch,animate,inanimate,The driver tickled the branch.,The branch was tickled by the driver.,The branch tickled the driver.,The driver was tickled by the branch.
1593,anomalous_AI_IA,anomalous,agentive,past,thank,teacher,ball,animate,inanimate,The teacher thanked the ball.,The ball was thanked by the teacher.,The ball thanked the teacher.,The teacher was thanked by the ball.
1594,anomalous_AI_IA,anomalous,agentive,past,thank,teacher,rock,animate,inanimate,The teacher thanked the rock.,The rock was thanked by the teacher.,The rock thanked the teacher.,The teacher was thanked by the rock.
1595,anomalous_AI_IA,anomalous,agentive,past,thank,teacher,box,animate,inanimate,The teacher thanked the box.,The box was thanked by the teacher.,The box thanked the teacher.,The teacher was thanked by the box.
1596,anomalous_AI_IA,anomalous,agentive,past,thank,teacher,car,animate,inanimate,The teacher thanked the car.,The car was thanked by the teacher.,The car thanked the teacher.,The teacher was thanked by the car.
1597,anomalous_AI_IA,anomalous,agentive,past,thank,teacher,door,animate,inanimate,The teacher thanked the door.,The door was thanked by the teacher.,The door thanked the teacher.,The teacher was thanked by the door.
1598,anomalous_AI_IA,anomalous,agentive,past,thank,teacher,branch,animate,inanimate,The teacher thanked the branch.,The branch was thanked by the teacher.,The branch thanked the teacher.,The teacher was thanked by the branch.
1599,anomalous_AI_IA,anomalous,agentive,past,thank,doctor,ball,animate,inanimate,The doctor thanked the ball.,The ball was thanked by the doctor.,The ball thanked the doctor.,The doctor was thanked by the ball.
1600,anomalous_AI_IA,anomalous,agentive,past,thank,doctor,rock,animate,inanimate,The doctor thanked the rock.,The rock was thanked by the doctor.,The rock thanked the doctor.,The doctor was thanked by the rock.
1601,anomalous_AI_IA,anomalous,agentive,past,thank,doctor,box,animate,inanimate,The doctor thanked the box.,The box was thanked by the doctor.,The box thanked the doctor.,The doctor was thanked by the box.
1602,anomalous_AI_IA,anomalous,agentive,past,thank,doctor,car,animate,inanimate,The doctor thanked the car.,The car was thanked by the doctor.,The car thanked the doctor.,The doctor was thanked by the car.
1603,anomalous_AI_IA,anomalous,agentive,past,thank,doctor,door,animate,inanimate,The doctor thanked the door.,The door was thanked by the doctor.,The door thanked the doctor.,The doctor was thanked by the door.
1604,anomalous_AI_IA,anomalous,agentive,past,thank,doctor,branch,animate,inanimate,The doctor thanked the branch.,The branch was thanked by the doctor.,The branch thanked the doctor.,The doctor was thanked by the branch.
1605,anomalous_AI_IA,anomalous,agentive,past,thank,farmer,ball,animate,inanimate,The farmer thanked the ball.,The ball was thanked by the farmer.,The ball thanked the farmer.,The farmer was thanked by the ball.
1606,anomalous_AI_IA,anomalous,agentive,past,thank,farmer,rock,animate,inanimate,The farmer thanked the rock.,The rock was thanked by the farmer.,The rock thanked the farmer.,The farmer was thanked by the rock.
1607,anomalous_AI_IA,anomalous,agentive,past,thank,farmer,box,animate,inanimate,The farmer thanked the box.,The box was thanked by the farmer.,The box thanked the farmer.,The farmer was thanked by the box.
1608,anomalous_AI_IA,anomalous,agentive,past,thank,farmer,car,animate,inanimate,The farmer thanked the car.,The car was thanked by the farmer.,The car thanked the farmer.,The farmer was thanked by the car.
1609,anomalous_AI_IA,anomalous,agentive,past,thank,farmer,door,animate,inanimate,The farmer thanked the door.,The door was thanked by the farmer.,The door thanked the farmer.,The farmer was thanked by the door.
1610,anomalous_AI_IA,anomalous,agentive,past,thank,farmer,branch,animate,inanimate,The farmer thanked the branch.,The branch was thanked by the farmer.,The branch thanked the farmer.,The farmer was thanked by the branch.
1611,anomalous_AI_IA,anomalous,agentive,past,thank,pilot,ball,animate,inanimate,The pilot thanked the ball.,The ball was thanked by the pilot.,The ball thanked the pilot.,The pilot was thanked by the ball.
1612,anomalous_AI_IA,anomalous,agentive,past,thank,pilot,rock,animate,inanimate,The pilot thanked the rock.,The rock was thanked by the pilot.,The rock thanked the pilot.,The pilot was thanked by the rock.
1613,anomalous_AI_IA,anomalous,agentive,past,thank,pilot,box,animate,inanimate,The pilot thanked the box.,The box was thanked by the pilot.,The box thanked the pilot.,The pilot was thanked by the box.
1614,anomalous_AI_IA,anomalous,agentive,past,thank,pilot,car,animate,inanimate,The pilot thanked the car.,The car was thanked by the pilot.,The car thanked the pilot.,The pilot was thanked by the car.
1615,anomalous_AI_IA,anomalous,agentive,past,thank,pilot,door,animate,inanimate,The pilot thanked the door.,The door was thanked by the pilot.,The door thanked the pilot.,The pilot was thanked by the door.
1616,anomalous_AI_IA,anomalous,agentive,past,thank,pilot,branch,animate,inanimate,The pilot thanked the branch.,The branch was thanked by the pilot.,The branch thanked the pilot.,The pilot was thanked by the branch.
1617,anomalous_AI_IA,anomalous,agentive,past,thank,chef,ball,animate,inanimate,The chef thanked the ball.,The ball was thanked by the chef.,The ball thanked the chef.,The chef was thanked by the ball.
1618,anomalous_AI_IA,anomalous,agentive,past,thank,chef,rock,animate,inanimate,The chef thanked the rock.,The rock was thanked by the chef.,The rock thanked the chef.,The chef was thanked by the rock.
1619,anomalous_AI_IA,anomalous,agentive,past,thank,chef,box,animate,inanimate,The chef thanked the box.,The box was thanked by the chef.,The box thanked the chef.,The chef was thanked by the box.
1620,anomalous_AI_IA,anomalous,agentive,past,thank,chef,car,animate,inanimate,The chef thanked the car.,The car was thanked by the chef.,The car thanked the chef.,The chef was thanked by the car.
1621,anomalous_AI_IA,anomalous,agentive,past,thank,chef,door,animate,inanimate,The chef thanked the door.,The door was thanked by the chef.,The door thanked the chef.,The chef was thanked by the door.
1622,anomalous_AI_IA,anomalous,agentive,past,thank,chef,branch,animate,inanimate,The chef thanked the branch.,The branch was thanked by the chef.,The branch thanked the chef.,The chef was thanked by the branch.
1623,anomalous_AI_IA,anomalous,agentive,past,thank,driver,ball,animate,inanimate,The driver thanked the ball.,The ball was thanked by the driver.,The ball thanked the driver.,The driver was thanked by the ball.
1624,anomalous_AI_IA,anomalous,agentive,past,thank,driver,rock,animate,inanimate,The driver thanked the rock.,The rock was thanked by the driver.,The rock thanked the driver.,The driver was thanked by the rock.
1625,anomalous_AI_IA,anomalous,agentive,past,thank,driver,box,animate,inanimate,The driver thanked the box.,The box was thanked by the driver.,The box thanked the driver.,The driver was thanked by the box.
1626,anomalous_AI_IA,anomalous,agentive,past,thank,driver,car,animate,inanimate,The driver thanked the car.,The car was thanked by the driver.,The car thanked the driver.,The driver was thanked by the car.
1627,anomalous_AI_IA,anomalous,agentive,past,thank,driver,door,animate,inanimate,The driver thanked the door.,The door was thanked by the driver.,The door thanked the driver.,The driver was thanked by the door.
1628,anomalous_AI_IA,anomalous,agentive,past,thank,driver,branch,animate,inanimate,The driver thanked the branch.,The branch was thanked by the driver.,The branch thanked the driver.,The driver was thanked by the branch.
1629,anomalous_AI_IA,anomalous,agentive,past,praise,teacher,ball,animate,inanimate,The teacher praised the ball.,The ball was praised by the teacher.,The ball praised the teacher.,The teacher was praised by the ball.
1630,anomalous_AI_IA,anomalous,agentive,past,praise,teacher,rock,animate,inanimate,The teacher praised the rock.,The rock was praised by the teacher.,The rock praised the teacher.,The teacher was praised by the rock.
1631,anomalous_AI_IA,anomalous,agentive,past,praise,teacher,box,animate,inanimate,The teacher praised the box.,The box was praised by the teacher.,The box praised the teacher.,The teacher was praised by the box.
1632,anomalous_AI_IA,anomalous,agentive,past,praise,teacher,car,animate,inanimate,The teacher praised the car.,The car was praised by the teacher.,The car praised the teacher.,The teacher was praised by the car.
1633,anomalous_AI_IA,anomalous,agentive,past,praise,teacher,door,animate,inanimate,The teacher praised the door.,The door was praised by the teacher.,The door praised the teacher.,The teacher was praised by the door.
1634,anomalous_AI_IA,anomalous,agentive,past,praise,teacher,branch,animate,inanimate,The teacher praised the branch.,The branch was praised by the teacher.,The branch praised the teacher.,The teacher was praised by the branch.
1635,anomalous_AI_IA,anomalous,agentive,past,praise,doctor,ball,animate,inanimate,The doctor praised the ball.,The ball was praised by the doctor.,The ball praised the doctor.,The doctor was praised by the ball.
1636,anomalous_AI_IA,anomalous,agentive,past,praise,doctor,rock,animate,inanimate,The doctor praised the rock.,The rock was praised by the doctor.,The rock praised the doctor.,The doctor was praised by the rock.
1637,anomalous_AI_IA,anomalous,agentive,past,praise,doctor,box,animate,inanimate,The doctor praised the box.,The box was praised by the doctor.,The box praised the doctor.,The doctor was praised by the box.
1638,anomalous_AI_IA,anomalous,agentive,past,praise,doctor,car,animate,inanimate,The doctor praised the car.,The car was praised by the doctor.,The car praised the doctor.,The doctor was praised by the car.
1639,anomalous_AI_IA,anomalous,agentive,past,praise,doctor,door,animate,inanimate,The doctor praised the door.,The door was praised by the doctor.,The door praised the doctor.,The doctor was praised by the door.
1640,anomalous_AI_IA,anomalous,agentive,past,praise,doctor,branch,animate,inanimate,The doctor praised the branch.,The branch was praised by the doctor.,The branch praised the doctor.,The doctor was praised by the branch.
1641,anomalous_AI_IA,anomalous,agentive,past,praise,farmer,ball,animate,inanimate,The farmer praised the ball.,The ball was praised by the farmer.,The ball praised the farmer.,The farmer was praised by the ball.
1642,anomalous_AI_IA,anomalous,agentive,past,praise,farmer,rock,animate,inanimate,The farmer praised the rock.,The rock was praised by the farmer.,The rock praised the farmer.,The farmer was praised by the rock.
1643,anomalous_AI_IA,anomalous,agentive,past,praise,farmer,box,animate,inanimate,The farmer praised the box.,The box was praised by the farmer.,The box praised the farmer.,The farmer was praised by the box.
1644,anomalous_AI_IA,anomalous,agentive,past,praise,farmer,car,animate,inanimate,The farmer praised the car.,The car was praised by the farmer.,The car praised the farmer.,The farmer was praised by the car.
1645,anomalous_AI_IA,anomalous,agentive,past,praise,farmer,door,animate,inanimate,The farmer praised the door.,The door was praised by the farmer.,The door praised the farmer.,The farmer was praised by the door.
1646,anomalous_AI_IA,anomalous,agentive,past,praise,farmer,branch,animate,inanimate,The farmer praised the branch.,The branch was praised by the farmer.,The branch praised the farmer.,The farmer was praised by the branch.
1647,anomalous_AI_IA,anomalous,agentive,past,praise,pilot,ball,animate,inanimate,The pilot praised the ball.,The ball was praised by the pilot.,The ball praised the pilot.,The pilot was praised by the ball.
1648,anomalous_AI_IA,anomalous,agentive,past,praise,pilot,rock,animate,inanimate,The pilot praised the rock.,The rock was praised by the pilot.,The rock praised the pilot.,The pilot was praised by the rock.
1649,anomalous_AI_IA,anomalous,agentive,past,praise,pilot,box,animate,inanimate,The pilot praised the box.,The box was praised by the pilot.,The box praised the pilot.,The pilot was praised by the box.
1650,anomalous_AI_IA,anomalous,agentive,past,praise,pilot,car,animate,inanimate,The pilot praised the car.,The car was praised by the pilot.,The car praised the pilot.,The pilot was praised by the car.
1651,anomalous_AI_IA,anomalous,agentive,past,praise,pilot,door,animate,inanimate,The pilot praised the door.,The door was praised by the pilot.,The door praised the pilot.,The pilot was praised by the door.
1652,anomalous_AI_IA,anomalous,agentive,past,praise,pilot,branch,animate,inanimate,The pilot praised the branch.,The branch was praised by the pilot.,The branch praised the pilot.,The pilot was praised by the branch.
1653,anomalous_AI_IA,anomalous,agentive,past,praise,chef,ball,animate,inanimate,The chef praised the ball.,The ball was praised by the chef.,The ball praised the chef.,The chef was praised by the ball.
1654,anomalous_AI_IA,anomalous,agentive,past,praise,chef,rock,animate,inanimate,The chef praised the rock.,The rock was praised by the chef.,The rock praised the chef.,The chef was praised by the rock.
1655,anomalous_AI_IA,anomalous,agentive,past,praise,chef,box,animate,inanimate,The chef praised the box.,The box was praised by the chef.,The box praised the chef.,The chef was praised by the box.
1656,anomalous_AI_IA,anomalous,agentive,past,praise,chef,car,animate,inanimate,The chef praised the car.,The car was praised by the chef.,The car praised the chef.,The chef was praised by the car.
1657,anomalous_AI_IA,anomalous,agentive,past,praise,chef,door,animate,inanimate,The chef praised the door.,The door was praised by the chef.,The door praised the chef.,The chef was praised by the door.
1658,anomalous_AI_IA,anomalous,agentive,past,praise,chef,branch,animate,inanimate,The chef praised the branch.,The branch was praised by the chef.,The branch praised the chef.,The chef was praised by the branch.
1659,anomalous_AI_IA,anomalous,agentive,past,praise,driver,ball,animate,inanimate,The driver praised the ball.,The ball was praised by the driver.,The ball praised the driver.,The driver was praised by the ball.
1660,anomalous_AI_IA,anomalous,agentive,past,praise,driver,rock,animate,inanimate,The driver praised the rock.,The rock was praised by the driver.,The rock praised the driver.,The driver was praised by the rock.
1661,anomalous_AI_IA,anomalous,agentive,past,praise,driver,box,animate,inanimate,The driver praised the box.,The box was praised by the driver.,The box praised the driver.,The driver was praised by the box.
1662,anomalous_AI_IA,anomalous,agentive,past,praise,driver,car,animate,inanimate,The driver praised the car.,The car was praised by the driver.,The car praised the driver.,The driver was praised by the car.
1663,anomalous_AI_IA,anomalous,agentive,past,praise,driver,door,animate,inanimate,The driver praised the door.,The door was praised by the driver.,The door praised the driver.,The driver was praised by the door.
1664,anomalous_AI_IA,anomalous,agentive,past,praise,driver,branch,animate,inanimate,The driver praised the branch.,The branch was praised by the driver.,The branch praised the driver.,The driver was praised by the branch.
1665,anomalous_AI_IA,anomalous,agentive,past,blame,teacher,ball,animate,inanimate,The teacher blamed the ball.,The ball was blamed by the teacher.,The ball blamed the teacher.,The teacher was blamed by the ball.
1666,anomalous_AI_IA,anomalous,agentive,past,blame,teacher,rock,animate,inanimate,The teacher blamed the rock.,The rock was blamed by the teacher.,The rock blamed the teacher.,The teacher was blamed by the rock.
1667,anomalous_AI_IA,anomalous,agentive,past,blame,teacher,box,animate,inanimate,The teacher blamed the box.,The box was blamed by the teacher.,The box blamed the teacher.,The teacher was blamed by the box.
1668,anomalous_AI_IA,anomalous,agentive,past,blame,teacher,car,animate,inanimate,The teacher blamed the car.,The car was blamed by the teacher.,The car blamed the teacher.,The teacher was blamed by the car.
1669,anomalous_AI_IA,anomalous,agentive,past,blame,teacher,door,animate,inanimate,The teacher blamed the door.,The door was blamed by the teacher.,The door blamed the teacher.,The teacher was blamed by the door.
1670,anomalous_AI_IA,anomalous,agentive,past,blame,teacher,branch,animate,inanimate,The teacher blamed the branch.,The branch was blamed by the teacher.,The branch blamed the teacher.,The teacher was blamed by the branch.
1671,anomalous_AI_IA,anomalous,agentive,past,blame,doctor,ball,animate,inanimate,The doctor blamed the ball.,The ball was blamed by the doctor.,The ball blamed the doctor.,The doctor was blamed by the ball.
1672,anomalous_AI_IA,anomalous,agentive,past,blame,doctor,rock,animate,inanimate,The doctor blamed the rock.,The rock was blamed by the doctor.,The rock blamed the doctor.,The doctor was blamed by the rock.
1673,anomalous_AI_IA,anomalous,agentive,past,blame,doctor,box,animate,inanimate,The doctor blamed the box.,The box was blamed by the doctor.,The box blamed the doctor.,The doctor was blamed by the box.
1674,anomalous_AI_IA,anomalous,agentive,past,blame,doctor,car,animate,inanimate,The doctor blamed the car.,The car was blamed by the doctor.,The car blamed the doctor.,The doctor was blamed by the car.
1675,anomalous_AI_IA,anomalous,agentive,past,blame,doctor,door,animate,inanimate,The doctor blamed the door.,The door was blamed by the doctor.,The door blamed the doctor.,The doctor was blamed by the door.
1676,anomalous_AI_IA,anomalous,agentive,past,blame,doctor,branch,animate,inanimate,The doctor blamed the branch.,The branch was blamed by the doctor.,The branch blamed the doctor.,The doctor was blamed by the branch.
1677,anomalous_AI_IA,anomalous,agentive,past,blame,farmer,ball,animate,inanimate,The farmer blamed the ball.,The ball was blamed by the farmer.,The ball blamed the farmer.,The farmer was blamed by the ball.
1678,anomalous_AI_IA,anomalous,agentive,past,blame,farmer,rock,animate,inanimate,The farmer blamed the rock.,The rock was blamed by the farmer.,The rock blamed the farmer.,The farmer was blamed by the rock.
1679,anomalous_AI_IA,anomalous,agentive,past,blame,farmer,box,animate,inanimate,The farmer blamed the box.,The box was blamed by the farmer.,The box blamed the farmer.,The farmer was blamed by the box.
1680,anomalous_AI_IA,anomalous,agentive,past,blame,farmer,car,animate,inanimate,The farmer blamed the car.,The car was blamed by the farmer.,The car blamed the farmer.,The farmer was blamed by the car.
1681,anomalous_AI_IA,anomalous,agentive,past,blame,farmer,door,animate,inanimate,The farmer blamed the door.,The door was blamed by the farmer.,The door blamed the farmer.,The farmer was blamed by the door.
1682,anomalous_AI_IA,anomalous,agentive,past,blame,farmer,branch,animate,inanimate,The farmer blamed the branch.,The branch was blamed by the farmer.,The branch blamed the farmer.,The farmer was blamed by the branch.
1683,anomalous_AI_IA,anomalous,agentive,past,blame,pilot,ball,animate,inanimate,The pilot blamed the ball.,The ball was blamed by the pilot.,The ball blamed the pilot.,The pilot was blamed by the ball.
1684,anomalous_AI_IA,anomalous,agentive,past,blame,pilot,rock,animate,inanimate,The pilot blamed the rock.,The rock was blamed by the pilot.,The rock blamed the pilot.,The pilot was blamed by the rock.
1685,anomalous_AI_IA,anomalous,agentive,past,blame,pilot,box,animate,inanimate,The pilot blamed the box.,The box was blamed by the pilot.,The box blamed the pilot.,The pilot was blamed by the box.
1686,anomalous_AI_IA,anomalous,agentive,past,blame,pilot,car,animate,inanimate,The pilot blamed the car.,The car was blamed by the pilot.,The car blamed the pilot.,The pilot was blamed by the car.
1687,anomalous_AI_IA,anomalous,agentive,past,blame,pilot,door,animate,inanimate,The pilot blamed the door.,The door was blamed by the pilot.,The door blamed the pilot.,The pilot was blamed by the door.
1688,anomalous_AI_IA,anomalous,agentive,past,blame,pilot,branch,animate,inanimate,The pilot blamed the branch.,The branch was blamed by the pilot.,The branch blamed the pilot.,The pilot was blamed by the branch.
1689,anomalous_AI_IA,anomalous,agentive,past,blame,chef,ball,animate,inanimate,The chef blamed the ball.,The ball was blamed by the chef.,The ball blamed the chef.,The chef was blamed by the ball.
1690,anomalous_AI_IA,anomalous,agentive,past,blame,chef,rock,animate,inanimate,The chef blamed the rock.,The rock was blamed by the chef.,The rock blamed the chef.,The chef was blamed by the rock.
1691,anomalous_AI_IA,anomalous,agentive,past,blame,chef,box,animate,inanimate,The chef blamed the box.,The box was blamed by the chef.,The box blamed the chef.,The chef was blamed by the box.
1692,anomalous_AI_IA,anomalous,agentive,past,blame,chef,car,animate,inanimate,The chef blamed the car.,The car was blamed by the chef.,The car blamed the chef.,The chef was blamed by the car.
1693,anomalous_AI_IA,anomalous,agentive,past,blame,chef,door,animate,inanimate,The chef blamed the door.,The door was blamed by the chef.,The door blamed the chef.,The chef was blamed by the door.
1694,anomalous_AI_IA,anomalous,agentive,past,blame,chef,branch,animate,inanimate,The chef blamed the branch.,The branch was blamed by the chef.,The branch blamed the chef.,The chef was blamed by the branch.
1695,anomalous_AI_IA,anomalous,agentive,past,blame,driver,ball,animate,inanimate,The driver blamed the ball.,The ball was blamed by the driver.,The ball blamed the driver.,The driver was blamed by the ball.
1696,anomalous_AI_IA,anomalous,agentive,past,blame,driver,rock,animate,inanimate,The driver blamed the rock.,The rock was blamed by the driver.,The rock blamed the driver.,The driver was blamed by the rock.
1697,anomalous_AI_IA,anomalous,agentive,past,blame,driver,box,animate,inanimate,The driver blamed the box.,The box was blamed by the driver.,The box blamed the driver.,The driver was blamed by the box.
1698,anomalous_AI_IA,anomalous,agentive,past,blame,driver,car,animate,inanimate,The driver blamed the car.,The car was blamed by the driver.,The car blamed the driver.,The driver was blamed by the car.
1699,anomalous_AI_IA,anomalous,agentive,past,blame,driver,door,animate,inanimate,The driver blamed the door.,The door was blamed by the driver.,The door blamed the driver.,The driver was blamed by the door.
1700,anomalous_AI_IA,anomalous,agentive,past,blame,driver,branch,animate,inanimate,The driver blamed the branch.,The branch was blamed by the driver.,The branch blamed the driver.,The driver was blamed by the branch.
1701,anomalous_AI_IA,anomalous,agentive,past,warn,teacher,ball,animate,inanimate,The teacher warned the ball.,The ball was warned by the teacher.,The ball warned the teacher.,The teacher was warned by the ball.
1702,anomalous_AI_IA,anomalous,agentive,past,warn,teacher,rock,animate,inanimate,The teacher warned the rock.,The rock was warned by the teacher.,The rock warned the teacher.,The teacher was warned by the rock.
1703,anomalous_AI_IA,anomalous,agentive,past,warn,teacher,box,animate,inanimate,The teacher warned the box.,The box was warned by the teacher.,The box warned the teacher.,The teacher was warned by the box.
1704,anomalous_AI_IA,anomalous,agentive,past,warn,teacher,car,animate,inanimate,The teacher warned the car.,The car was warned by the teacher.,The car warned the teacher.,The teacher was warned by the car.
1705,anomalous_AI_IA,anomalous,agentive,past,warn,teacher,door,animate,inanimate,The teacher warned the door.,The door was warned by the teacher.,The door warned the teacher.,The teacher was warned by the door.
1706,anomalous_AI_IA,anomalous,agentive,past,warn,teacher,branch,animate,inanimate,The teacher warned the branch.,The branch was warned by the teacher.,The branch warned the teacher.,The teacher was warned by the branch.
1707,anomalous_AI_IA,anomalous,agentive,past,warn,doctor,ball,animate,inanimate,The doctor warned the ball.,The ball was warned by the doctor.,The ball warned the doctor.,The doctor was warned by the ball.
1708,anomalous_AI_IA,anomalous,agentive,past,warn,doctor,rock,animate,inanimate,The doctor warned the rock.,The rock was warned by the doctor.,The rock warned the doctor.,The doctor was warned by the rock.
1709,anomalous_AI_IA,anomalous,agentive,past,warn,doctor,box,animate,inanimate,The doctor warned the box.,The box was warned by the doctor.,The box warned the doctor.,The doctor was warned by the box.
1710,anomalous_AI_IA,anomalous,agentive,past,warn,doctor,car,animate,inanimate,The doctor warned the car.,The car was warned by the doctor.,The car warned the doctor.,The doctor was warned by the car.
1711,anomalous_AI_IA,anomalous,agentive,past,warn,doctor,door,animate,inanimate,The doctor warned the door.,The door was warned by the doctor.,The door warned the doctor.,The doctor was warned by the door.
1712,anomalous_AI_IA,anomalous,agentive,past,warn,doctor,branch,animate,inanimate,The doctor warned the branch.,The branch was warned by the doctor.,The branch warned the doctor.,The doctor was warned by the branch.
1713,anomalous_AI_IA,anomalous,agentive,past,warn,farmer,ball,animate,inanimate,The farmer warned the ball.,The ball was warned by the farmer.,The ball warned the farmer.,The farmer was warned by the ball.
1714,anomalous_AI_IA,anomalous,agentive,past,warn,farmer,rock,animate,inanimate,The farmer warned the rock.,The rock was warned by the farmer.,The rock warned the farmer.,The farmer was warned by the rock.
1715,anomalous_AI_IA,anomalous,agentive,past,warn,farmer,box,animate,inanimate,The farmer warned the box.,The box was warned by the farmer.,The box warned the farmer.,The farmer was warned by the box.
1716,anomalous_AI_IA,anomalous,agentive,past,warn,farmer,car,animate,inanimate,The farmer warned the car.,The car was warned by the farmer.,The car warned the farmer.,The farmer was warned by the car.
1717,anomalous_AI_IA,anomalous,agentive,past,warn,farmer,door,animate,inanimate,The farmer warned the door.,The door was warned by the farmer.,The door warned the farmer.,The farmer was warned by the door.
1718,anomalous_AI_IA,anomalous,agentive,past,warn,farmer,branch,animate,inanimate,The farmer warned the branch.,The branch was warned by the farmer.,The branch warned the farmer.,The farmer was warned by the branch.
1719,anomalous_AI_IA,anomalous,agentive,past,warn,pilot,ball,animate,inanimate,The pilot warned the ball.,The ball was warned by the pilot.,The ball warned the pilot.,The pilot was warned by the ball.
1720,anomalous_AI_IA,anomalous,agentive,past,warn,pilot,rock,animate,inanimate,The pilot warned the rock.,The rock was warned by the pilot.,The rock warned the pilot.,The pilot was warned by the rock.
1721,anomalous_AI_IA,anomalous,agentive,past,warn,pilot,box,animate,inanimate,The pilot warned the box.,The box was warned by the pilot.,The box warned the pilot.,The pilot was warned by the box.
1722,anomalous_AI_IA,anomalous,agentive,past,warn,pilot,car,animate,inanimate,The pilot warned the car.,The car was warned by the pilot.,The car warned the pilot.,The pilot was warned by the car.
1723,anomalous_AI_IA,anomalous,agentive,past,warn,pilot,door,animate,inanimate,The pilot warned the door.,The door was warned by the pilot.,The door warned the pilot.,The pilot was warned by the door.
1724,anomalous_AI_IA,anomalous,agentive,past,warn,pilot,branch,animate,inanimate,The pilot warned the branch.,The branch was warned by the pilot.,The branch warned the pilot.,The pilot was warned by the branch.
1725,anomalous_AI_IA,anomalous,agentive,past,warn,chef,ball,animate,inanimate,The chef warned the ball.,The ball was warned by the chef.,The ball warned the chef.,The chef was warned by the ball.
1726,anomalous_AI_IA,anomalous,agentive,past,warn,chef,rock,animate,inanimate,The chef warned the rock.,The rock was warned by the chef.,The rock warned the chef.,The chef was warned by the rock.
1727,anomalous_AI_IA,anomalous,agentive,past,warn,chef,box,animate,inanimate,The chef warned the box.,The box was warned by the chef.,The box warned the chef.,The chef was warned by the box.
1728,anomalous_AI_IA,anomalous,agentive,past,warn,chef,car,animate,inanimate,The chef warned the car.,The car was warned by the chef.,The car warned the chef.,The chef was warned by the car.
1729,anomalous_AI_IA,anomalous,agentive,past,warn,chef,door,animate,inanimate,The chef warned the door.,The door was warned by the chef.,The door warned the chef.,The chef was warned by the door.
1730,anomalous_AI_IA,anomalous,agentive,past,warn,chef,branch,animate,inanimate,The chef warned the branch.,The branch was warned by the chef.,The branch warned the chef.,The chef was warned by the branch.
1731,anomalous_AI_IA,anomalous,agentive,past,warn,driver,ball,animate,inanimate,The driver warned the ball.,The ball was warned by the driver.,The ball warned the driver.,The driver was warned by the ball.
1732,anomalous_AI_IA,anomalous,agentive,past,warn,driver,rock,animate,inanimate,The driver warned the rock.,The rock was warned by the driver.,The rock warned the driver.,The driver was warned by the rock.
1733,anomalous_AI_IA,anomalous,agentive,past,warn,driver,box,animate,inanimate,The driver warned the box.,The box was warned by the driver.,The box warned the driver.,The driver was warned by the box.
1734,anomalous_AI_IA,anomalous,agentive,past,warn,driver,car,animate,inanimate,The driver warned the car.,The car was warned by the driver.,The car warned the driver.,The driver was warned by the car.
1735,anomalous_AI_IA,anomalous,agentive,past,warn,driver,door,animate,inanimate,The driver warned the door.,The door was warned by the driver.,The door warned the driver.,The driver was warned by the door.
1736,anomalous_AI_IA,anomalous,agentive,past,warn,driver,branch,animate,inanimate,The driver warned the branch.,The branch was warned by the driver.,The branch warned the driver.,The driver was warned by the branch.
1737,anomalous_AA,anomalous,substance,past,sip,Mary,John,animate,animate,Mary sipped John.,John was sipped by Mary.,John sipped Mary.,Mary was sipped by John.
1738,anomalous_AA,anomalous,substance,past,sip,Mary,Anna,animate,animate,Mary sipped Anna.,Anna was sipped by Mary.,Anna sipped Mary.,Mary was sipped by Anna.
1739,anomalous_AA,anomalous,substance,past,sip,Mary,David,animate,animate,Mary sipped David.,David was sipped by Mary.,David sipped Mary.,Mary was sipped by David.
1740,anomalous_AA,anomalous,substance,past,sip,Mary,Sarah,animate,animate,Mary sipped Sarah.,Sarah was sipped by Mary.,Sarah sipped Mary.,Mary was sipped by Sarah.
1741,anomalous_AA,anomalous,substance,past,sip,Mary,Peter,animate,animate,Mary sipped Peter.,Peter was sipped by Mary.,Peter sipped Mary.,Mary was sipped by Peter.
1742,anomalous_AA,anomalous,substance,past,sip,Mary,Emma,animate,animate,Mary sipped Emma.,Emma was sipped by Mary.,Emma sipped Mary.,Mary was sipped by Emma.
1743,anomalous_AA,anomalous,substance,past,sip,Mary,James,animate,animate,Mary sipped James.,James was sipped by Mary.,James sipped Mary.,Mary was sipped by James.
1744,anomalous_AA,anomalous,substance,past,sip,Mary,Lisa,animate,animate,Mary sipped Lisa.,Lisa was sipped by Mary.,Lisa sipped Mary.,Mary was sipped by Lisa.
1745,anomalous_AA,anomalous,substance,past,sip,Mary,Tom,animate,animate,Mary sipped Tom.,Tom was sipped by Mary.,Tom sipped Mary.,Mary was sipped by Tom.
1746,anomalous_AA,anomalous,substance,past,sip,John,Anna,animate,animate,John sipped Anna.,Anna was sipped by John.,Anna sipped John.,John was sipped by Anna.
1747,anomalous_AA,anomalous,substance,past,sip,John,David,animate,animate,John sipped David.,David was sipped by John.,David sipped John.,John was sipped by David.
1748,anomalous_AA,anomalous,substance,past,sip,John,Sarah,animate,animate,John sipped Sarah.,Sarah was sipped by John.,Sarah sipped John.,John was sipped by Sarah.
1749,anomalous_AA,anomalous,substance,past,sip,John,Peter,animate,animate,John sipped Peter.,Peter was sipped by John.,Peter sipped John.,John was sipped by Peter.
1750,anomalous_AA,anomalous,substance,past,sip,John,Emma,animate,animate,John sipped Emma.,Emma was sipped by John.,Emma sipped John.,John was sipped by Emma.
1751,anomalous_AA,anomalous,substance,past,sip,John,James,animate,animate,John sipped James.,James was sipped by John.,James sipped John.,John was sipped by James.
1752,anomalous_AA,anomalous,substance,past,sip,John,Lisa,animate,animate,John sipped Lisa.,Lisa was sipped by John.,Lisa sipped John.,John was sipped by Lisa.
1753,anomalous_AA,anomalous,substance,past,sip,John,Tom,animate,animate,John sipped Tom.,Tom was sipped by John.,Tom sipped John.,John was sipped by Tom.
1754,anomalous_AA,anomalous,substance,past,sip,Anna,David,animate,animate,Anna sipped David.,David was sipped by Anna.,David sipped Anna.,Anna was sipped by David.
1755,anomalous_AA,anomalous,substance,past,sip,Anna,Sarah,animate,animate,Anna sipped Sarah.,Sarah was sipped by Anna.,Sarah sipped Anna.,Anna was sipped by Sarah.
1756,anomalous_AA,anomalous,substance,past,sip,Anna,Peter,animate,animate,Anna sipped Peter.,Peter was sipped by Anna.,Peter sipped Anna.,Anna was sipped by Peter.
1757,anomalous_AA,anomalous,substance,past,sip,Anna,Emma,animate,animate,Anna sipped Emma.,Emma was sipped by Anna.,Emma sipped Anna.,Anna was sipped by Emma.
1758,anomalous_AA,anomalous,substance,past,sip,Anna,James,animate,animate,Anna sipped James.,James was sipped by Anna.,James sipped Anna.,Anna was sipped by James.
1759,anomalous_AA,anomalous,substance,past,sip,Anna,Lisa,animate,animate,Anna sipped Lisa.,Lisa was sipped by Anna.,Lisa sipped Anna.,Anna was sipped by Lisa.
1760,anomalous_AA,anomalous,substance,past,sip,Anna,Tom,animate,animate,Anna sipped Tom.,Tom was sipped by Anna.,Tom sipped Anna.,Anna was sipped by Tom.
1761,anomalous_AA,anomalous,substance,past,sip,David,Sarah,animate,animate,David sipped Sarah.,Sarah was sipped by David.,Sarah sipped David.,David was sipped by Sarah.
1762,anomalous_AA,anomalous,substance,past,sip,David,Peter,animate,animate,David sipped Peter.,Peter was sipped by David.,Peter sipped David.,David was sipped by Peter.
1763,anomalous_AA,anomalous,substance,past,sip,David,Emma,animate,animate,David sipped Emma.,Emma was sipped by David.,Emma sipped David.,David was sipped by Emma.
1764,anomalous_AA,anomalous,substance,past,sip,David,James,animate,animate,David sipped James.,James was sipped by David.,James sipped David.,David was sipped by James.
1765,anomalous_AA,anomalous,substance,past,sip,David,Lisa,animate,animate,David sipped Lisa.,Lisa was sipped by David.,Lisa sipped David.,David was sipped by Lisa.
1766,anomalous_AA,anomalous,substance,past,sip,David,Tom,animate,animate,David sipped Tom.,Tom was sipped by David.,Tom sipped David.,David was sipped by Tom.
1767,anomalous_AA,anomalous,substance,past,sip,Sarah,Peter,animate,animate,Sarah sipped Peter.,Peter was sipped by Sarah.,Peter sipped Sarah.,Sarah was sipped by Peter.
1768,anomalous_AA,anomalous,substance,past,sip,Sarah,Emma,animate,animate,Sarah sipped Emma.,Emma was sipped by Sarah.,Emma sipped Sarah.,Sarah was sipped by Emma.
1769,anomalous_AA,anomalous,substance,past,sip,Sarah,James,animate,animate,Sarah sipped James.,James was sipped by Sarah.,James sipped Sarah.,Sarah was sipped by James.
1770,anomalous_AA,anomalous,substance,past,sip,Sarah,Lisa,animate,animate,Sarah sipped Lisa.,Lisa was sipped by Sarah.,Lisa sipped Sarah.,Sarah was sipped by Lisa.
1771,anomalous_AA,anomalous,substance,past,sip,Sarah,Tom,animate,animate,Sarah sipped Tom.,Tom was sipped by Sarah.,Tom sipped Sarah.,Sarah was sipped by Tom.
1772,anomalous_AA,anomalous,substance,past,sip,Peter,Emma,animate,animate,Peter sipped Emma.,Emma was sipped by Peter.,Emma sipped Peter.,Peter was sipped by Emma.
1773,anomalous_AA,anomalous,substance,past,sip,Peter,James,animate,animate,Peter sipped James.,James was sipped by Peter.,James sipped Peter.,Peter was sipped by James.
1774,anomalous_AA,anomalous,substance,past,sip,Peter,Lisa,animate,animate,Peter sipped Lisa.,Lisa was sipped by Peter.,Lisa sipped Peter.,Peter was sipped by Lisa.
1775,anomalous_AA,anomalous,substance,past,sip,Peter,Tom,animate,animate,Peter sipped Tom.,Tom was sipped by Peter.,Tom sipped Peter.,Peter was sipped by Tom.
1776,anomalous_AA,anomalous,substance,past,sip,Emma,James,animate,animate,Emma sipped James.,James was sipped by Emma.,James sipped Emma.,Emma was sipped by James.
1777,anomalous_AA,anomalous,substance,past,sip,Emma,Lisa,animate,animate,Emma sipped Lisa.,Lisa was sipped by Emma.,Lisa sipped Emma.,Emma was sipped by Lisa.
1778,anomalous_AA,anomalous,substance,past,sip,Emma,Tom,animate,animate,Emma sipped Tom.,Tom was sipped by Emma.,Tom sipped Emma.,Emma was sipped by Tom.
1779,anomalous_AA,anomalous,substance,past,sip,James,Lisa,animate,animate,James sipped Lisa.,Lisa was sipped by James.,Lisa sipped James.,James was sipped by Lisa.
1780,anomalous_AA,anomalous,substance,past,sip,James,Tom,animate,animate,James sipped Tom.,Tom was sipped by James.,Tom sipped James.,James was sipped by Tom.
1781,anomalous_AA,anomalous,substance,past,sip,Lisa,Tom,animate,animate,Lisa sipped Tom.,Tom was sipped by Lisa.,Tom sipped Lisa.,Lisa was sipped by Tom.
1782,anomalous_AA,anomalous,substance,past,peel,Mary,John,animate,animate,Mary peeled John.,John was peeled by Mary.,John peeled Mary.,Mary was peeled by John.
1783,anomalous_AA,anomalous,substance,past,peel,Mary,Anna,animate,animate,Mary peeled Anna.,Anna was peeled by Mary.,Anna peeled Mary.,Mary was peeled by Anna.
1784,anomalous_AA,anomalous,substance,past,peel,Mary,David,animate,animate,Mary peeled David.,David was peeled by Mary.,David peeled Mary.,Mary was peeled by David.
1785,anomalous_AA,anomalous,substance,past,peel,Mary,Sarah,animate,animate,Mary peeled Sarah.,Sarah was peeled by Mary.,Sarah peeled Mary.,Mary was peeled by Sarah.
1786,anomalous_AA,anomalous,substance,past,peel,Mary,Peter,animate,animate,Mary peeled Peter.,Peter was peeled by Mary.,Peter peeled Mary.,Mary was peeled by Peter.
1787,anomalous_AA,anomalous,substance,past,peel,Mary,Emma,animate,animate,Mary peeled Emma.,Emma was peeled by Mary.,Emma peeled Mary.,Mary was peeled by Emma.
1788,anomalous_AA,anomalous,substance,past,peel,Mary,James,animate,animate,Mary peeled James.,James was peeled by Mary.,James peeled Mary.,Mary was peeled by James.
1789,anomalous_AA,anomalous,substance,past,peel,Mary,Lisa,animate,animate,Mary peeled Lisa.,Lisa was peeled by Mary.,Lisa peeled Mary.,Mary was peeled by Lisa.
1790,anomalous_AA,anomalous,substance,past,peel,Mary,Tom,animate,animate,Mary peeled Tom.,Tom was peeled by Mary.,Tom peeled Mary.,Mary was peeled by Tom.
1791,anomalous_AA,anomalous,substance,past,peel,John,Anna,animate,animate,John peeled Anna.,Anna was peeled by John.,Anna peeled John.,John was peeled by Anna.
1792,anomalous_AA,anomalous,substance,past,peel,John,David,animate,animate,John peeled David.,David was peeled by John.,David peeled John.,John was peeled by David.
1793,anomalous_AA,anomalous,substance,past,peel,John,Sarah,animate,animate,John peeled Sarah.,Sarah was peeled by John.,Sarah peeled John.,John was peeled by Sarah.
1794,anomalous_AA,anomalous,substance,past,peel,John,Peter,animate,animate,John peeled Peter.,Peter was peeled by John.,Peter peeled John.,John was peeled by Peter.
1795,anomalous_AA,anomalous,substance,past,peel,John,Emma,animate,animate,John peeled Emma.,Emma was peeled by John.,Emma peeled John.,John was peeled by Emma.
1796,anomalous_AA,anomalous,substance,past,peel,John,James,animate,animate,John peeled James.,James was peeled by John.,James peeled John.,John was peeled by James.
1797,anomalous_AA,anomalous,substance,past,peel,John,Lisa,animate,animate,John peeled Lisa.,Lisa was peeled by John.,Lisa peeled John.,John was peeled by Lisa.
1798,anomalous_AA,anomalous,substance,past,peel,John,Tom,animate,animate,John peeled Tom.,Tom was peeled by John.,Tom peeled John.,John was peeled by Tom.
1799,anomalous_AA,anomalous,substance,past,peel,Anna,David,animate,animate,Anna peeled David.,David was peeled by Anna.,David peeled Anna.,Anna was peeled by David.
1800,anomalous_AA,anomalous,substance,past,peel,Anna,Sarah,animate,animate,Anna peeled Sarah.,Sarah was peeled by Anna.,Sarah peeled Anna.,Anna was peeled by Sarah.
1801,anomalous_AA,anomalous,substance,past,peel,Anna,Peter,animate,animate,Anna peeled Peter.,Peter was peeled by Anna.,Peter peeled Anna.,Anna was peeled by Peter.
1802,anomalous_AA,anomalous,substance,past,peel,Anna,Emma,animate,animate,Anna peeled Emma.,Emma was peeled by Anna.,Emma peeled Anna.,Anna was peeled by Emma.
1803,anomalous_AA,anomalous,substance,past,peel,Anna,James,animate,animate,Anna peeled James.,James was peeled by Anna.,James peeled Anna.,Anna was peeled by James.
1804,anomalous_AA,anomalous,substance,past,peel,Anna,Lisa,animate,animate,Anna peeled Lisa.,Lisa was peeled by Anna.,Lisa peeled Anna.,Anna was peeled by Lisa.
1805,anomalous_AA,anomalous,substance,past,peel,Anna,Tom,animate,animate,Anna peeled Tom.,Tom was peeled by Anna.,Tom peeled Anna.,Anna was peeled by Tom.
1806,anomalous_AA,anomalous,substance,past,peel,David,Sarah,animate,animate,David peeled Sarah.,Sarah was peeled by David.,Sarah peeled David.,David was peeled by Sarah.
1807,anomalous_AA,anomalous,substance,past,peel,David,Peter,animate,animate,David peeled Peter.,Peter was peeled by David.,Peter peeled David.,David was peeled by Peter.
1808,anomalous_AA,anomalous,substance,past,peel,David,Emma,animate,animate,David peeled Emma.,Emma was peeled by David.,Emma peeled David.,David was peeled by Emma.
1809,anomalous_AA,anomalous,substance,past,peel,David,James,animate,animate,David peeled James.,James was peeled by David.,James peeled David.,David was peeled by James.
1810,anomalous_AA,anomalous,substance,past,peel,David,Lisa,animate,animate,David peeled Lisa.,Lisa was peeled by David.,Lisa peeled David.,David was peeled by Lisa.
1811,anomalous_AA,anomalous,substance,past,peel,David,Tom,animate,animate,David peeled Tom.,Tom was peeled by David.,Tom peeled David.,David was peeled by Tom.
1812,anomalous_AA,anomalous,substance,past,peel,Sarah,Peter,animate,animate,Sarah peeled Peter.,Peter was peeled by Sarah.,Peter peeled Sarah.,Sarah was peeled by Peter.
1813,anomalous_AA,anomalous,substance,past,peel,Sarah,Emma,animate,animate,Sarah peeled Emma.,Emma was peeled by Sarah.,Emma peeled Sarah.,Sarah was peeled by Emma.
1814,anomalous_AA,anomalous,substance,past,peel,Sarah,James,animate,animate,Sarah peeled James.,James was peeled by Sarah.,James peeled Sarah.,Sarah was peeled by James.
1815,anomalous_AA,anomalous,substance,past,peel,Sarah,Lisa,animate,animate,Sarah peeled Lisa.,Lisa was peeled by Sarah.,Lisa peeled Sarah.,Sarah was peeled by Lisa.
1816,anomalous_AA,anomalous,substance,past,peel,Sarah,Tom,animate,animate,Sarah peeled Tom.,Tom was peeled by Sarah.,Tom peeled Sarah.,Sarah was peeled by Tom.
1817,anomalous_AA,anomalous,substance,past,peel,Peter,Emma,animate,animate,Peter peeled Emma.,Emma was peeled by Peter.,Emma peeled Peter.,Peter was peeled by Emma.
1818,anomalous_AA,anomalous,substance,past,peel,Peter,James,animate,animate,Peter peeled James.,James was peeled by Peter.,James peeled Peter.,Peter was peeled by James.
1819,anomalous_AA,anomalous,substance,past,peel,Peter,Lisa,animate,animate,Peter peeled Lisa.,Lisa was peeled by Peter.,Lisa peeled Peter.,Peter was peeled by Lisa.
1820,anomalous_AA,anomalous,substance,past,peel,Peter,Tom,animate,animate,Peter peeled Tom.,Tom was peeled by Peter.,Tom peeled Peter.,Peter was peeled by Tom.
1821,anomalous_AA,anomalous,substance,past,peel,Emma,James,animate,animate,Emma peeled James.,James was peeled by Emma.,James peeled Emma.,Emma was peeled by James.
1822,anomalous_AA,anomalous,substance,past,peel,Emma,Lisa,animate,animate,Emma peeled Lisa.,Lisa was peeled by Emma.,Lisa peeled Emma.,Emma was peeled by Lisa.
1823,anomalous_AA,anomalous,substance,past,peel,Emma,Tom,animate,animate,Emma peeled Tom.,Tom was peeled by Emma.,Tom peeled Emma.,Emma was peeled by Tom.
1824,anomalous_AA,anomalous,substance,past,peel,James,Lisa,animate,animate,James peeled Lisa.,Lisa was peeled by James.,Lisa peeled James.,James was peeled by Lisa.
1825,anomalous_AA,anomalous,substance,past,peel,James,Tom,animate,animate,James peeled Tom.,Tom was peeled by James.,Tom peeled James.,James was peeled by Tom.
1826,anomalous_AA,anomalous,substance,past,peel,Lisa,Tom,animate,animate,Lisa peeled Tom.,Tom was peeled by Lisa.,Tom peeled Lisa.,Lisa was peeled by Tom.
1827,anomalous_AA,anomalous,substance,past,fold,Mary,John,animate,animate,Mary folded John.,John was folded by Mary.,John folded Mary.,Mary was folded by John.
1828,anomalous_AA,anomalous,substance,past,fold,Mary,Anna,animate,animate,Mary folded Anna.,Anna was folded by Mary.,Anna folded Mary.,Mary was folded by Anna.
1829,anomalous_AA,anomalous,substance,past,fold,Mary,David,animate,animate,Mary folded David.,David was folded by Mary.,David folded Mary.,Mary was folded by David.
1830,anomalous_AA,anomalous,substance,past,fold,Mary,Sarah,animate,animate,Mary folded Sarah.,Sarah was folded by Mary.,Sarah folded Mary.,Mary was folded by Sarah.
1831,anomalous_AA,anomalous,substance,past,fold,Mary,Peter,animate,animate,Mary folded Peter.,Peter was folded by Mary.,Peter folded Mary.,Mary was folded by Peter.
1832,anomalous_AA,anomalous,substance,past,fold,Mary,Emma,animate,animate,Mary folded Emma.,Emma was folded by Mary.,Emma folded Mary.,Mary was folded by Emma.
1833,anomalous_AA,anomalous,substance,past,fold,Mary,James,animate,animate,Mary folded James.,James was folded by Mary.,James folded Mary.,Mary was folded by James.
1834,anomalous_AA,anomalous,substance,past,fold,Mary,Lisa,animate,animate,Mary folded Lisa.,Lisa was folded by Mary.,Lisa folded Mary.,Mary was folded by Lisa.
1835,anomalous_AA,anomalous,substance,past,fold,Mary,Tom,animate,animate,Mary folded Tom.,Tom was folded by Mary.,Tom folded Mary.,Mary was folded by Tom.
1836,anomalous_AA,anomalous,substance,past,fold,John,Anna,animate,animate,John folded Anna.,Anna was folded by John.,Anna folded John.,John was folded by Anna.
1837,anomalous_AA,anomalous,substance,past,fold,John,David,animate,animate,John folded David.,David was folded by John.,David folded John.,John was folded by David.
1838,anomalous_AA,anomalous,substance,past,fold,John,Sarah,animate,animate,John folded Sarah.,Sarah was folded by John.,Sarah folded John.,John was folded by Sarah.
1839,anomalous_AA,anomalous,substance,past,fold,John,Peter,animate,animate,John folded Peter.,Peter was folded by John.,Peter folded John.,John was folded by Peter.
1840,anomalous_AA,anomalous,substance,past,fold,John,Emma,animate,animate,John folded Emma.,Emma was folded by John.,Emma folded John.,John was folded by Emma.
1841,anomalous_AA,anomalous,substance,past,fold,John,James,animate,animate,John folded James.,James was folded by John.,James folded John.,John was folded by James.
1842,anomalous_AA,anomalous,substance,past,fold,John,Lisa,animate,animate,John folded Lisa.,Lisa was folded by John.,Lisa folded John.,John was folded by Lisa.
1843,anomalous_AA,anomalous,substance,past,fold,John,Tom,animate,animate,John folded Tom.,Tom was folded by John.,Tom folded John.,John was folded by Tom.
1844,anomalous_AA,anomalous,substance,past,fold,Anna,David,animate,animate,Anna folded David.,David was folded by Anna.,David folded Anna.,Anna was folded by David.
1845,anomalous_AA,anomalous,substance,past,fold,Anna,Sarah,animate,animate,Anna folded Sarah.,Sarah was folded by Anna.,Sarah folded Anna.,Anna was folded by Sarah.
1846,anomalous_AA,anomalous,substance,past,fold,Anna,Peter,animate,animate,Anna folded Peter.,Peter was folded by Anna.,Peter folded Anna.,Anna was folded by Peter.
1847,anomalous_AA,anomalous,substance,past,fold,Anna,Emma,animate,animate,Anna folded Emma.,Emma was folded by Anna.,Emma folded Anna.,Anna was folded by Emma.
1848,anomalous_AA,anomalous,substance,past,fold,Anna,James,animate,animate,Anna folded James.,James was folded by Anna.,James folded Anna.,Anna was folded by James.
1849,anomalous_AA,anomalous,substance,past,fold,Anna,Lisa,animate,animate,Anna folded Lisa.,Lisa was folded by Anna.,Lisa folded Anna.,Anna was folded by Lisa.
1850,anomalous_AA,anomalous,substance,past,fold,Anna,Tom,animate,animate,Anna folded Tom.,Tom was folded by Anna.,Tom folded Anna.,Anna was folded by Tom.
1851,anomalous_AA,anomalous,substance,past,fold,David,Sarah,animate,animate,David folded Sarah.,Sarah was folded by David.,Sarah folded David.,David was folded by Sarah.
1852,anomalous_AA,anomalous,substance,past,fold,David,Peter,animate,animate,David folded Peter.,Peter was folded by David.,Peter folded David.,David was folded by Peter.
1853,anomalous_AA,anomalous,substance,past,fold,David,Emma,animate,animate,David folded Emma.,Emma was folded by David.,Emma folded David.,David was folded by Emma.
1854,anomalous_AA,anomalous,substance,past,fold,David,James,animate,animate,David folded James.,James was folded by David.,James folded David.,David was folded by James.
1855,anomalous_AA,anomalous,substance,past,fold,David,Lisa,animate,animate,David folded Lisa.,Lisa was folded by David.,Lisa folded David.,David was folded by Lisa.
1856,anomalous_AA,anomalous,substance,past,fold,David,Tom,animate,animate,David folded Tom.,Tom was folded by David.,Tom folded David.,David was folded by Tom.
1857,anomalous_AA,anomalous,substance,past,fold,Sarah,Peter,animate,animate,Sarah folded Peter.,Peter was folded by Sarah.,Peter folded Sarah.,Sarah was folded by Peter.
1858,anomalous_AA,anomalous,substance,past,fold,Sarah,Emma,animate,animate,Sarah folded Emma.,Emma was folded by Sarah.,Emma folded Sarah.,Sarah was folded by Emma.
1859,anomalous_AA,anomalous,substance,past,fold,Sarah,James,animate,animate,Sarah folded James.,James was folded by Sarah.,James folded Sarah.,Sarah was folded by James.
1860,anomalous_AA,anomalous,substance,past,fold,Sarah,Lisa,animate,animate,Sarah folded Lisa.,Lisa was folded by Sarah.,Lisa folded Sarah.,Sarah was folded by Lisa.
1861,anomalous_AA,anomalous,substance,past,fold,Sarah,Tom,animate,animate,Sarah folded Tom.,Tom was folded by Sarah.,Tom folded Sarah.,Sarah was folded by Tom.
1862,anomalous_AA,anomalous,substance,past,fold,Peter,Emma,animate,animate,Peter folded Emma.,Emma was folded by Peter.,Emma folded Peter.,Peter was folded by Emma.
1863,anomalous_AA,anomalous,substance,past,fold,Peter,James,animate,animate,Peter folded James.,James was folded by Peter.,James folded Peter.,Peter was folded by James.
1864,anomalous_AA,anomalous,substance,past,fold,Peter,Lisa,animate,animate,Peter folded Lisa.,Lisa was folded by Peter.,Lisa folded Peter.,Peter was folded by Lisa.
1865,anomalous_AA,anomalous,substance,past,fold,Peter,Tom,animate,animate,Peter folded Tom.,Tom was folded by Peter.,Tom folded Peter.,Peter was folded by Tom.
1866,anomalous_AA,anomalous,substance,past,fold,Emma,James,animate,animate,Emma folded James.,James was folded by Emma.,James folded Emma.,Emma was folded by James.
1867,anomalous_AA,anomalous,substance,past,fold,Emma,Lisa,animate,animate,Emma folded Lisa.,Lisa was folded by Emma.,Lisa folded Emma.,Emma was folded by Lisa.
1868,anomalous_AA,anomalous,substance,past,fold,Emma,Tom,animate,animate,Emma folded Tom.,Tom was folded by Emma.,Tom folded Emma.,Emma was folded by Tom.
1869,anomalous_AA,anomalous,substance,past,fold,James,Lisa,animate,animate,James folded Lisa.,Lisa was folded by James.,Lisa folded James.,James was folded by Lisa.
1870,anomalous_AA,anomalous,substance,past,fold,James,Tom,animate,animate,James folded Tom.,Tom was folded by James.,Tom folded James.,James was folded by Tom.
1871,anomalous_AA,anomalous,substance,past,fold,Lisa,Tom,animate,animate,Lisa folded Tom.,Tom was folded by Lisa.,Tom folded Lisa.,Lisa was folded by Tom.
1872,anomalous_AA,anomalous,substance,past,melt,Mary,John,animate,animate,Mary melted John.,John was melted by Mary.,John melted Mary.,Mary was melted by John.
1873,anomalous_AA,anomalous,substance,past,melt,Mary,Anna,animate,animate,Mary melted Anna.,Anna was melted by Mary.,Anna melted Mary.,Mary was melted by Anna.
1874,anomalous_AA,anomalous,substance,past,melt,Mary,David,animate,animate,Mary melted David.,David was melted by Mary.,David melted Mary.,Mary was melted by David.
1875,anomalous_AA,anomalous,substance,past,melt,Mary,Sarah,animate,animate,Mary melted Sarah.,Sarah was melted by Mary.,Sarah melted Mary.,Mary was melted by Sarah.
1876,anomalous_AA,anomalous,substance,past,melt,Mary,Peter,animate,animate,Mary melted Peter.,Peter was melted by Mary.,Peter melted Mary.,Mary was melted by Peter.
1877,anomalous_AA,anomalous,substance,past,melt,Mary,Emma,animate,animate,Mary melted Emma.,Emma was melted by Mary.,Emma melted Mary.,Mary was melted by Emma.
1878,anomalous_AA,anomalous,substance,past,melt,Mary,James,animate,animate,Mary melted James.,James was melted by Mary.,James melted Mary.,Mary was melted by James.
1879,anomalous_AA,anomalous,substance,past,melt,Mary,Lisa,animate,animate,Mary melted Lisa.,Lisa was melted by Mary.,Lisa melted Mary.,Mary was melted by Lisa.
1880,anomalous_AA,anomalous,substance,past,melt,Mary,Tom,animate,animate,Mary melted Tom.,Tom was melted by Mary.,Tom melted Mary.,Mary was melted by Tom.
1881,anomalous_AA,anomalous,substance,past,melt,John,Anna,animate,animate,John melted Anna.,Anna was melted by John.,Anna melted John.,John was melted by Anna.
1882,anomalous_AA,anomalous,substance,past,melt,John,David,animate,animate,John melted David.,David was melted by John.,David melted John.,John was melted by David.
1883,anomalous_AA,anomalous,substance,past,melt,John,Sarah,animate,animate,John melted Sarah.,Sarah was melted by John.,Sarah melted John.,John was melted by Sarah.
1884,anomalous_AA,anomalous,substance,past,melt,John,Peter,animate,animate,John melted Peter.,Peter was melted by John.,Peter melted John.,John was melted by Peter.
1885,anomalous_AA,anomalous,substance,past,melt,John,Emma,animate,animate,John melted Emma.,Emma was melted by John.,Emma melted John.,John was melted by Emma.
1886,anomalous_AA,anomalous,substance,past,melt,John,James,animate,animate,John melted James.,James was melted by John.,James melted John.,John was melted by James.
1887,anomalous_AA,anomalous,substance,past,melt,John,Lisa,animate,animate,John melted Lisa.,Lisa was melted by John.,Lisa melted John.,John was melted by Lisa.
1888,anomalous_AA,anomalous,substance,past,melt,John,Tom,animate,animate,John melted Tom.,Tom was melted by John.,Tom melted John.,John was melted by Tom.
1889,anomalous_AA,anomalous,substance,past,melt,Anna,David,animate,animate,Anna melted David.,David was melted by Anna.,David melted Anna.,Anna was melted by David.
1890,anomalous_AA,anomalous,substance,past,melt,Anna,Sarah,animate,animate,Anna melted Sarah.,Sarah was melted by Anna.,Sarah melted Anna.,Anna was melted by Sarah.
1891,anomalous_AA,anomalous,substance,past,melt,Anna,Peter,animate,animate,Anna melted Peter.,Peter was melted by Anna.,Peter melted Anna.,Anna was melted by Peter.
1892,anomalous_AA,anomalous,substance,past,melt,Anna,Emma,animate,animate,Anna melted Emma.,Emma was melted by Anna.,Emma melted Anna.,Anna was melted by Emma.
1893,anomalous_AA,anomalous,substance,past,melt,Anna,James,animate,animate,Anna melted James.,James was melted by Anna.,James melted Anna.,Anna was melted by James.
1894,anomalous_AA,anomalous,substance,past,melt,Anna,Lisa,animate,animate,Anna melted Lisa.,Lisa was melted by Anna.,Lisa melted Anna.,Anna was melted by Lisa.
1895,anomalous_AA,anomalous,substance,past,melt,Anna,Tom,animate,animate,Anna melted Tom.,Tom was melted by Anna.,Tom melted Anna.,Anna was melted by Tom.
1896,anomalous_AA,anomalous,substance,past,melt,David,Sarah,animate,animate,David melted Sarah.,Sarah was melted by David.,Sarah melted David.,David was melted by Sarah.
1897,anomalous_AA,anomalous,substance,past,melt,David,Peter,animate,animate,David melted Peter.,Peter was melted by David.,Peter melted David.,David was melted by Peter.
1898,anomalous_AA,anomalous,substance,past,melt,David,Emma,animate,animate,David melted Emma.,Emma was melted by David.,Emma melted David.,David was melted by Emma.
1899,anomalous_AA,anomalous,substance,past,melt,David,James,animate,animate,David melted James.,James was melted by David.,James melted David.,David was melted by James.
1900,anomalous_AA,anomalous,substance,past,melt,David,Lisa,animate,animate,David melted Lisa.,Lisa was melted by David.,Lisa melted David.,David was melted by Lisa.
1901,anomalous_AA,anomalous,substance,past,melt,David,Tom,animate,animate,David melted Tom.,Tom was melted by David.,Tom melted David.,David was melted by Tom.
1902,anomalous_AA,anomalous,substance,past,melt,Sarah,Peter,animate,animate,Sarah melted Peter.,Peter was melted by Sarah.,Peter melted Sarah.,Sarah was melted by Peter.
1903,anomalous_AA,anomalous,substance,past,melt,Sarah,Emma,animate,animate,Sarah melted Emma.,Emma was melted by Sarah.,Emma melted Sarah.,Sarah was melted by Emma.
1904,anomalous_AA,anomalous,substance,past,melt,Sarah,James,animate,animate,Sarah melted James.,James was melted by Sarah.,James melted Sarah.,Sarah was melted by James.
1905,anomalous_AA,anomalous,substance,past,melt,Sarah,Lisa,animate,animate,Sarah melted Lisa.,Lisa was melted by Sarah.,Lisa melted Sarah.,Sarah was melted by Lisa.
1906,anomalous_AA,anomalous,substance,past,melt,Sarah,Tom,animate,animate,Sarah melted Tom.,Tom was melted by Sarah.,Tom melted Sarah.,Sarah was melted by Tom.
1907,anomalous_AA,anomalous,substance,past,melt,Peter,Emma,animate,animate,Peter melted Emma.,Emma was melted by Peter.,Emma melted Peter.,Peter was melted by Emma.
1908,anomalous_AA,anomalous,substance,past,melt,Peter,James,animate,animate,Peter melted James.,James was melted by Peter.,James melted Peter.,Peter was melted by James.
1909,anomalous_AA,anomalous,substance,past,melt,Peter,Lisa,animate,animate,Peter melted Lisa.,Lisa was melted by Peter.,Lisa melted Peter.,Peter was melted by Lisa.
1910,anomalous_AA,anomalous,substance,past,melt,Peter,Tom,animate,animate,Peter melted Tom.,Tom was melted by Peter.,Tom melted Peter.,Peter was melted by Tom.
1911,anomalous_AA,anomalous,substance,past,melt,Emma,James,animate,animate,Emma melted James.,James was melted by Emma.,James melted Emma.,Emma was melted by James.
1912,anomalous_AA,anomalous,substance,past,melt,Emma,Lisa,animate,animate,Emma melted Lisa.,Lisa was melted by Emma.,Lisa melted Emma.,Emma was melted by Lisa.
1913,anomalous_AA,anomalous,substance,past,melt,Emma,Tom,animate,animate,Emma melted Tom.,Tom was melted by Emma.,Tom melted Emma.,Emma was melted by Tom.
1914,anomalous_AA,anomalous,substance,past,melt,James,Lisa,animate,animate,James melted Lisa.,Lisa was melted by James.,Lisa melted James.,James was melted by Lisa.
1915,anomalous_AA,anomalous,substance,past,melt,James,Tom,animate,animate,James melted Tom.,Tom was melted by James.,Tom melted James.,James was melted by Tom.
1916,anomalous_AA,anomalous,substance,past,melt,Lisa,Tom,animate,animate,Lisa melted Tom.,Tom was melted by Lisa.,Tom melted Lisa.,Lisa was melted by Tom.
